File Name,Target ID,Gender,Emotion,Mouth,Clarifai Race,Race Confidence,Clarifai Gender,Gender Confidence,Clarifai Age,Age Confidence
01F_AN_O.jpeg,01,F,AN,O,white,0.9744315147399902,masculine,0.5582478046417236,27,0.4702990651130676
01F_CA_C.jpeg,01,F,CA,C,white,0.9858971834182739,feminine,0.9899872541427612,34,0.4807681441307068
01F_CA_O.jpeg,01,F,CA,O,white,0.9937867522239685,feminine,0.9641513228416443,36,0.5154144763946533
01F_DI_C.jpeg,01,F,DI,C,white,0.9947658777236938,feminine,0.6109187602996826,37,0.6425511837005615
01F_DI_O.jpeg,01,F,DI,O,white,0.9578715562820435,feminine,0.9679644107818604,38,0.5878940224647522
01F_FE_C.jpeg,01,F,FE,C,white,0.9943877458572388,feminine,0.8269277215003967,39,0.37101370096206665
01F_FE_O.jpeg,01,F,FE,O,white,0.9958769679069519,feminine,0.9597135186195374,39,0.37790340185165405
01F_HA_C.jpeg,01,F,HA,C,white,0.9809200763702393,feminine,0.9205451011657715,39,0.6347259879112244
01F_HA_O.jpeg,01,F,HA,O,white,0.9939073324203491,feminine,0.9296191930770874,36,0.6420949697494507
01F_HA_X.jpeg,01,F,HA,X,white,0.9908454418182373,feminine,0.9080668687820435,29,0.41883015632629395
01F_NE_C.jpeg,01,F,NE,C,white,0.9864327907562256,feminine,0.8628407716751099,37,0.553566575050354
01F_NE_O.jpeg,01,F,NE,O,white,0.9958087205886841,feminine,0.7642788887023926,39,0.6489124298095703
01F_SA_C.jpeg,01,F,SA,C,white,0.9880466461181641,feminine,0.9418205618858337,37,0.6447818279266357
01F_SA_O.jpeg,01,F,SA,O,white,0.9839355945587158,masculine,0.5987367033958435,45,0.40250343084335327
01F_SP_O.jpeg,01,F,SP,O,white,0.9894142150878906,masculine,0.6342225074768066,27,0.429872989654541
01f_an_c.jpeg,01,f,an,c,white,0.9398440718650818,feminine,0.977186918258667,39,0.6082435846328735
02F_CA_C.jpeg,02,F,CA,C,white,0.9422470331192017,feminine,0.8041526079177856,36,0.559044361114502
02F_FE_C.jpeg,02,F,FE,C,white,0.9860244989395142,feminine,0.9561948776245117,36,0.7063047885894775
02F_FE_O.jpeg,02,F,FE,O,white,0.9964715242385864,feminine,0.9606232643127441,39,0.7310115694999695
02F_HA_C.jpeg,02,F,HA,C,white,0.9228378534317017,feminine,0.964751660823822,39,0.8685606122016907
02F_HA_O.jpeg,02,F,HA,O,white,0.9980064630508423,feminine,0.9901362657546997,39,0.7350035905838013
02F_HA_X.jpeg,02,F,HA,X,white,0.9918029308319092,feminine,0.9420860409736633,38,0.6805686354637146
02F_NE_C.jpeg,02,F,NE,C,white,0.9886014461517334,feminine,0.9831279516220093,36,0.6366723775863647
02F_NE_O.jpeg,02,F,NE,O,white,0.990134596824646,feminine,0.9914635419845581,36,0.6313806772232056
02F_SA_C.jpeg,02,F,SA,C,white,0.9937130212783813,feminine,0.996942400932312,39,0.6121343374252319
02F_SA_O.jpeg,02,F,SA,O,white,0.9900422096252441,feminine,0.9667271375656128,34,0.4516235589981079
02F_SP_O.jpeg,02,F,SP,O,white,0.994397759437561,feminine,0.7902177572250366,34,0.4614965617656708
02f_an_c.jpeg,02,f,an,c,white,0.9880244731903076,feminine,0.8469352722167969,36,0.47586938738822937
02f_an_o.jpeg,02,f,an,o,white,0.9933024048805237,feminine,0.699705958366394,39,0.40232497453689575
02f_ca_o.jpeg,02,f,ca,o,white,0.9745986461639404,feminine,0.6408815979957581,34,0.45722830295562744
02f_di_c.jpeg,02,f,di,c,white,0.9196338653564453,feminine,0.8024832010269165,39,0.6584681272506714
02f_di_o.jpeg,02,f,di,o,white,0.9958295822143555,feminine,0.9112662076950073,37,0.7242584228515625
03F_AN_C.jpeg,03,F,AN,C,"hispanic, latino, or spanish origin",0.38245511054992676,masculine,0.9686640501022339,27,0.4585759937763214
03F_AN_O.jpeg,03,F,AN,O,white,0.5642679929733276,masculine,0.9447048902511597,23,0.6671544313430786
03F_CA_C.jpeg,03,F,CA,C,"hispanic, latino, or spanish origin",0.8844321966171265,masculine,0.8547770977020264,27,0.4650198221206665
03F_CA_O.jpeg,03,F,CA,O,"hispanic, latino, or spanish origin",0.8683925271034241,masculine,0.9504024386405945,27,0.4313233494758606
03F_DI_C.jpeg,03,F,DI,C,"hispanic, latino, or spanish origin",0.5788934230804443,masculine,0.8072839975357056,24,0.5946274399757385
03F_DI_O.jpeg,03,F,DI,O,"hispanic, latino, or spanish origin",0.7524189949035645,masculine,0.9587820768356323,45,0.30014127492904663
03F_FE_O.jpeg,03,F,FE,O,"hispanic, latino, or spanish origin",0.6276518702507019,masculine,0.6888531446456909,27,0.47509002685546875
03F_HA_C.jpeg,03,F,HA,C,"hispanic, latino, or spanish origin",0.9386008381843567,masculine,0.5758707523345947,39,0.6813809871673584
03F_HA_O.jpeg,03,F,HA,O,"hispanic, latino, or spanish origin",0.941939115524292,feminine,0.5476280450820923,39,0.6774314641952515
03F_HA_X.jpeg,03,F,HA,X,"hispanic, latino, or spanish origin",0.857353150844574,feminine,0.5379517674446106,39,0.7028616666793823
03F_NE_C.jpeg,03,F,NE,C,"hispanic, latino, or spanish origin",0.8553870916366577,masculine,0.9506043195724487,24,0.563555121421814
03F_NE_O.jpeg,03,F,NE,O,"hispanic, latino, or spanish origin",0.9040771722793579,masculine,0.8785198926925659,24,0.48619207739830017
03F_SA_C.jpeg,03,F,SA,C,white,0.3208622336387634,masculine,0.7867379188537598,39,0.5613554120063782
03F_SA_O.jpeg,03,F,SA,O,white,0.4801892042160034,masculine,0.9063646793365479,39,0.4636324644088745
03F_SP_O.jpeg,03,F,SP,O,white,0.4962359368801117,masculine,0.6231708526611328,35,0.5255354642868042
05F_AN_C.jpeg,05,F,AN,C,white,0.9412132501602173,masculine,0.9338294267654419,28,0.45609185099601746
05F_AN_O.jpeg,05,F,AN,O,white,0.7271674871444702,masculine,0.5380549430847168,39,0.5354737043380737
05F_CA_C.jpeg,05,F,CA,C,white,0.903808057308197,masculine,0.90425705909729,28,0.4754991829395294
05F_CA_O.jpeg,05,F,CA,O,white,0.9645287394523621,masculine,0.8018182516098022,27,0.5534986853599548
05F_DI_C.jpeg,05,F,DI,C,white,0.5152756571769714,feminine,0.7639472484588623,39,0.46197354793548584
05F_DI_O.jpeg,05,F,DI,O,"hispanic, latino, or spanish origin",0.5168920755386353,masculine,0.9158519506454468,39,0.5026547312736511
05F_FE_C.jpeg,05,F,FE,C,white,0.9215488433837891,masculine,0.8638086318969727,39,0.5895998477935791
05F_FE_O.jpeg,05,F,FE,O,white,0.8700975179672241,masculine,0.9248888492584229,39,0.5666186809539795
05F_HA_C.jpeg,05,F,HA,C,white,0.8338764905929565,feminine,0.7160859107971191,37,0.616840124130249
05F_HA_O.jpeg,05,F,HA,O,white,0.9674584865570068,feminine,0.7698774933815002,39,0.6720173358917236
05F_HA_X.jpeg,05,F,HA,X,white,0.8937205076217651,feminine,0.8823251724243164,39,0.6527320146560669
05F_NE_C.jpeg,05,F,NE,C,white,0.8405649065971375,masculine,0.9853349328041077,27,0.488978773355484
05F_NE_O.jpeg,05,F,NE,O,white,0.9534392356872559,masculine,0.8832405805587769,27,0.490981787443161
05F_SA_C.jpeg,05,F,SA,C,white,0.9301734566688538,masculine,0.9686213135719299,27,0.510837197303772
05F_SA_O.jpeg,05,F,SA,O,white,0.865521252155304,masculine,0.6662924885749817,39,0.6742056608200073
05F_SP_O.jpeg,05,F,SP,O,white,0.847191333770752,masculine,0.9225995540618896,39,0.6494903564453125
06F_AN_C.jpeg,06,F,AN,C,white,0.998356282711029,feminine,0.553857684135437,38,0.6776846647262573
06F_AN_O.jpeg,06,F,AN,O,white,0.9962387084960938,feminine,0.5401263236999512,36,0.5841342210769653
06F_CA_C.jpeg,06,F,CA,C,white,0.9972453713417053,feminine,0.8464404344558716,38,0.6120285987854004
06F_CA_O.jpeg,06,F,CA,O,white,0.9974539279937744,feminine,0.9220528602600098,39,0.6101651191711426
06F_DI_C.jpeg,06,F,DI,C,white,0.9975569248199463,feminine,0.5829393863677979,36,0.6542713642120361
06F_DI_O.jpeg,06,F,DI,O,white,0.998111367225647,feminine,0.511054277420044,36,0.5242254734039307
06F_FE_C.jpeg,06,F,FE,C,white,0.9982215166091919,feminine,0.5291022062301636,36,0.5093541145324707
06F_FE_O.jpeg,06,F,FE,O,white,0.9974632263183594,feminine,0.6334144473075867,39,0.5136718153953552
06F_HA_C.jpeg,06,F,HA,C,white,0.9931474328041077,feminine,0.9695239067077637,36,0.6549900770187378
06F_HA_O.jpeg,06,F,HA,O,white,0.9979989528656006,feminine,0.9599246978759766,38,0.6577043533325195
06F_HA_X.jpeg,06,F,HA,X,white,0.9969179630279541,feminine,0.8934227824211121,36,0.47254064679145813
06F_NE_C.jpeg,06,F,NE,C,white,0.9959876537322998,feminine,0.9493868350982666,39,0.6665305495262146
06F_NE_O.jpeg,06,F,NE,O,white,0.9976333379745483,feminine,0.9362719058990479,39,0.6606317162513733
06F_SA_C.jpeg,06,F,SA,C,white,0.9740772247314453,masculine,0.6219553351402283,48,0.4489765763282776
06F_SA_O.jpeg,06,F,SA,O,white,0.9882818460464478,feminine,0.5343735814094543,50,0.5654212236404419
06F_SP_O.jpeg,06,F,SP,O,white,0.9975402355194092,feminine,0.8017128109931946,39,0.5740841031074524
07F_AN_C.jpeg,07,F,AN,C,white,0.8381199240684509,feminine,0.9063107371330261,57,0.3290209174156189
07F_AN_O.jpeg,07,F,AN,O,white,0.970435380935669,feminine,0.9848442077636719,28,0.403735876083374
07F_CA_C.jpeg,07,F,CA,C,white,0.938717782497406,feminine,0.9338943362236023,36,0.5306556820869446
07F_CA_O.jpeg,07,F,CA,O,white,0.9331784248352051,masculine,0.7814502716064453,39,0.6790527105331421
07F_DI_O.jpeg,07,F,DI,O,white,0.8909518718719482,feminine,0.9954952001571655,60,0.5442475080490112
07F_FE_C.jpeg,07,F,FE,C,white,0.8322432637214661,feminine,0.8664814233779907,45,0.3463420271873474
07F_FE_O.jpeg,07,F,FE,O,white,0.9528417587280273,feminine,0.9807394742965698,40,0.3706982731819153
07F_HA_C.jpeg,07,F,HA,C,white,0.938961386680603,feminine,0.995464563369751,39,0.6772915124893188
07F_HA_O.jpeg,07,F,HA,O,white,0.9657149910926819,feminine,0.9980253577232361,39,0.5818079113960266
07F_HA_X.jpeg,07,F,HA,X,white,0.9868597984313965,feminine,0.9987565279006958,39,0.3837156295776367
07F_NE_C.jpeg,07,F,NE,C,white,0.9201059341430664,feminine,0.9313037395477295,36,0.5401227474212646
07F_NE_O.jpeg,07,F,NE,O,white,0.9013029336929321,feminine,0.9845811128616333,39,0.5538065433502197
07F_SA_C.jpeg,07,F,SA,C,white,0.8272212743759155,feminine,0.8811017870903015,39,0.5600600838661194
07F_SA_O.jpeg,07,F,SA,O,white,0.9097216129302979,feminine,0.7544835805892944,63,0.3877881169319153
07F_SP_O.jpeg,07,F,SP,O,white,0.9777235984802246,feminine,0.9537221193313599,36,0.5224788188934326
08F_AN_C.jpeg,08,F,AN,C,white,0.9392108917236328,masculine,0.9877887964248657,39,0.6350787878036499
08F_AN_O.jpeg,08,F,AN,O,white,0.6191656589508057,masculine,0.9645291566848755,36,0.5505694150924683
08F_CA_C.jpeg,08,F,CA,C,white,0.580909788608551,masculine,0.9591028690338135,36,0.4778619110584259
08F_DI_C.jpeg,08,F,DI,C,white,0.7930538654327393,masculine,0.5477156639099121,56,0.3848845362663269
08F_DI_O.jpeg,08,F,DI,O,"hispanic, latino, or spanish origin",0.4199451804161072,masculine,0.8068837523460388,39,0.38400882482528687
08F_FE_C.jpeg,08,F,FE,C,white,0.9615313410758972,feminine,0.5511385798454285,39,0.704201340675354
08F_FE_O.jpeg,08,F,FE,O,white,0.9180854558944702,masculine,0.7783809900283813,36,0.4153141975402832
08F_HA_C.jpeg,08,F,HA,C,white,0.7462549209594727,feminine,0.7600605487823486,39,0.5113086104393005
08F_HA_O.jpeg,08,F,HA,O,white,0.9870723485946655,feminine,0.6091681718826294,39,0.5443903207778931
08F_HA_X.jpeg,08,F,HA,X,white,0.9185419082641602,feminine,0.9411512017250061,39,0.5277745723724365
08F_NE_C.jpeg,08,F,NE,C,white,0.8318153619766235,masculine,0.722759485244751,36,0.55145263671875
08F_NE_O.jpeg,08,F,NE,O,white,0.9333804845809937,masculine,0.5037813782691956,39,0.5602104067802429
08F_SA_C.jpeg,08,F,SA,C,white,0.9047104120254517,masculine,0.5227408409118652,37,0.5140916109085083
08F_SA_O.jpeg,08,F,SA,O,white,0.9233792424201965,masculine,0.5028964281082153,39,0.6363887786865234
08F_SP_O.jpeg,08,F,SP,O,white,0.9195126295089722,masculine,0.651409924030304,36,0.5718868970870972
09F_AN_C.jpeg,09,F,AN,C,white,0.9616669416427612,feminine,0.9523282051086426,39,0.6170424818992615
09F_AN_O.jpeg,09,F,AN,O,white,0.9835437536239624,feminine,0.9899243712425232,37,0.6804754734039307
09F_CA_C.jpeg,09,F,CA,C,white,0.9267642498016357,feminine,0.8317500352859497,39,0.7319890260696411
09F_CA_O.jpeg,09,F,CA,O,white,0.8529787063598633,feminine,0.9236582517623901,39,0.6301106810569763
09F_DI_C.jpeg,09,F,DI,C,white,0.9761306643486023,feminine,0.9823899269104004,37,0.5942999720573425
09F_DI_O.jpeg,09,F,DI,O,white,0.9616680145263672,feminine,0.9929718375205994,39,0.5274486541748047
09F_FE_C.jpeg,09,F,FE,C,white,0.6035844087600708,feminine,0.9818476438522339,57,0.6020387411117554
09F_FE_O.jpeg,09,F,FE,O,white,0.8413577079772949,feminine,0.9442918300628662,64,0.42318302392959595
09F_HA_C.jpeg,09,F,HA,C,white,0.9716991186141968,feminine,0.9234849810600281,39,0.6306333541870117
09F_HA_O.jpeg,09,F,HA,O,white,0.9658530950546265,feminine,0.9585964679718018,39,0.5899505615234375
09F_HA_X.jpeg,09,F,HA,X,white,0.9147818088531494,feminine,0.9955353140830994,48,0.434040367603302
09F_NE_C.jpeg,09,F,NE,C,white,0.9730991125106812,feminine,0.9895324110984802,39,0.6935245990753174
09F_NE_O.jpeg,09,F,NE,O,white,0.9618128538131714,feminine,0.9401639699935913,39,0.710221529006958
09F_SA_C.jpeg,09,F,SA,C,white,0.9342644214630127,feminine,0.9609984159469604,57,0.6843388080596924
09F_SA_O.jpeg,09,F,SA,O,white,0.8435357809066772,feminine,0.9798501133918762,56,0.6439851522445679
09F_SP_O.jpeg,09,F,SP,O,white,0.8957185745239258,feminine,0.9498009085655212,37,0.5889984369277954
10F_AN_C.jpeg,10,F,AN,C,white,0.958356499671936,feminine,0.6340104341506958,45,0.4188544750213623
10F_AN_O.jpeg,10,F,AN,O,white,0.9878899455070496,feminine,0.9230026602745056,45,0.43415114283561707
10F_CA_C.jpeg,10,F,CA,C,white,0.9915933609008789,feminine,0.945198118686676,27,0.5822643041610718
10F_CA_O.jpeg,10,F,CA,O,white,0.9781279563903809,feminine,0.9858925938606262,37,0.5822397470474243
10F_DI_C.jpeg,10,F,DI,C,white,0.9624819159507751,feminine,0.8972943425178528,38,0.6659393906593323
10F_DI_O.jpeg,10,F,DI,O,white,0.9582404494285583,feminine,0.6731898188591003,55,0.3076230585575104
10F_FE_C.jpeg,10,F,FE,C,white,0.9217557907104492,feminine,0.6754598617553711,50,0.6526341438293457
10F_FE_O.jpeg,10,F,FE,O,white,0.9178828001022339,feminine,0.6629188060760498,55,0.511003851890564
10F_HA_C.jpeg,10,F,HA,C,white,0.938307523727417,feminine,0.950890064239502,36,0.3730030655860901
10F_HA_O.jpeg,10,F,HA,O,white,0.9853490591049194,feminine,0.928479790687561,36,0.47676652669906616
10F_NE_C.jpeg,10,F,NE,C,white,0.9928057193756104,feminine,0.8730850219726562,28,0.5175505876541138
10F_NE_O.jpeg,10,F,NE,O,white,0.9918331503868103,feminine,0.9549877047538757,36,0.507046103477478
10F_SA_C.jpeg,10,F,SA,C,white,0.9847277998924255,feminine,0.6443711519241333,48,0.564262866973877
10F_SA_O.jpeg,10,F,SA,O,white,0.9724705219268799,masculine,0.8441122174263,49,0.3489384651184082
10F_SP_O.jpeg,10,F,SP,O,white,0.9328303337097168,feminine,0.6804444789886475,36,0.5353144407272339
11F_AN_C.jpeg,11,F,AN,C,black or african american,0.9995607733726501,feminine,0.9043296575546265,50,0.44394534826278687
11F_AN_O.jpeg,11,F,AN,O,black or african american,0.9954062104225159,feminine,0.7742589116096497,35,0.2779199481010437
11F_CA_C.jpeg,11,F,CA,C,black or african american,0.9989532828330994,masculine,0.5829786062240601,36,0.46373897790908813
11F_CA_O.jpeg,11,F,CA,O,black or african american,0.9999792575836182,masculine,0.7904798984527588,39,0.4291161596775055
11F_DI_C.jpeg,11,F,DI,C,black or african american,0.999946653842926,feminine,0.9703257083892822,36,0.5806964635848999
11F_DI_O.jpeg,11,F,DI,O,black or african american,0.9987795948982239,feminine,0.9979271292686462,36,0.42235898971557617
11F_FE_C.jpeg,11,F,FE,C,black or african american,0.9992288947105408,masculine,0.6258260011672974,36,0.457520067691803
11F_FE_O.jpeg,11,F,FE,O,black or african american,0.9974333643913269,masculine,0.6566053628921509,36,0.3924378752708435
11F_HA_C.jpeg,11,F,HA,C,black or african american,0.999895453453064,feminine,0.5310980081558228,23,0.4353122115135193
11F_HA_O.jpeg,11,F,HA,O,black or african american,0.9996870160102844,feminine,0.9319837093353271,37,0.5974569320678711
11F_HA_X.jpeg,11,F,HA,X,black or african american,0.9969758987426758,feminine,0.8677105903625488,39,0.40704724192619324
11F_NE_C.jpeg,11,F,NE,C,black or african american,0.9818837642669678,masculine,0.5265233516693115,27,0.450747549533844
11F_NE_O.jpeg,11,F,NE,O,black or african american,0.9994048476219177,masculine,0.5943143963813782,36,0.4183656573295593
11F_SA_C.jpeg,11,F,SA,C,black or african american,0.9941434860229492,masculine,0.7159618139266968,35,0.45185863971710205
11F_SA_O.jpeg,11,F,SA,O,black or african american,0.9999407529830933,feminine,0.7879993915557861,39,0.5292543172836304
11F_SP_O.jpeg,11,F,SP,O,black or african american,0.9998264312744141,masculine,0.679930567741394,24,0.4646379351615906
12F_AN_C.jpeg,12,F,AN,C,black or african american,0.9942070245742798,masculine,0.614832878112793,39,0.5540677309036255
12F_AN_O.jpeg,12,F,AN,O,black or african american,0.9942540526390076,feminine,0.7154663801193237,23,0.40843796730041504
12F_CA_C.jpeg,12,F,CA,C,black or african american,0.9977226257324219,feminine,0.5409923791885376,23,0.757004976272583
12F_CA_O.jpeg,12,F,CA,O,black or african american,0.9906784892082214,feminine,0.8581668734550476,23,0.7102683186531067
12F_DI_C.jpeg,12,F,DI,C,black or african american,0.993751585483551,feminine,0.9779647588729858,24,0.38243287801742554
12F_DI_O.jpeg,12,F,DI,O,black or african american,0.9962708950042725,feminine,0.9363342523574829,39,0.4842400550842285
12F_FE_C.jpeg,12,F,FE,C,black or african american,0.9983150959014893,feminine,0.8373364210128784,36,0.498926043510437
12F_FE_O.jpeg,12,F,FE,O,black or african american,0.9989645481109619,masculine,0.5728331208229065,23,0.6042311191558838
12F_HA_C.jpeg,12,F,HA,C,black or african american,0.9988300204277039,feminine,0.7413829565048218,36,0.4227045178413391
12F_HA_O.jpeg,12,F,HA,O,black or african american,0.9958404302597046,feminine,0.9641878604888916,36,0.4125547409057617
12F_HA_X.jpeg,12,F,HA,X,black or african american,0.9993960857391357,feminine,0.9229441285133362,36,0.4568166732788086
12F_NE_C.jpeg,12,F,NE,C,black or african american,0.9980466961860657,feminine,0.5518252849578857,23,0.6862281560897827
12F_NE_O.jpeg,12,F,NE,O,black or african american,0.9978523254394531,masculine,0.5246505737304688,23,0.6785284876823425
12F_SA_C.jpeg,12,F,SA,C,black or african american,0.995840311050415,feminine,0.5592963099479675,23,0.5395878553390503
12F_SA_O.jpeg,12,F,SA,O,black or african american,0.99895179271698,feminine,0.895432710647583,23,0.5645827054977417
12F_SP_O.jpeg,12,F,SP,O,black or african american,0.9995750784873962,masculine,0.7214914560317993,23,0.7432962656021118
13F_AN_C.jpeg,13,F,AN,C,black or african american,0.41737934947013855,feminine,0.858542799949646,36,0.520734429359436
13F_AN_O.jpeg,13,F,AN,O,black or african american,0.7475744485855103,feminine,0.8267242908477783,39,0.5808206796646118
13F_CA_C.jpeg,13,F,CA,C,black or african american,0.950853705406189,feminine,0.9813524484634399,36,0.5780153870582581
13F_CA_O.jpeg,13,F,CA,O,black or african american,0.9507595896720886,feminine,0.9542893171310425,27,0.4693620800971985
13F_DI_C.jpeg,13,F,DI,C,black or african american,0.6245436668395996,feminine,0.9619389176368713,40,0.5474489331245422
13F_DI_O.jpeg,13,F,DI,O,"hispanic, latino, or spanish origin",0.18783938884735107,feminine,0.6384509801864624,45,0.5671755075454712
13F_FE_C.jpeg,13,F,FE,C,black or african american,0.3975635766983032,feminine,0.7737990617752075,36,0.5152310132980347
13F_FE_O.jpeg,13,F,FE,O,black or african american,0.39787036180496216,feminine,0.5524076223373413,35,0.5145635008811951
13F_HA_C.jpeg,13,F,HA,C,black or african american,0.9970360994338989,feminine,0.9788885116577148,39,0.6012001633644104
13F_HA_O.jpeg,13,F,HA,O,black or african american,0.9926527738571167,feminine,0.9933551549911499,40,0.6849905252456665
13F_HA_X.jpeg,13,F,HA,X,black or african american,0.9571720957756042,feminine,0.989638090133667,44,0.4608042240142822
13F_NE_C.jpeg,13,F,NE,C,black or african american,0.9508981108665466,feminine,0.9929322004318237,36,0.5725603103637695
13F_NE_O.jpeg,13,F,NE,O,black or african american,0.9759811758995056,feminine,0.9914016723632812,36,0.5123951435089111
13F_SA_C.jpeg,13,F,SA,C,"hispanic, latino, or spanish origin",0.4081932306289673,feminine,0.9382830858230591,39,0.5571681261062622
13F_SA_O.jpeg,13,F,SA,O,black or african american,0.4488224387168884,feminine,0.688470721244812,55,0.5668590068817139
13F_SP_O.jpeg,13,F,SP,O,"hispanic, latino, or spanish origin",0.20062240958213806,masculine,0.5010064840316772,34,0.49396294355392456
14F_AN_C.jpeg,14,F,AN,C,black or african american,0.9962127804756165,feminine,0.8605198860168457,45,0.5947380065917969
14F_AN_O.jpeg,14,F,AN,O,black or african american,0.9589378833770752,feminine,0.9446470737457275,47,0.6340938806533813
14F_CA_C.jpeg,14,F,CA,C,black or african american,0.9999512434005737,masculine,0.9978864192962646,39,0.5387054681777954
14F_CA_O.jpeg,14,F,CA,O,black or african american,0.9998788833618164,masculine,0.9938697218894958,39,0.3866228759288788
14F_DI_C.jpeg,14,F,DI,C,black or african american,0.7329943180084229,feminine,0.7467359304428101,64,0.7420837879180908
14F_DI_O.jpeg,14,F,DI,O,black or african american,0.9852468967437744,feminine,0.5727406740188599,55,0.5879760384559631
14F_FE_C.jpeg,14,F,FE,C,black or african american,0.5355206727981567,masculine,0.8287073373794556,51,0.453399121761322
14F_FE_O.jpeg,14,F,FE,O,black or african american,0.5554730892181396,masculine,0.8759512901306152,45,0.45091062784194946
14F_HA_C.jpeg,14,F,HA,C,black or african american,0.9999257326126099,masculine,0.7202789783477783,55,0.726547360420227
14F_HA_O.jpeg,14,F,HA,O,black or african american,0.9999868273735046,masculine,0.6203038692474365,39,0.5226927995681763
14F_HA_X.jpeg,14,F,HA,X,black or african american,0.9999692440032959,feminine,0.6468507051467896,45,0.5484651327133179
14F_NE_C.jpeg,14,F,NE,C,black or african american,0.9999792575836182,masculine,0.9932504892349243,39,0.46435755491256714
14F_NE_O.jpeg,14,F,NE,O,black or african american,0.9999465346336365,masculine,0.9882018566131592,39,0.4300815761089325
14F_SA_C.jpeg,14,F,SA,C,black or african american,0.999880313873291,masculine,0.9677428007125854,39,0.49985891580581665
14F_SA_O.jpeg,14,F,SA,O,black or african american,0.9844907522201538,masculine,0.907338559627533,55,0.5015885829925537
14F_SP_O.jpeg,14,F,SP,O,black or african american,0.8497277498245239,masculine,0.9823663234710693,24,0.41839903593063354
15F_AN_C.jpeg,15,F,AN,C,asian,0.9999800324440002,feminine,0.9728328585624695,39,0.5384951829910278
15F_AN_O.jpeg,15,F,AN,O,asian,0.9997554421424866,feminine,0.9456738233566284,39,0.5561470985412598
15F_CA_C.jpeg,15,F,CA,C,asian,0.9997216463088989,feminine,0.8514865636825562,36,0.6320619583129883
15F_CA_O.jpeg,15,F,CA,O,asian,0.9997146129608154,feminine,0.9120514392852783,36,0.5694894790649414
15F_DI_C.jpeg,15,F,DI,C,asian,0.9993559718132019,feminine,0.9232177734375,39,0.5482892990112305
15F_DI_O.jpeg,15,F,DI,O,asian,0.9991587996482849,feminine,0.8332098722457886,39,0.48121213912963867
15F_FE_C.jpeg,15,F,FE,C,asian,0.9999395608901978,feminine,0.9812465310096741,39,0.7047129273414612
15F_FE_O.jpeg,15,F,FE,O,asian,0.9996148347854614,feminine,0.8657814264297485,39,0.6570541858673096
15F_HA_C.jpeg,15,F,HA,C,asian,0.9999115467071533,feminine,0.9982715249061584,39,0.7393065690994263
15F_HA_O.jpeg,15,F,HA,O,asian,0.9998128414154053,feminine,0.9987764358520508,39,0.47430020570755005
15F_HA_X.jpeg,15,F,HA,X,asian,0.9999417662620544,feminine,0.9978257417678833,38,0.6711077690124512
15F_NE_C.jpeg,15,F,NE,C,asian,0.9999121427536011,feminine,0.9277350306510925,36,0.5682874321937561
15F_NE_O.jpeg,15,F,NE,O,asian,0.9998036026954651,feminine,0.9061816930770874,36,0.5511738061904907
15F_SA_C.jpeg,15,F,SA,C,asian,0.9998862743377686,feminine,0.9914188385009766,38,0.6569938063621521
15F_SA_O.jpeg,15,F,SA,O,asian,0.9997148513793945,feminine,0.9020611047744751,45,0.5363209247589111
15F_SP_C.jpeg,15,F,SP,C,asian,0.999879002571106,feminine,0.8720593452453613,38,0.6963868737220764
15F_SP_O.jpeg,15,F,SP,O,asian,0.9999234676361084,feminine,0.7020381689071655,39,0.6393644213676453
16F_AN_C.jpeg,16,F,AN,C,asian,0.998866081237793,masculine,0.8228129148483276,39,0.5228052139282227
16F_AN_O.jpeg,16,F,AN,O,asian,0.9957756996154785,feminine,0.8072513341903687,51,0.48925676941871643
16F_CA_C.jpeg,16,F,CA,C,asian,0.9999139308929443,feminine,0.8567724227905273,39,0.5153520107269287
16F_CA_O.jpeg,16,F,CA,O,asian,0.9998092651367188,masculine,0.6699100732803345,39,0.5998740196228027
16F_DI_C.jpeg,16,F,DI,C,asian,0.9058496952056885,masculine,0.5233465433120728,39,0.4216386675834656
16F_DI_O.jpeg,16,F,DI,O,asian,0.9924972057342529,feminine,0.7267239093780518,45,0.4515993595123291
16F_FE_C.jpeg,16,F,FE,C,asian,0.9999319314956665,feminine,0.9388337135314941,39,0.6486189365386963
16F_FE_O.jpeg,16,F,FE,O,asian,0.9999104738235474,masculine,0.6406493186950684,39,0.38450026512145996
16F_HA_C.jpeg,16,F,HA,C,asian,0.9944270849227905,feminine,0.6313832998275757,41,0.7014572620391846
16F_HA_O.jpeg,16,F,HA,O,asian,0.9966850280761719,feminine,0.8387817144393921,40,0.7384608387947083
16F_HA_X.jpeg,16,F,HA,X,asian,0.9916626214981079,feminine,0.8313965201377869,41,0.5520894527435303
16F_NE_C.jpeg,16,F,NE,C,asian,0.9999350309371948,feminine,0.8415055871009827,39,0.6940140724182129
16F_NE_O.jpeg,16,F,NE,O,asian,0.9999905228614807,feminine,0.6580641269683838,39,0.6246418952941895
16F_SA_C.jpeg,16,F,SA,C,asian,0.9999086856842041,feminine,0.6216936707496643,39,0.5535633563995361
16F_SA_O.jpeg,16,F,SA,O,asian,0.9999926090240479,masculine,0.5736165046691895,39,0.5631827116012573
16F_SP_O.jpeg,16,F,SP,O,asian,0.9998488426208496,masculine,0.8457546830177307,45,0.40393370389938354
17F_AN_C.jpeg,17,F,AN,C,asian,0.8259152173995972,feminine,0.9265540838241577,36,0.5997035503387451
17F_AN_O.jpeg,17,F,AN,O,asian,0.8371410369873047,feminine,0.7355332374572754,36,0.4487210512161255
17F_CA_C.jpeg,17,F,CA,C,asian,0.9932917356491089,feminine,0.9872259497642517,36,0.5127362012863159
17F_CA_O.jpeg,17,F,CA,O,asian,0.992083728313446,feminine,0.5112323760986328,36,0.587695837020874
17F_DI_C.jpeg,17,F,DI,C,asian,0.9756914377212524,feminine,0.8928060531616211,36,0.5391957759857178
17F_DI_O.jpeg,17,F,DI,O,asian,0.9980188608169556,feminine,0.9457181692123413,39,0.4442143440246582
17F_FE_O.jpeg,17,F,FE,O,asian,0.9858908653259277,masculine,0.66584312915802,39,0.6450802087783813
17F_HA_C.jpeg,17,F,HA,C,asian,0.9808093309402466,feminine,0.8827980160713196,36,0.6002442240715027
17F_HA_O.jpeg,17,F,HA,O,asian,0.9800305366516113,feminine,0.9250719547271729,37,0.6399495005607605
17F_HA_X.jpeg,17,F,HA,X,asian,0.9779313206672668,feminine,0.9158512353897095,39,0.5524507761001587
17F_NE_C.jpeg,17,F,NE,C,asian,0.996817946434021,feminine,0.9934788942337036,36,0.49881216883659363
17F_NE_O.jpeg,17,F,NE,O,asian,0.9978914260864258,feminine,0.9819625616073608,36,0.4315483570098877
17F_SA_C.jpeg,17,F,SA,C,asian,0.985037624835968,feminine,0.900216817855835,35,0.44868820905685425
17F_SP_O.jpeg,17,F,SP,O,asian,0.9839255213737488,masculine,0.5835577249526978,36,0.5668066740036011
18F_AN_C.jpeg,18,F,AN,C,asian,0.9738383293151855,masculine,0.9635212421417236,27,0.5324783325195312
18F_AN_O.jpeg,18,F,AN,O,asian,0.44353577494621277,feminine,0.7702274322509766,24,0.3833869695663452
18F_CA_C.jpeg,18,F,CA,C,"hispanic, latino, or spanish origin",0.4704810082912445,feminine,0.6930674910545349,36,0.5202547907829285
18F_CA_O.jpeg,18,F,CA,O,asian,0.9166088104248047,masculine,0.6449285745620728,29,0.45233261585235596
18F_DI_C.jpeg,18,F,DI,C,asian,0.9322068691253662,masculine,0.8406910300254822,37,0.6573352217674255
18F_DI_O.jpeg,18,F,DI,O,asian,0.9933750629425049,feminine,0.7234416604042053,37,0.5751339793205261
18F_FE_C.jpeg,18,F,FE,C,asian,0.40517884492874146,masculine,0.9317372441291809,36,0.5333468317985535
18F_FE_O.jpeg,18,F,FE,O,asian,0.8836524486541748,masculine,0.8901337385177612,36,0.5848106741905212
18F_HA_C.jpeg,18,F,HA,C,asian,0.9893108010292053,feminine,0.8643439412117004,37,0.6850258111953735
18F_HA_O.jpeg,18,F,HA,O,asian,0.969778299331665,feminine,0.9693660736083984,36,0.6137056350708008
18F_HA_X.jpeg,18,F,HA,X,asian,0.9365332126617432,feminine,0.8810085654258728,37,0.5385768413543701
18F_NE_C.jpeg,18,F,NE,C,asian,0.9631373286247253,feminine,0.6898772716522217,36,0.46891123056411743
18F_NE_O.jpeg,18,F,NE,O,asian,0.9862790703773499,feminine,0.889767050743103,28,0.4886566400527954
18F_SA_C.jpeg,18,F,SA,C,asian,0.9962865710258484,masculine,0.5315086841583252,36,0.5893336534500122
18F_SA_O.jpeg,18,F,SA,O,asian,0.9863511323928833,masculine,0.7439828515052795,36,0.4331807494163513
18F_SP_O.jpeg,18,F,SP,O,asian,0.974362850189209,masculine,0.7620269060134888,27,0.5104012489318848
19F_AN_C.jpeg,19,F,AN,C,asian,0.9994887113571167,masculine,0.8936383128166199,39,0.4026249349117279
19F_AN_O.jpeg,19,F,AN,O,asian,0.9364520311355591,feminine,0.7998104095458984,45,0.45892852544784546
19F_CA_C.jpeg,19,F,CA,C,asian,0.9959572553634644,feminine,0.7895934581756592,36,0.4349146783351898
19F_CA_O.jpeg,19,F,CA,O,asian,0.9999481439590454,feminine,0.5924938917160034,36,0.4007016122341156
19F_DI_C.jpeg,19,F,DI,C,asian,0.9898950457572937,feminine,0.8370339870452881,39,0.5670369863510132
19F_DI_O.jpeg,19,F,DI,O,asian,0.9974555373191833,masculine,0.520492672920227,47,0.4920690655708313
19F_FE_O.jpeg,19,F,FE,O,asian,0.9967926740646362,feminine,0.5029218196868896,49,0.37245655059814453
19F_HA_C.jpeg,19,F,HA,C,asian,0.9993290901184082,feminine,0.9096806049346924,39,0.5985026955604553
19F_HA_O.jpeg,19,F,HA,O,asian,0.988876461982727,feminine,0.9517496228218079,39,0.6778653860092163
19F_HA_X.jpeg,19,F,HA,X,asian,0.9846482872962952,feminine,0.9531430602073669,39,0.6168065071105957
19F_NE_C.jpeg,19,F,NE,C,asian,0.9999948740005493,feminine,0.9640434384346008,36,0.4867083430290222
19F_NE_O.jpeg,19,F,NE,O,asian,0.999994158744812,masculine,0.7077529430389404,28,0.5029822587966919
19F_SA_C.jpeg,19,F,SA,C,asian,0.9996159076690674,masculine,0.6125249862670898,39,0.4020140767097473
19F_SA_O.jpeg,19,F,SA,O,asian,0.9998656511306763,masculine,0.6623908877372742,39,0.4864024519920349
19F_SP_O.jpeg,19,F,SP,O,asian,0.9999489784240723,masculine,0.7730851173400879,28,0.4646335244178772
20M_AN_C.jpeg,20,M,AN,C,white,0.9957969188690186,masculine,0.9997655153274536,40,0.7618743777275085
20M_AN_O.jpeg,20,M,AN,O,white,0.9389235377311707,masculine,0.9985361695289612,44,0.4110141396522522
20M_CA_C.jpeg,20,M,CA,C,white,0.9798126220703125,masculine,0.999714732170105,39,0.6736865043640137
20M_CA_O.jpeg,20,M,CA,O,white,0.97617107629776,masculine,0.9999305009841919,39,0.7695466876029968
20M_DI_O.jpeg,20,M,DI,O,white,0.8731224536895752,masculine,0.9998325109481812,39,0.5404337644577026
20M_FE_C.jpeg,20,M,FE,C,white,0.9709827899932861,masculine,0.9990870952606201,41,0.6768714189529419
20M_FE_O.jpeg,20,M,FE,O,white,0.9628784656524658,masculine,0.9996962547302246,41,0.6203457117080688
20M_HA_C.jpeg,20,M,HA,C,white,0.9901248812675476,masculine,0.9910522699356079,45,0.6694059371948242
20M_HA_O.jpeg,20,M,HA,O,white,0.9978983402252197,masculine,0.9986629486083984,44,0.546209454536438
20M_HA_X.jpeg,20,M,HA,X,white,0.9742053747177124,masculine,0.9967270493507385,44,0.5358889698982239
20M_NE_C.jpeg,20,M,NE,C,white,0.9939801692962646,masculine,0.9998271465301514,39,0.7271163463592529
20M_NE_O.jpeg,20,M,NE,O,white,0.9768276214599609,masculine,0.9998128414154053,39,0.7621254920959473
20M_SA_C.jpeg,20,M,SA,C,white,0.962317943572998,masculine,0.9999510049819946,41,0.677331268787384
20M_SA_O.jpeg,20,M,SA,O,white,0.9050817489624023,masculine,0.999877393245697,45,0.6971472501754761
20M_SP_O.jpeg,20,M,SP,O,white,0.9840102195739746,masculine,0.9997606873512268,39,0.6652479767799377
21M_AN_C.jpeg,21,M,AN,C,white,0.9766061305999756,masculine,0.9915945529937744,39,0.7263351678848267
21M_AN_O.jpeg,21,M,AN,O,white,0.9718002080917358,masculine,0.9751837253570557,39,0.6440036296844482
21M_CA_C.jpeg,21,M,CA,C,white,0.9891456365585327,masculine,0.995267391204834,37,0.7524409294128418
21M_CA_O.jpeg,21,M,CA,O,white,0.981696367263794,masculine,0.9896295070648193,37,0.779828667640686
21M_DI_C.jpeg,21,M,DI,C,white,0.6772993206977844,masculine,0.9761040806770325,44,0.6925378441810608
21M_DI_O.jpeg,21,M,DI,O,white,0.8995281457901001,masculine,0.9734342098236084,39,0.5383493900299072
21M_FE_C.jpeg,21,M,FE,C,white,0.9722276926040649,masculine,0.9900956153869629,39,0.47718366980552673
21M_FE_O.jpeg,21,M,FE,O,white,0.9882124066352844,masculine,0.9982496500015259,39,0.6459064483642578
21M_HA_C.jpeg,21,M,HA,C,white,0.9825596213340759,masculine,0.9919092655181885,39,0.6137212514877319
21M_HA_O.jpeg,21,M,HA,O,white,0.9749858379364014,masculine,0.992158055305481,39,0.542434573173523
21M_HA_X.jpeg,21,M,HA,X,white,0.9894301891326904,masculine,0.9966520071029663,45,0.47834256291389465
21M_NE_C.jpeg,21,M,NE,C,white,0.9844177961349487,masculine,0.9927034378051758,37,0.7611392736434937
21M_NE_O.jpeg,21,M,NE,O,white,0.9886348247528076,masculine,0.9941481351852417,37,0.7459577322006226
21M_SA_C.jpeg,21,M,SA,C,white,0.9511386156082153,masculine,0.9864941239356995,39,0.635331928730011
21M_SA_O.jpeg,21,M,SA,O,white,0.9896300435066223,masculine,0.9944162368774414,39,0.7031179666519165
21M_SP_O.jpeg,21,M,SP,O,white,0.9795148372650146,masculine,0.9985525608062744,36,0.626362681388855
22M_AN_C.jpeg,22,M,AN,C,white,0.978692889213562,masculine,0.9949684143066406,39,0.3737742304801941
22M_AN_O.jpeg,22,M,AN,O,white,0.9966661334037781,masculine,0.9860899448394775,27,0.6113951802253723
22M_CA_C.jpeg,22,M,CA,C,white,0.9616411924362183,masculine,0.9999165534973145,24,0.6255385875701904
22M_CA_O.jpeg,22,M,CA,O,white,0.8043211698532104,masculine,0.9999197721481323,27,0.5987177491188049
22M_DI_C.jpeg,22,M,DI,C,white,0.9792757034301758,masculine,0.9972150325775146,27,0.46651506423950195
22M_DI_O.jpeg,22,M,DI,O,white,0.884899377822876,masculine,0.9881534576416016,27,0.45491814613342285
22M_FE_C.jpeg,22,M,FE,C,white,0.9876760244369507,masculine,0.9995337128639221,39,0.4612768590450287
22M_FE_O.jpeg,22,M,FE,O,white,0.9662083983421326,masculine,0.9540308713912964,27,0.5398865938186646
22M_HA_C.jpeg,22,M,HA,C,white,0.9962297081947327,masculine,0.9994275569915771,27,0.5462085008621216
22M_HA_O.jpeg,22,M,HA,O,white,0.9940084218978882,masculine,0.9992603659629822,27,0.5368965864181519
22M_HA_X.jpeg,22,M,HA,X,white,0.9952747821807861,masculine,0.9958611130714417,27,0.5846850275993347
22M_NE_C.jpeg,22,M,NE,C,white,0.8823407292366028,masculine,0.9997199773788452,27,0.6156251430511475
22M_NE_O.jpeg,22,M,NE,O,white,0.8385058045387268,masculine,0.9999529123306274,27,0.5873716473579407
22M_SA_C.jpeg,22,M,SA,C,white,0.9750604033470154,masculine,0.9996684789657593,27,0.544291615486145
22M_SA_O.jpeg,22,M,SA,O,white,0.9222527742385864,masculine,0.999949038028717,27,0.6172308921813965
22M_SP_C.jpeg,22,M,SP,C,white,0.9685219526290894,masculine,0.9997659921646118,27,0.5182501673698425
22M_SP_O.jpeg,22,M,SP,O,white,0.9501358270645142,masculine,0.9998093843460083,27,0.6487209796905518
23M_AN_C.jpeg,23,M,AN,C,white,0.9216654300689697,masculine,0.9996911287307739,39,0.6512328386306763
23M_AN_O.jpeg,23,M,AN,O,white,0.9693856835365295,masculine,0.9999772310256958,39,0.6396301984786987
23M_CA_C.jpeg,23,M,CA,C,white,0.9631639122962952,masculine,0.9998915195465088,36,0.6260992288589478
23M_CA_O.jpeg,23,M,CA,O,white,0.9600567817687988,masculine,0.9999687671661377,36,0.5489818453788757
23M_DI_C.jpeg,23,M,DI,C,white,0.8091505169868469,masculine,0.9991021156311035,36,0.4544453024864197
23M_DI_O.jpeg,23,M,DI,O,white,0.7604042291641235,masculine,0.9698050022125244,39,0.6153806447982788
23M_FE_C.jpeg,23,M,FE,C,white,0.9283586740493774,masculine,0.9974668622016907,39,0.6387971639633179
23M_FE_O.jpeg,23,M,FE,O,white,0.9907668828964233,masculine,0.9995827674865723,37,0.598527193069458
23M_HA_C.jpeg,23,M,HA,C,white,0.6097437143325806,masculine,0.9996237754821777,39,0.54289311170578
23M_HA_O.jpeg,23,M,HA,O,white,0.8106027841567993,masculine,0.9994004964828491,36,0.5059985518455505
23M_HA_X.jpeg,23,M,HA,X,white,0.8317503929138184,masculine,0.998751699924469,37,0.5438603162765503
23M_NE_C.jpeg,23,M,NE,C,white,0.9261407852172852,masculine,0.9999709129333496,36,0.6098663210868835
23M_NE_O.jpeg,23,M,NE,O,white,0.9336602687835693,masculine,0.9999716281890869,29,0.5450892448425293
23M_SA_C.jpeg,23,M,SA,C,white,0.5015090703964233,masculine,0.9987461566925049,39,0.5783644914627075
23M_SA_O.jpeg,23,M,SA,O,white,0.9457714557647705,masculine,0.9998348951339722,39,0.4923386573791504
23M_SP_O.jpeg,23,M,SP,O,white,0.9869610071182251,masculine,0.9995725154876709,39,0.60318922996521
24M_AN_C.jpeg,24,M,AN,C,white,0.9924026727676392,masculine,0.9987856149673462,39,0.642080545425415
24M_AN_O.jpeg,24,M,AN,O,white,0.9978983402252197,masculine,0.9981687068939209,39,0.49606937170028687
24M_CA_C.jpeg,24,M,CA,C,white,0.9846780300140381,masculine,0.9887101650238037,36,0.5180306434631348
24M_CA_O.jpeg,24,M,CA,O,white,0.975409984588623,masculine,0.9887409806251526,28,0.4857041835784912
24M_DI_C.jpeg,24,M,DI,C,white,0.981503963470459,masculine,0.9976668953895569,39,0.6622627973556519
24M_DI_O.jpeg,24,M,DI,O,white,0.9620949029922485,masculine,0.9911784529685974,58,0.355648934841156
24M_FE_O.jpeg,24,M,FE,O,white,0.9312433004379272,masculine,0.9955865144729614,37,0.61348557472229
24M_HA_C.jpeg,24,M,HA,C,white,0.9892537593841553,masculine,0.9830960631370544,39,0.5317366719245911
24M_HA_O.jpeg,24,M,HA,O,white,0.9950340986251831,masculine,0.998126745223999,27,0.4646502733230591
24M_HA_X.jpeg,24,M,HA,X,white,0.9906797409057617,masculine,0.9931711554527283,27,0.5485736131668091
24M_NE_C.jpeg,24,M,NE,C,white,0.9726436138153076,masculine,0.9970145225524902,28,0.5220109820365906
24M_NE_O.jpeg,24,M,NE,O,white,0.8830068707466125,masculine,0.9944735765457153,27,0.6051612496376038
24M_SA_C.jpeg,24,M,SA,C,white,0.9749895334243774,masculine,0.9992077350616455,39,0.7079314589500427
24M_SA_O.jpeg,24,M,SA,O,white,0.9932881593704224,masculine,0.9987345933914185,36,0.5787003040313721
24M_SP_O.jpeg,24,M,SP,O,white,0.9042028188705444,masculine,0.9988157749176025,28,0.5346845984458923
25M_AN_C.jpeg,25,M,AN,C,white,0.9955960512161255,masculine,0.9995021820068359,39,0.6980687379837036
25M_AN_O.jpeg,25,M,AN,O,white,0.9990862607955933,masculine,0.9991834163665771,39,0.5774985551834106
25M_CA_C.jpeg,25,M,CA,C,white,0.9858959913253784,masculine,0.9990324378013611,39,0.6944271326065063
25M_CA_O.jpeg,25,M,CA,O,white,0.9849404692649841,masculine,0.998528003692627,39,0.6317720413208008
25M_DI_C.jpeg,25,M,DI,C,white,0.9835561513900757,masculine,0.9965600967407227,45,0.861944317817688
25M_DI_O.jpeg,25,M,DI,O,white,0.8979750871658325,masculine,0.9898407459259033,45,0.7055155634880066
25M_FE_O.jpeg,25,M,FE,O,white,0.9928284883499146,masculine,0.9993557333946228,45,0.7869817018508911
25M_HA_C.jpeg,25,M,HA,C,white,0.9947509765625,masculine,0.9468188285827637,44,0.6845785975456238
25M_HA_O.jpeg,25,M,HA,O,white,0.9954180717468262,masculine,0.9985277652740479,44,0.636634349822998
25M_HA_X.jpeg,25,M,HA,X,white,0.9963120818138123,masculine,0.9947171211242676,45,0.5639399290084839
25M_NE_C.jpeg,25,M,NE,C,white,0.9622871279716492,masculine,0.9996833205223083,39,0.687218189239502
25M_SA_C.jpeg,25,M,SA,C,white,0.9904681444168091,masculine,0.9982105493545532,44,0.775338888168335
25M_SA_O.jpeg,25,M,SA,O,white,0.9979076385498047,masculine,0.9920228719711304,47,0.76372230052948
25M_SP_O.jpeg,25,M,SP,O,white,0.9969325661659241,masculine,0.9994946122169495,39,0.5251147150993347
26M_AN_C.jpeg,26,M,AN,C,white,0.9623773694038391,masculine,0.9975138902664185,39,0.627056896686554
26M_AN_O.jpeg,26,M,AN,O,white,0.8478651642799377,masculine,0.9805355072021484,39,0.4331701397895813
26M_CA_C.jpeg,26,M,CA,C,white,0.947136402130127,masculine,0.9997804164886475,29,0.5355318784713745
26M_CA_O.jpeg,26,M,CA,O,white,0.9715040922164917,masculine,0.9998763799667358,36,0.6189612746238708
26M_DI_C.jpeg,26,M,DI,C,white,0.8445422649383545,masculine,0.9956313371658325,36,0.4979553818702698
26M_DI_O.jpeg,26,M,DI,O,white,0.7191163301467896,masculine,0.996404230594635,39,0.5665864944458008
26M_FE_C.jpeg,26,M,FE,C,white,0.9939337372779846,masculine,0.9934391975402832,36,0.5508500337600708
26M_FE_O.jpeg,26,M,FE,O,white,0.9873399138450623,masculine,0.9985094666481018,39,0.5951420664787292
26M_HA_C.jpeg,26,M,HA,C,white,0.993693470954895,masculine,0.9990381002426147,28,0.44043704867362976
26M_HA_O.jpeg,26,M,HA,O,white,0.9833424091339111,masculine,0.9995205998420715,28,0.5051893591880798
26M_HA_X.jpeg,26,M,HA,X,white,0.9870671033859253,masculine,0.9982394576072693,28,0.4474217891693115
26M_NE_C.jpeg,26,M,NE,C,white,0.9346840977668762,masculine,0.9991120100021362,36,0.6349842548370361
26M_NE_O.jpeg,26,M,NE,O,white,0.9372091889381409,masculine,0.9997816681861877,36,0.6361638307571411
26M_SA_C.jpeg,26,M,SA,C,white,0.9255670309066772,masculine,0.999395489692688,47,0.6044579744338989
26M_SA_O.jpeg,26,M,SA,O,white,0.9935190677642822,masculine,0.9996429085731506,39,0.5574227571487427
26M_SP_O.jpeg,26,M,SP,O,white,0.9928690195083618,masculine,0.9983866810798645,27,0.4643716812133789
27M_AN_C.jpeg,27,M,AN,C,white,0.9421296119689941,masculine,0.9972442388534546,39,0.6730103492736816
27M_AN_O.jpeg,27,M,AN,O,white,0.9734922647476196,masculine,0.9974756240844727,36,0.559331476688385
27M_CA_O.jpeg,27,M,CA,O,white,0.980701208114624,masculine,0.9998628497123718,36,0.6094382405281067
27M_DI_C.jpeg,27,M,DI,C,white,0.8784093260765076,masculine,0.9898209571838379,39,0.4607968330383301
27M_DI_O.jpeg,27,M,DI,O,white,0.9544888734817505,masculine,0.99129319190979,37,0.5868953466415405
27M_FE_C.jpeg,27,M,FE,C,white,0.9597526788711548,masculine,0.9992572069168091,39,0.6709587574005127
27M_FE_O.jpeg,27,M,FE,O,white,0.8077329397201538,masculine,0.9996426701545715,39,0.6084374189376831
27M_HA_O.jpeg,27,M,HA,O,white,0.9692987203598022,masculine,0.9931246042251587,38,0.562178373336792
27M_HA_X.jpeg,27,M,HA,X,white,0.9724764823913574,masculine,0.9929285049438477,36,0.5270873308181763
27M_NE_C.jpeg,27,M,NE,C,white,0.9793318510055542,masculine,0.999970555305481,34,0.5469949245452881
27M_NE_O.jpeg,27,M,NE,O,white,0.9820418357849121,masculine,0.9999423027038574,34,0.5319703817367554
27M_SA_C.jpeg,27,M,SA,C,white,0.880467414855957,masculine,0.9997885227203369,36,0.6221191883087158
27M_SA_O.jpeg,27,M,SA,O,white,0.6840862035751343,masculine,0.9979503154754639,39,0.6832749843597412
27M_SP_O.jpeg,27,M,SP,O,white,0.9534178972244263,masculine,0.9998311996459961,37,0.6878491044044495
28M_AN_C.jpeg,28,M,AN,C,white,0.997999906539917,masculine,0.9994186162948608,24,0.6086373329162598
28M_AN_O.jpeg,28,M,AN,O,white,0.9715111255645752,masculine,0.9989198446273804,39,0.504647970199585
28M_CA_C.jpeg,28,M,CA,C,white,0.9968746900558472,masculine,0.9993237257003784,24,0.5163825750350952
28M_CA_O.jpeg,28,M,CA,O,white,0.9880377054214478,masculine,0.9997427463531494,27,0.5001846551895142
28M_DI_C.jpeg,28,M,DI,C,white,0.977337121963501,masculine,0.9758362174034119,27,0.402359277009964
28M_DI_O.jpeg,28,M,DI,O,white,0.8840922117233276,masculine,0.9894305467605591,27,0.4242768883705139
28M_FE_C.jpeg,28,M,FE,C,white,0.9902849793434143,masculine,0.996263861656189,55,0.25044575333595276
28M_FE_O.jpeg,28,M,FE,O,white,0.931640625,masculine,0.9964993000030518,36,0.44090908765792847
28M_HA_C.jpeg,28,M,HA,C,white,0.9804866909980774,masculine,0.9988179802894592,27,0.43540000915527344
28M_HA_O.jpeg,28,M,HA,O,white,0.9926775693893433,masculine,0.9993407726287842,24,0.5690767168998718
28M_HA_X.jpeg,28,M,HA,X,white,0.9914612770080566,masculine,0.9996907711029053,24,0.631737470626831
28M_NE_C.jpeg,28,M,NE,C,white,0.9965627193450928,masculine,0.9983764886856079,27,0.5687035322189331
28M_NE_O.jpeg,28,M,NE,O,white,0.9933655261993408,masculine,0.9997180700302124,27,0.5199413895606995
28M_SA_C.jpeg,28,M,SA,C,white,0.9563281536102295,masculine,0.9922256469726562,39,0.5137814283370972
28M_SA_O.jpeg,28,M,SA,O,white,0.9434547424316406,masculine,0.9985782504081726,48,0.550182580947876
28M_SP_O.jpeg,28,M,SP,O,white,0.9818293452262878,masculine,0.9997884035110474,27,0.5927568674087524
29M_AN_C.jpeg,29,M,AN,C,white,0.7826060056686401,masculine,0.9925532937049866,28,0.4776865243911743
29M_AN_O.jpeg,29,M,AN,O,white,0.6840740442276001,masculine,0.9840011596679688,27,0.421948105096817
29M_CA_C.jpeg,29,M,CA,C,white,0.7164509892463684,masculine,0.9996495842933655,27,0.5777782201766968
29M_CA_O.jpeg,29,M,CA,O,white,0.5855109095573425,masculine,0.9990948438644409,27,0.5741680860519409
29M_DI_C.jpeg,29,M,DI,C,white,0.9791321754455566,masculine,0.9577641487121582,46,0.3105207085609436
29M_DI_O.jpeg,29,M,DI,O,white,0.44757211208343506,masculine,0.9551326632499695,55,0.7134784460067749
29M_FE_C.jpeg,29,M,FE,C,white,0.8391952514648438,masculine,0.9929916858673096,29,0.5388169288635254
29M_FE_O.jpeg,29,M,FE,O,white,0.9403228759765625,masculine,0.7731505632400513,59,0.4535466730594635
29M_HA_C.jpeg,29,M,HA,C,white,0.7315094470977783,masculine,0.9457814693450928,39,0.4914412200450897
29M_HA_O.jpeg,29,M,HA,O,white,0.9497469663619995,masculine,0.9573984742164612,29,0.35986411571502686
29M_HA_X.jpeg,29,M,HA,X,white,0.9366434812545776,masculine,0.9507832527160645,36,0.3588829040527344
29M_NE_C.jpeg,29,M,NE,C,white,0.6669938564300537,masculine,0.9998021125793457,27,0.5996854305267334
29M_NE_O.jpeg,29,M,NE,O,white,0.6383184194564819,masculine,0.9995392560958862,27,0.5964515209197998
29M_SA_C.jpeg,29,M,SA,C,white,0.6709622144699097,masculine,0.9973986744880676,36,0.48333823680877686
29M_SA_O.jpeg,29,M,SA,O,"hispanic, latino, or spanish origin",0.3919082581996918,masculine,0.9991954565048218,27,0.5289696455001831
29M_SP_O.jpeg,29,M,SP,O,white,0.8324230909347534,masculine,0.9992064237594604,27,0.6413345336914062
30M_AN_C.jpeg,30,M,AN,C,white,0.9952502250671387,masculine,0.9915000200271606,40,0.6407458782196045
30M_AN_O.jpeg,30,M,AN,O,white,0.9132198095321655,masculine,0.9780173897743225,52,0.6314085721969604
30M_CA_C.jpeg,30,M,CA,C,white,0.9901659488677979,masculine,0.993238091468811,39,0.5818825364112854
30M_CA_O.jpeg,30,M,CA,O,white,0.9811227917671204,masculine,0.9772640466690063,39,0.5914202928543091
30M_DI_O.jpeg,30,M,DI,O,white,0.9589606523513794,masculine,0.956540048122406,46,0.570032000541687
30M_FE_C.jpeg,30,M,FE,C,white,0.9884323477745056,masculine,0.9973450899124146,39,0.6450227499008179
30M_FE_O.jpeg,30,M,FE,O,white,0.8898143768310547,masculine,0.9886837601661682,39,0.425115168094635
30M_HA_C.jpeg,30,M,HA,C,white,0.9333206415176392,masculine,0.9743597507476807,39,0.5760688185691833
30M_HA_O.jpeg,30,M,HA,O,white,0.995580792427063,masculine,0.9832913875579834,40,0.4351804554462433
30M_HA_X.jpeg,30,M,HA,X,white,0.9225321412086487,masculine,0.870625376701355,37,0.4646352529525757
30M_NE_C.jpeg,30,M,NE,C,white,0.9929592609405518,masculine,0.9859846830368042,39,0.5688679218292236
30M_NE_O.jpeg,30,M,NE,O,white,0.9702962636947632,masculine,0.9812930822372437,40,0.6420010328292847
30M_SA_C.jpeg,30,M,SA,C,white,0.970649242401123,masculine,0.9941670894622803,39,0.473011314868927
30M_SA_O.jpeg,30,M,SA,O,white,0.72358238697052,masculine,0.9981122016906738,39,0.4605894088745117
30M_SP_O.jpeg,30,M,SP,O,white,0.8723762035369873,masculine,0.9882581233978271,39,0.6382765769958496
31M_AN_C.jpeg,31,M,AN,C,white,0.8885648250579834,masculine,0.998345136642456,39,0.7360318899154663
31M_AN_O.jpeg,31,M,AN,O,"hispanic, latino, or spanish origin",0.7898402214050293,masculine,0.9999685287475586,39,0.6273490190505981
31M_CA_C.jpeg,31,M,CA,C,"hispanic, latino, or spanish origin",0.6311905384063721,masculine,0.9999332427978516,38,0.657950222492218
31M_CA_O.jpeg,31,M,CA,O,"hispanic, latino, or spanish origin",0.6588717699050903,masculine,0.9994708299636841,38,0.7019541263580322
31M_DI_C.jpeg,31,M,DI,C,white,0.41966527700424194,masculine,0.9996993541717529,36,0.523783802986145
31M_DI_O.jpeg,31,M,DI,O,white,0.7965716123580933,masculine,0.9943440556526184,45,0.5139826536178589
31M_FE_C.jpeg,31,M,FE,C,white,0.5626469254493713,masculine,0.9995061159133911,39,0.6166218519210815
31M_FE_O.jpeg,31,M,FE,O,white,0.6397542357444763,masculine,0.9995005130767822,39,0.6798297762870789
31M_HA_C.jpeg,31,M,HA,C,white,0.682698130607605,masculine,0.9979065656661987,39,0.5611848831176758
31M_HA_O.jpeg,31,M,HA,O,white,0.7178065776824951,masculine,0.9973483681678772,45,0.4883161187171936
31M_HA_X.jpeg,31,M,HA,X,"hispanic, latino, or spanish origin",0.3809412717819214,masculine,0.9860978722572327,55,0.4292982220649719
31M_NE_C.jpeg,31,M,NE,C,white,0.481239378452301,masculine,0.9998641014099121,38,0.6830798983573914
31M_NE_O.jpeg,31,M,NE,O,white,0.45370203256607056,masculine,0.9998204708099365,39,0.7422594428062439
31M_SA_C.jpeg,31,M,SA,C,"hispanic, latino, or spanish origin",0.7653908729553223,masculine,0.9999343156814575,39,0.5239048600196838
31M_SA_O.jpeg,31,M,SA,O,white,0.6741601228713989,masculine,0.9974905848503113,39,0.4297400712966919
31M_SP_O.jpeg,31,M,SP,O,"hispanic, latino, or spanish origin",0.6855055093765259,masculine,0.9991214275360107,38,0.5495691895484924
32M_AN_C.jpeg,32,M,AN,C,"hispanic, latino, or spanish origin",0.38268569111824036,masculine,0.9986886382102966,39,0.5034914612770081
32M_AN_O.jpeg,32,M,AN,O,"hispanic, latino, or spanish origin",0.8381178379058838,masculine,0.8641033172607422,28,0.46789807081222534
32M_CA_C.jpeg,32,M,CA,C,white,0.6356985569000244,masculine,0.9937121868133545,28,0.5342477560043335
32M_CA_O.jpeg,32,M,CA,O,white,0.6037858724594116,masculine,0.9984136819839478,28,0.46286740899086
32M_DI_C.jpeg,32,M,DI,C,white,0.9752538800239563,masculine,0.955747127532959,27,0.4118247330188751
32M_DI_O.jpeg,32,M,DI,O,"hispanic, latino, or spanish origin",0.4547531008720398,masculine,0.7963705658912659,36,0.31500715017318726
32M_FE_C.jpeg,32,M,FE,C,white,0.9256786108016968,masculine,0.9998308420181274,36,0.39967864751815796
32M_FE_O.jpeg,32,M,FE,O,white,0.508877158164978,masculine,0.9984045624732971,27,0.4049373269081116
32M_HA_C.jpeg,32,M,HA,C,white,0.5635440945625305,masculine,0.8540539741516113,36,0.5255839824676514
32M_HA_O.jpeg,32,M,HA,O,white,0.8866429328918457,masculine,0.9408743977546692,36,0.4355463981628418
32M_HA_X.jpeg,32,M,HA,X,white,0.9285441637039185,masculine,0.9892494678497314,37,0.4125075340270996
32M_NE_C.jpeg,32,M,NE,C,"hispanic, latino, or spanish origin",0.5901105999946594,masculine,0.9997458457946777,27,0.45804667472839355
32M_NE_O.jpeg,32,M,NE,O,white,0.463592529296875,masculine,0.9997190833091736,27,0.44850847125053406
32M_SA_C.jpeg,32,M,SA,C,"hispanic, latino, or spanish origin",0.4061209559440613,masculine,0.9998689293861389,27,0.4410991668701172
32M_SA_O.jpeg,32,M,SA,O,white,0.6183878183364868,masculine,0.9998729825019836,27,0.6119966506958008
32M_SP_O.jpeg,32,M,SP,O,white,0.5444095730781555,masculine,0.9996479749679565,27,0.4653412699699402
33M_AN_C.jpeg,33,M,AN,C,white,0.9543732404708862,masculine,0.9999061226844788,38,0.5906734466552734
33M_AN_O.jpeg,33,M,AN,O,white,0.9205512404441833,masculine,0.9942252039909363,45,0.3453258275985718
33M_CA_C.jpeg,33,M,CA,C,white,0.9483143091201782,masculine,0.9997128248214722,27,0.48977744579315186
33M_CA_O.jpeg,33,M,CA,O,white,0.6955716609954834,masculine,0.999622106552124,27,0.43259090185165405
33M_DI_C.jpeg,33,M,DI,C,white,0.6738366484642029,masculine,0.9990241527557373,46,0.555451512336731
33M_DI_O.jpeg,33,M,DI,O,white,0.8323146104812622,masculine,0.9974098205566406,55,0.41871002316474915
33M_FE_C.jpeg,33,M,FE,C,white,0.6755676865577698,masculine,0.9548711776733398,39,0.4555314779281616
33M_FE_O.jpeg,33,M,FE,O,white,0.8757880926132202,masculine,0.9299682974815369,45,0.44932764768600464
33M_HA_C.jpeg,33,M,HA,C,white,0.6573987007141113,masculine,0.9978792667388916,39,0.5038149952888489
33M_HA_O.jpeg,33,M,HA,O,white,0.9727377891540527,masculine,0.9977165460586548,27,0.512779712677002
33M_HA_X.jpeg,33,M,HA,X,white,0.6610082387924194,masculine,0.9229836463928223,27,0.39258643984794617
33M_NE_C.jpeg,33,M,NE,C,white,0.9842616319656372,masculine,0.9988563060760498,27,0.5352122783660889
33M_NE_O.jpeg,33,M,NE,O,white,0.7447589635848999,masculine,0.9996809959411621,27,0.4868980944156647
33M_SA_C.jpeg,33,M,SA,C,white,0.5997577905654907,masculine,0.9994726777076721,39,0.5814294815063477
33M_SA_O.jpeg,33,M,SA,O,white,0.9311510324478149,masculine,0.9982615113258362,45,0.5241203308105469
33M_SP_O.jpeg,33,M,SP,O,white,0.9340909123420715,masculine,0.9885191917419434,27,0.48832201957702637
34M_AN_C.jpeg,34,M,AN,C,white,0.8572375178337097,masculine,0.9744007587432861,39,0.7240909337997437
34M_AN_O.jpeg,34,M,AN,O,white,0.856843113899231,masculine,0.9921127557754517,33,0.3877144455909729
34M_CA_C.jpeg,34,M,CA,C,"hispanic, latino, or spanish origin",0.45281553268432617,masculine,0.9998828172683716,36,0.5996595025062561
34M_CA_O.jpeg,34,M,CA,O,white,0.48417848348617554,masculine,0.9998663663864136,36,0.61586594581604
34M_DI_C.jpeg,34,M,DI,C,white,0.7770907282829285,masculine,0.9956554770469666,45,0.3604732155799866
34M_DI_O.jpeg,34,M,DI,O,white,0.45437943935394287,masculine,0.9890704154968262,39,0.4676941931247711
34M_FE_C.jpeg,34,M,FE,C,white,0.960150957107544,masculine,0.9985476732254028,45,0.5212512016296387
34M_FE_O.jpeg,34,M,FE,O,white,0.7045693397521973,masculine,0.9976524114608765,39,0.4038974642753601
34M_HA_C.jpeg,34,M,HA,C,white,0.8340797424316406,masculine,0.9871121644973755,39,0.6853649020195007
34M_HA_O.jpeg,34,M,HA,O,white,0.7081109285354614,masculine,0.99403977394104,39,0.5571480989456177
34M_HA_X.jpeg,34,M,HA,X,white,0.7362583875656128,masculine,0.9933695793151855,36,0.4074505567550659
34M_NE_C.jpeg,34,M,NE,C,white,0.5078161954879761,masculine,0.9999504089355469,36,0.5955079197883606
34M_NE_O.jpeg,34,M,NE,O,white,0.5131571292877197,masculine,0.9998595714569092,36,0.5663723945617676
34M_SA_C.jpeg,34,M,SA,C,white,0.7632335424423218,masculine,0.9987013339996338,39,0.7517004609107971
34M_SA_O.jpeg,34,M,SA,O,white,0.7226465940475464,masculine,0.9900079965591431,37,0.6068363189697266
34M_SP_O.jpeg,34,M,SP,O,white,0.6299735903739929,masculine,0.9998708963394165,36,0.5130019187927246
35M_AN_C.jpeg,35,M,AN,C,"hispanic, latino, or spanish origin",0.5421079397201538,masculine,0.9983775615692139,39,0.705930769443512
35M_AN_O.jpeg,35,M,AN,O,white,0.6036512851715088,masculine,0.9857977628707886,39,0.571876049041748
35M_CA_C.jpeg,35,M,CA,C,white,0.3982950448989868,masculine,0.9992902278900146,39,0.6837995052337646
35M_CA_O.jpeg,35,M,CA,O,"hispanic, latino, or spanish origin",0.5806604623794556,masculine,0.9995429515838623,37,0.6059278249740601
35M_DI_O.jpeg,35,M,DI,O,white,0.7542724609375,masculine,0.9961980581283569,39,0.6191105246543884
35M_FE_C.jpeg,35,M,FE,C,white,0.8849506974220276,masculine,0.9957641363143921,39,0.732702374458313
35M_FE_O.jpeg,35,M,FE,O,"hispanic, latino, or spanish origin",0.8781659603118896,masculine,0.999937891960144,45,0.5636310577392578
35M_HA_C.jpeg,35,M,HA,C,"hispanic, latino, or spanish origin",0.7846693992614746,masculine,0.9917383193969727,47,0.5073553919792175
35M_HA_O.jpeg,35,M,HA,O,white,0.7918472290039062,masculine,0.9985328316688538,39,0.7104350328445435
35M_HA_X.jpeg,35,M,HA,X,white,0.4309934079647064,masculine,0.9918282628059387,39,0.5224709510803223
35M_NE_C.jpeg,35,M,NE,C,white,0.5860738754272461,masculine,0.9988768100738525,39,0.7186430096626282
35M_NE_O.jpeg,35,M,NE,O,"hispanic, latino, or spanish origin",0.6311622858047485,masculine,0.9998217821121216,37,0.6591892242431641
35M_SA_O.jpeg,35,M,SA,O,white,0.5155142545700073,masculine,0.9981834292411804,37,0.7388186454772949
35M_SP_O.jpeg,35,M,SP,O,white,0.5263854265213013,masculine,0.9999604225158691,37,0.57924884557724
36M_AN_C.jpeg,36,M,AN,C,white,0.9680975675582886,masculine,0.9987497329711914,36,0.4929966330528259
36M_AN_O.jpeg,36,M,AN,O,white,0.5761803388595581,masculine,0.9929400682449341,39,0.5551052093505859
36M_CA_C.jpeg,36,M,CA,C,white,0.8560676574707031,masculine,0.9993962049484253,28,0.46641141176223755
36M_CA_O.jpeg,36,M,CA,O,white,0.7469488978385925,masculine,0.9973214864730835,24,0.5076221227645874
36M_DI_C.jpeg,36,M,DI,C,white,0.9658530950546265,masculine,0.9906949996948242,37,0.4352661967277527
36M_DI_O.jpeg,36,M,DI,O,white,0.963618278503418,masculine,0.9915683269500732,39,0.5515034794807434
36M_FE_C.jpeg,36,M,FE,C,white,0.6183587908744812,masculine,0.9968622922897339,45,0.4411723017692566
36M_FE_O.jpeg,36,M,FE,O,white,0.8794691562652588,masculine,0.9962136745452881,39,0.5142823457717896
36M_HA_C.jpeg,36,M,HA,C,white,0.98451828956604,masculine,0.9921399354934692,36,0.49229028820991516
36M_HA_O.jpeg,36,M,HA,O,white,0.9873154163360596,masculine,0.9958266019821167,27,0.6398900747299194
36M_HA_X.jpeg,36,M,HA,X,white,0.9845895171165466,masculine,0.999237060546875,28,0.5685682892799377
36M_NE_C.jpeg,36,M,NE,C,white,0.8318787813186646,masculine,0.9987974166870117,28,0.5273867249488831
36M_NE_O.jpeg,36,M,NE,O,white,0.8975217938423157,masculine,0.9984291791915894,36,0.44349205493927
36M_SA_C.jpeg,36,M,SA,C,white,0.7760967016220093,masculine,0.9965490102767944,36,0.5428919792175293
36M_SA_O.jpeg,36,M,SA,O,white,0.6122342348098755,masculine,0.9977853298187256,39,0.4283335506916046
36M_SP_O.jpeg,36,M,SP,O,white,0.9203430414199829,masculine,0.9983569383621216,36,0.4640004634857178
37M_AN_C.jpeg,37,M,AN,C,"hispanic, latino, or spanish origin",0.6768333911895752,masculine,0.9991320371627808,38,0.4733297824859619
37M_AN_O.jpeg,37,M,AN,O,"hispanic, latino, or spanish origin",0.799139142036438,masculine,0.9390666484832764,23,0.4847102761268616
37M_CA_C.jpeg,37,M,CA,C,"hispanic, latino, or spanish origin",0.6424908638000488,masculine,0.9997333288192749,24,0.534169614315033
37M_CA_O.jpeg,37,M,CA,O,white,0.46085187792778015,masculine,0.9999215602874756,27,0.46089404821395874
37M_DI_C.jpeg,37,M,DI,C,white,0.5451706647872925,masculine,0.7470821142196655,39,0.33033323287963867
37M_DI_O.jpeg,37,M,DI,O,"hispanic, latino, or spanish origin",0.4274135231971741,masculine,0.961624264717102,39,0.43715721368789673
37M_FE_C.jpeg,37,M,FE,C,white,0.5817656517028809,masculine,0.9996134638786316,36,0.6511832475662231
37M_FE_O.jpeg,37,M,FE,O,white,0.605709433555603,masculine,0.9993247985839844,36,0.41429078578948975
37M_HA_C.jpeg,37,M,HA,C,white,0.6107785701751709,masculine,0.9919412136077881,39,0.5070801377296448
37M_HA_O.jpeg,37,M,HA,O,white,0.5269395709037781,masculine,0.9753779768943787,39,0.45163607597351074
37M_HA_X.jpeg,37,M,HA,X,"hispanic, latino, or spanish origin",0.5363179445266724,masculine,0.9393323659896851,45,0.40774834156036377
37M_NE_C.jpeg,37,M,NE,C,white,0.41943272948265076,masculine,0.9998501539230347,36,0.4663289189338684
37M_NE_O.jpeg,37,M,NE,O,white,0.7256178259849548,masculine,0.9995929002761841,28,0.4575453996658325
37M_SA_C.jpeg,37,M,SA,C,white,0.5453013181686401,masculine,0.9998530745506287,27,0.5560304522514343
37M_SA_O.jpeg,37,M,SA,O,white,0.7327109575271606,masculine,0.9996691942214966,27,0.5108493566513062
37M_SP_O.jpeg,37,M,SP,O,white,0.8288516998291016,masculine,0.9999457001686096,27,0.5282871723175049
38M_AN_C.jpeg,38,M,AN,C,black or african american,0.9914483428001404,masculine,0.993698239326477,36,0.4129609167575836
38M_AN_O.jpeg,38,M,AN,O,asian,0.3281160593032837,masculine,0.9780317544937134,39,0.3792046904563904
38M_CA_C.jpeg,38,M,CA,C,black or african american,0.9718234539031982,masculine,0.9982235431671143,27,0.49800220131874084
38M_CA_O.jpeg,38,M,CA,O,black or african american,0.9402713775634766,masculine,0.9970691204071045,24,0.6560672521591187
38M_DI_C.jpeg,38,M,DI,C,black or african american,0.29738861322402954,masculine,0.9953945875167847,39,0.6937322020530701
38M_DI_O.jpeg,38,M,DI,O,black or african american,0.9784273505210876,masculine,0.9801009893417358,24,0.42281079292297363
38M_FE_C.jpeg,38,M,FE,C,black or african american,0.6716269850730896,masculine,0.9954004287719727,27,0.4940413534641266
38M_FE_O.jpeg,38,M,FE,O,black or african american,0.9426171779632568,masculine,0.9961732625961304,24,0.5234519243240356
38M_HA_C.jpeg,38,M,HA,C,black or african american,0.9435961246490479,masculine,0.9448069930076599,36,0.443759948015213
38M_HA_O.jpeg,38,M,HA,O,black or african american,0.9932613968849182,masculine,0.9032280445098877,39,0.43412140011787415
38M_HA_X.jpeg,38,M,HA,X,black or african american,0.9776885509490967,masculine,0.9320505857467651,39,0.4563106298446655
38M_NE_C.jpeg,38,M,NE,C,black or african american,0.9294253587722778,masculine,0.9968541860580444,27,0.523141622543335
38M_NE_O.jpeg,38,M,NE,O,black or african american,0.9929649829864502,masculine,0.9979873895645142,28,0.48057836294174194
38M_SA_C.jpeg,38,M,SA,C,black or african american,0.9625351428985596,masculine,0.999258279800415,27,0.5484944581985474
38M_SA_O.jpeg,38,M,SA,O,black or african american,0.993750810623169,masculine,0.9998034238815308,24,0.5580416917800903
38M_SP_O.jpeg,38,M,SP,O,black or african american,0.8983900547027588,masculine,0.9906630516052246,24,0.627077579498291
39M_AN_C.jpeg,39,M,AN,C,black or african american,0.9980592727661133,masculine,0.9994702935218811,44,0.5091046094894409
39M_AN_O.jpeg,39,M,AN,O,black or african american,0.9999029636383057,masculine,0.999928891658783,39,0.422823041677475
39M_CA_C.jpeg,39,M,CA,C,black or african american,0.999979555606842,masculine,0.9999975562095642,44,0.5494459867477417
39M_CA_O.jpeg,39,M,CA,O,black or african american,0.9999947547912598,masculine,0.9999926090240479,39,0.6576982736587524
39M_DI_C.jpeg,39,M,DI,C,black or african american,0.9999210834503174,masculine,0.9998376369476318,44,0.276978075504303
39M_DI_O.jpeg,39,M,DI,O,black or african american,0.999984622001648,masculine,0.9991471767425537,40,0.6234855651855469
39M_FE_C.jpeg,39,M,FE,C,black or african american,0.999970555305481,masculine,0.9961153268814087,39,0.7267425656318665
39M_FE_O.jpeg,39,M,FE,O,black or african american,0.9999984502792358,masculine,0.999966025352478,39,0.738855242729187
39M_HA_C.jpeg,39,M,HA,C,black or african american,0.999977707862854,masculine,0.999872088432312,39,0.3975387513637543
39M_HA_O.jpeg,39,M,HA,O,black or african american,0.9999998807907104,masculine,0.9999819993972778,37,0.49029260873794556
39M_HA_X.jpeg,39,M,HA,X,black or african american,0.9999788999557495,masculine,0.9972493648529053,24,0.3635890483856201
39M_NE_C.jpeg,39,M,NE,C,black or african american,0.999997079372406,masculine,0.9999738931655884,39,0.5096849799156189
39M_NE_O.jpeg,39,M,NE,O,black or african american,0.9999959468841553,masculine,0.999992311000824,39,0.6435858607292175
39M_SA_C.jpeg,39,M,SA,C,black or african american,0.9999598264694214,masculine,0.9998091459274292,39,0.6625950336456299
39M_SA_O.jpeg,39,M,SA,O,black or african american,0.9999976754188538,masculine,0.999920129776001,39,0.7575631737709045
39M_SP_O.jpeg,39,M,SP,O,black or african american,0.9993286728858948,masculine,0.999158501625061,39,0.6406030058860779
40M_AN_C.jpeg,40,M,AN,C,black or african american,0.9999996423721313,masculine,0.9999479055404663,39,0.4912441372871399
40M_AN_O.jpeg,40,M,AN,O,black or african american,0.9998219013214111,masculine,0.99501633644104,39,0.6582897901535034
40M_CA_C.jpeg,40,M,CA,C,black or african american,0.9999988079071045,masculine,0.999759316444397,39,0.6852584481239319
40M_CA_O.jpeg,40,M,CA,O,black or african american,0.9999994039535522,masculine,0.9993047118186951,39,0.725211501121521
40M_DI_C.jpeg,40,M,DI,C,black or african american,0.9999159574508667,masculine,0.9896718263626099,39,0.460368812084198
40M_DI_O.jpeg,40,M,DI,O,black or african american,0.9999673962593079,masculine,0.9561924934387207,39,0.4987711012363434
40M_FE_C.jpeg,40,M,FE,C,black or african american,0.9989138841629028,masculine,0.9419354796409607,56,0.7793011665344238
40M_FE_O.jpeg,40,M,FE,O,black or african american,0.9997735619544983,masculine,0.9970034956932068,37,0.53644859790802
40M_HA_C.jpeg,40,M,HA,C,black or african american,0.9999991655349731,masculine,0.9953598380088806,52,0.7241783142089844
40M_HA_O.jpeg,40,M,HA,O,black or african american,0.9999995827674866,masculine,0.9987896680831909,44,0.44326549768447876
40M_HA_X.jpeg,40,M,HA,X,black or african american,0.9999989867210388,masculine,0.9907395243644714,39,0.43504440784454346
40M_NE_C.jpeg,40,M,NE,C,black or african american,0.9999991655349731,masculine,0.9992818832397461,39,0.6882425546646118
40M_NE_O.jpeg,40,M,NE,O,black or african american,0.9999990463256836,masculine,0.9989603757858276,39,0.6901763081550598
40M_SA_C.jpeg,40,M,SA,C,black or african american,0.9999885559082031,masculine,0.9998376369476318,50,0.4083404839038849
40M_SA_O.jpeg,40,M,SA,O,black or african american,0.9999924898147583,masculine,0.9690629243850708,39,0.4781891107559204
40M_SP_O.jpeg,40,M,SP,O,black or african american,0.9998709559440613,masculine,0.9642007350921631,39,0.693702757358551
41M_AN_C.jpeg,41,M,AN,C,asian,0.3313550651073456,masculine,0.9985756278038025,37,0.7107830047607422
41M_AN_O.jpeg,41,M,AN,O,black or african american,0.8309851884841919,masculine,0.9995620250701904,39,0.6567584872245789
41M_CA_C.jpeg,41,M,CA,C,black or african american,0.9738675355911255,masculine,0.9960944652557373,27,0.5558899641036987
41M_CA_O.jpeg,41,M,CA,O,black or african american,0.821317195892334,masculine,0.9897150993347168,27,0.5581661462783813
41M_DI_C.jpeg,41,M,DI,C,black or african american,0.7961759567260742,masculine,0.9895387887954712,34,0.43303924798965454
41M_DI_O.jpeg,41,M,DI,O,black or african american,0.938992440700531,masculine,0.9850754737854004,27,0.5066015720367432
41M_FE_C.jpeg,41,M,FE,C,black or african american,0.5818116664886475,masculine,0.9714784026145935,27,0.4242657423019409
41M_FE_O.jpeg,41,M,FE,O,black or african american,0.5141708254814148,masculine,0.9186791777610779,27,0.48893994092941284
41M_HA_C.jpeg,41,M,HA,C,black or african american,0.6643215417861938,masculine,0.9934549331665039,28,0.44925469160079956
41M_HA_O.jpeg,41,M,HA,O,black or african american,0.28078073263168335,masculine,0.9964135885238647,28,0.46667563915252686
41M_HA_X.jpeg,41,M,HA,X,native hawaiian or pacific islander,0.41643160581588745,masculine,0.9930626153945923,37,0.49904364347457886
41M_NE_C.jpeg,41,M,NE,C,black or african american,0.9680030345916748,masculine,0.9950371384620667,27,0.5136919021606445
41M_NE_O.jpeg,41,M,NE,O,black or african american,0.9941697120666504,masculine,0.9967339038848877,27,0.5038092136383057
41M_SA_C.jpeg,41,M,SA,C,black or african american,0.6780221462249756,masculine,0.9990192651748657,37,0.5350396633148193
41M_SA_O.jpeg,41,M,SA,O,asian,0.21564877033233643,masculine,0.9982900619506836,47,0.4289149343967438
41M_SP_O.jpeg,41,M,SP,O,black or african american,0.9122421741485596,masculine,0.9987469911575317,39,0.5701272487640381
42M_AN_C.jpeg,42,M,AN,C,"hispanic, latino, or spanish origin",0.20815375447273254,masculine,0.961012601852417,41,0.6091234683990479
42M_AN_O.jpeg,42,M,AN,O,black or african american,0.4444904923439026,masculine,0.949652910232544,45,0.487631618976593
42M_CA_C.jpeg,42,M,CA,C,black or african american,0.9992473125457764,masculine,0.9998955726623535,40,0.39403989911079407
42M_CA_O.jpeg,42,M,CA,O,black or african american,0.9984310865402222,masculine,0.9999337196350098,39,0.5106115341186523
42M_DI_C.jpeg,42,M,DI,C,black or african american,0.3602743446826935,masculine,0.8859400749206543,48,0.5170902013778687
42M_DI_O.jpeg,42,M,DI,O,black or african american,0.9322149753570557,masculine,0.9892277121543884,40,0.47653165459632874
42M_FE_O.jpeg,42,M,FE,O,"hispanic, latino, or spanish origin",0.49754011631011963,masculine,0.9979768991470337,50,0.43086057901382446
42M_HA_C.jpeg,42,M,HA,C,black or african american,0.9064540863037109,masculine,0.9989639520645142,59,0.39124608039855957
42M_HA_O.jpeg,42,M,HA,O,black or african american,0.9988778233528137,masculine,0.999180793762207,46,0.6137944459915161
42M_HA_X.jpeg,42,M,HA,X,black or african american,0.9699023962020874,masculine,0.998202919960022,44,0.43626439571380615
42M_NE_C.jpeg,42,M,NE,C,black or african american,0.9997801780700684,masculine,0.9999083280563354,44,0.6147192716598511
42M_NE_O.jpeg,42,M,NE,O,black or african american,0.9997104406356812,masculine,0.9999265074729919,40,0.545996904373169
42M_SA_C.jpeg,42,M,SA,C,"hispanic, latino, or spanish origin",0.8628131747245789,masculine,0.9994871616363525,41,0.6765422821044922
42M_SA_O.jpeg,42,M,SA,O,black or african american,0.8094472289085388,masculine,0.9891515970230103,39,0.579858660697937
42M_SP_O.jpeg,42,M,SP,O,black or african american,0.9445575475692749,masculine,0.9974085092544556,39,0.5527096390724182
43M_AN_C.jpeg,43,M,AN,C,black or african american,0.999584436416626,masculine,0.9999739527702332,39,0.567438542842865
43M_AN_O.jpeg,43,M,AN,O,black or african american,0.9998860359191895,masculine,0.999735951423645,47,0.3496304154396057
43M_CA_C.jpeg,43,M,CA,C,black or african american,0.9999403953552246,masculine,0.9999991655349731,39,0.646774172782898
43M_CA_O.jpeg,43,M,CA,O,black or african american,0.9999313950538635,masculine,0.9995632171630859,39,0.5691725015640259
43M_DI_C.jpeg,43,M,DI,C,black or african american,0.998926043510437,masculine,0.9984463453292847,39,0.3646976947784424
43M_DI_O.jpeg,43,M,DI,O,black or african american,0.9921629428863525,masculine,0.8374961614608765,24,0.35815179347991943
43M_FE_C.jpeg,43,M,FE,C,black or african american,0.9998886585235596,masculine,0.9722700119018555,39,0.7061096429824829
43M_FE_O.jpeg,43,M,FE,O,black or african american,0.999545156955719,masculine,0.9785547256469727,39,0.5742540955543518
43M_HA_C.jpeg,43,M,HA,C,black or african american,0.9998720288276672,masculine,0.9991604089736938,39,0.5760585069656372
43M_HA_O.jpeg,43,M,HA,O,black or african american,0.9999486207962036,masculine,0.999467134475708,27,0.44029802083969116
43M_HA_X.jpeg,43,M,HA,X,black or african american,0.9999871253967285,masculine,0.8584877848625183,39,0.36826378107070923
43M_NE_C.jpeg,43,M,NE,C,black or african american,0.99989253282547,masculine,0.9999971389770508,27,0.46418875455856323
43M_NE_O.jpeg,43,M,NE,O,black or african american,0.9999526739120483,masculine,0.9999938011169434,36,0.43528255820274353
43M_SA_C.jpeg,43,M,SA,C,black or african american,0.9999374151229858,masculine,0.9999970197677612,39,0.6311858892440796
43M_SA_O.jpeg,43,M,SA,O,black or african american,0.9999452233314514,masculine,0.9996021389961243,42,0.7153550386428833
43M_SP_O.jpeg,43,M,SP,O,black or african american,0.9999911189079285,masculine,0.9991838932037354,37,0.4887458086013794
45M_AN_C.jpeg,45,M,AN,C,asian,0.9998668432235718,masculine,0.999984622001648,39,0.6211495399475098
45M_AN_O.jpeg,45,M,AN,O,asian,0.9983408451080322,masculine,0.9983678460121155,39,0.6208095550537109
45M_CA_C.jpeg,45,M,CA,C,asian,0.9950987100601196,masculine,0.9999555349349976,36,0.6569081544876099
45M_CA_O.jpeg,45,M,CA,O,asian,0.9992520809173584,masculine,0.9999821186065674,37,0.6870547533035278
45M_DI_C.jpeg,45,M,DI,C,asian,0.8986320495605469,masculine,0.9943854808807373,37,0.6260780096054077
45M_DI_O.jpeg,45,M,DI,O,asian,0.998342752456665,masculine,0.9978896975517273,37,0.660636842250824
45M_FE_C.jpeg,45,M,FE,C,asian,0.9867796301841736,masculine,0.9914607405662537,35,0.5981560945510864
45M_FE_O.jpeg,45,M,FE,O,asian,0.9993891716003418,masculine,0.8944281339645386,34,0.5000467300415039
45M_HA_C.jpeg,45,M,HA,C,asian,0.9981367588043213,masculine,0.9997847080230713,36,0.610435962677002
45M_HA_O.jpeg,45,M,HA,O,asian,0.9976997375488281,masculine,0.9999375343322754,36,0.6477258205413818
45M_HA_X.jpeg,45,M,HA,X,asian,0.9806885123252869,masculine,0.9999788999557495,37,0.605506181716919
45M_NE_C.jpeg,45,M,NE,C,asian,0.9992315769195557,masculine,0.9999731779098511,36,0.707755446434021
45M_NE_O.jpeg,45,M,NE,O,asian,0.9998711347579956,masculine,0.999984622001648,36,0.6439067125320435
45M_SA_C.jpeg,45,M,SA,C,asian,0.9936658143997192,masculine,0.999992847442627,33,0.5531392097473145
45M_SA_O.jpeg,45,M,SA,O,asian,0.997940182685852,masculine,0.9995278120040894,37,0.677943229675293
45M_SP_O.jpeg,45,M,SP,O,asian,0.9960387945175171,masculine,0.9995539784431458,33,0.4924512505531311
