File Name,Target ID,Gender,Emotion,Mouth,age_low,age_high,smile_value,smile_confidence,gender_value,gender_confidence,top_emotion
01F_AN_O.jpeg,01,F,AN,O,25,39,False,86.55059814453125,Female,96.860107421875,ANGRY
01F_CA_C.jpeg,01,F,CA,C,22,34,False,99.29232025146484,Female,97.43366241455078,CALM
01F_CA_O.jpeg,01,F,CA,O,22,34,False,98.79464721679688,Female,98.8042984008789,SURPRISED
01F_DI_C.jpeg,01,F,DI,C,26,40,False,79.64794921875,Female,96.15438079833984,ANGRY
01F_DI_O.jpeg,01,F,DI,O,23,37,False,80.62972259521484,Female,98.59254455566406,ANGRY
01F_FE_C.jpeg,01,F,FE,C,22,34,False,95.052978515625,Female,98.41120147705078,FEAR
01F_FE_O.jpeg,01,F,FE,O,22,34,False,86.88307189941406,Female,99.013671875,FEAR
01F_HA_C.jpeg,01,F,HA,C,21,33,True,98.17931365966797,Female,99.81937408447266,HAPPY
01F_HA_O.jpeg,01,F,HA,O,22,34,True,99.95415496826172,Female,99.74412536621094,HAPPY
01F_HA_X.jpeg,01,F,HA,X,22,34,True,99.04037475585938,Female,99.13971710205078,HAPPY
01F_NE_C.jpeg,01,F,NE,C,22,34,False,99.47330474853516,Female,98.17955017089844,SURPRISED
01F_NE_O.jpeg,01,F,NE,O,22,34,False,98.68647003173828,Female,99.40946960449219,SURPRISED
01F_SA_C.jpeg,01,F,SA,C,22,34,False,98.70580291748047,Female,98.19478607177734,SAD
01F_SA_O.jpeg,01,F,SA,O,22,34,False,93.87451934814453,Female,98.43765258789062,FEAR
01F_SP_O.jpeg,01,F,SP,O,22,34,False,88.78160858154297,Female,98.70801544189453,SURPRISED
01f_an_c.jpeg,01,f,an,c,22,34,False,95.7405014038086,Female,96.27468872070312,ANGRY
02F_CA_C.jpeg,02,F,CA,C,22,34,False,99.49777221679688,Female,95.52153015136719,CALM
02F_FE_C.jpeg,02,F,FE,C,22,34,False,99.14713287353516,Female,90.16569519042969,SURPRISED
02F_FE_O.jpeg,02,F,FE,O,22,34,False,95.37776947021484,Female,92.80891418457031,FEAR
02F_HA_C.jpeg,02,F,HA,C,22,34,True,99.7441635131836,Female,99.9434814453125,HAPPY
02F_HA_O.jpeg,02,F,HA,O,24,38,True,99.84268951416016,Female,99.44187927246094,HAPPY
02F_HA_X.jpeg,02,F,HA,X,22,34,True,98.63616180419922,Female,98.8555908203125,HAPPY
02F_NE_C.jpeg,02,F,NE,C,22,34,False,99.7632064819336,Female,97.4603271484375,CALM
02F_NE_O.jpeg,02,F,NE,O,22,34,False,99.2750015258789,Female,99.29190826416016,FEAR
02F_SA_C.jpeg,02,F,SA,C,28,44,False,98.76538848876953,Female,99.58737182617188,SAD
02F_SA_O.jpeg,02,F,SA,O,24,38,False,94.91995239257812,Female,99.25415802001953,FEAR
02F_SP_O.jpeg,02,F,SP,O,22,34,False,92.77880096435547,Female,63.525550842285156,SURPRISED
02f_an_c.jpeg,02,f,an,c,34,50,False,97.4836654663086,Female,80.45238494873047,ANGRY
02f_an_o.jpeg,02,f,an,o,30,46,False,84.41291809082031,Female,93.5667724609375,ANGRY
02f_ca_o.jpeg,02,f,ca,o,22,34,False,97.71312713623047,Female,91.765625,SURPRISED
02f_di_c.jpeg,02,f,di,c,26,42,False,73.4892578125,Female,99.24495697021484,DISGUSTED
02f_di_o.jpeg,02,f,di,o,34,50,False,62.7152214050293,Female,97.48532104492188,DISGUSTED
03F_AN_C.jpeg,03,F,AN,C,12,22,False,99.7719497680664,Female,99.1033935546875,CALM
03F_AN_O.jpeg,03,F,AN,O,24,38,False,87.57696533203125,Female,93.9896011352539,ANGRY
03F_CA_C.jpeg,03,F,CA,C,22,34,False,99.41022491455078,Female,99.66926574707031,CALM
03F_CA_O.jpeg,03,F,CA,O,31,47,False,95.93321990966797,Female,99.72687530517578,CALM
03F_DI_C.jpeg,03,F,DI,C,31,47,False,78.61288452148438,Female,98.30860137939453,DISGUSTED
03F_DI_O.jpeg,03,F,DI,O,26,42,False,79.44867706298828,Female,98.44119262695312,DISGUSTED
03F_FE_O.jpeg,03,F,FE,O,31,47,False,90.68923950195312,Female,97.53042602539062,FEAR
03F_HA_C.jpeg,03,F,HA,C,25,39,True,98.90560913085938,Female,99.65667724609375,HAPPY
03F_HA_O.jpeg,03,F,HA,O,23,35,True,99.88681030273438,Female,99.52770233154297,HAPPY
03F_HA_X.jpeg,03,F,HA,X,24,38,True,99.64707946777344,Female,99.00696563720703,HAPPY
03F_NE_C.jpeg,03,F,NE,C,20,32,False,99.81101989746094,Female,99.40526580810547,CALM
03F_NE_O.jpeg,03,F,NE,O,19,31,False,98.41525268554688,Female,99.60382843017578,FEAR
03F_SA_C.jpeg,03,F,SA,C,22,34,False,98.04501342773438,Female,96.12763214111328,SAD
03F_SA_O.jpeg,03,F,SA,O,25,39,False,81.95306396484375,Female,98.56170654296875,FEAR
03F_SP_O.jpeg,03,F,SP,O,10,20,False,81.1841812133789,Female,60.224693298339844,SURPRISED
05F_AN_C.jpeg,05,F,AN,C,20,32,False,97.59446716308594,Male,59.5001335144043,ANGRY
05F_AN_O.jpeg,05,F,AN,O,33,49,False,93.60551452636719,Female,90.07166290283203,ANGRY
05F_CA_C.jpeg,05,F,CA,C,26,40,False,99.61711120605469,Female,91.29041290283203,CALM
05F_CA_O.jpeg,05,F,CA,O,29,45,False,99.54499053955078,Female,97.96757507324219,SAD
05F_DI_C.jpeg,05,F,DI,C,30,46,True,78.57878875732422,Female,99.6378402709961,HAPPY
05F_DI_O.jpeg,05,F,DI,O,32,48,False,53.96108627319336,Female,98.890869140625,FEAR
05F_FE_C.jpeg,05,F,FE,C,27,43,False,98.30108642578125,Female,97.74539184570312,SAD
05F_FE_O.jpeg,05,F,FE,O,29,45,False,92.04743194580078,Female,96.3738021850586,FEAR
05F_HA_C.jpeg,05,F,HA,C,31,47,True,99.49466705322266,Female,99.7378921508789,HAPPY
05F_HA_O.jpeg,05,F,HA,O,31,47,True,99.93479919433594,Female,99.64736938476562,HAPPY
05F_HA_X.jpeg,05,F,HA,X,31,47,True,99.26920318603516,Female,98.63127136230469,HAPPY
05F_NE_C.jpeg,05,F,NE,C,25,39,False,99.66097259521484,Female,89.09656524658203,CALM
05F_NE_O.jpeg,05,F,NE,O,26,42,False,99.61979675292969,Female,94.94718170166016,CALM
05F_SA_C.jpeg,05,F,SA,C,19,31,False,99.48513793945312,Female,92.39372253417969,SAD
05F_SA_O.jpeg,05,F,SA,O,31,47,False,96.47209167480469,Female,97.21116638183594,SAD
05F_SP_O.jpeg,05,F,SP,O,31,47,False,82.38399505615234,Female,73.21125793457031,SURPRISED
06F_AN_C.jpeg,06,F,AN,C,25,39,False,99.24156951904297,Female,97.83509063720703,CALM
06F_AN_O.jpeg,06,F,AN,O,25,39,False,83.81634521484375,Female,98.72566986083984,ANGRY
06F_CA_C.jpeg,06,F,CA,C,23,35,False,98.46976470947266,Female,99.6331787109375,CALM
06F_CA_O.jpeg,06,F,CA,O,23,35,False,97.9084701538086,Female,99.88824462890625,CALM
06F_DI_C.jpeg,06,F,DI,C,24,38,True,91.161865234375,Female,99.83800506591797,DISGUSTED
06F_DI_O.jpeg,06,F,DI,O,31,47,False,71.6395263671875,Female,99.6959228515625,DISGUSTED
06F_FE_C.jpeg,06,F,FE,C,23,35,False,94.79923248291016,Female,92.05996704101562,FEAR
06F_FE_O.jpeg,06,F,FE,O,24,38,False,92.16195678710938,Female,89.9196548461914,FEAR
06F_HA_C.jpeg,06,F,HA,C,32,48,True,99.532470703125,Female,99.88484191894531,HAPPY
06F_HA_O.jpeg,06,F,HA,O,24,38,True,99.9531478881836,Female,99.70906066894531,HAPPY
06F_HA_X.jpeg,06,F,HA,X,23,35,True,98.08831787109375,Female,91.95538330078125,HAPPY
06F_NE_C.jpeg,06,F,NE,C,22,34,False,99.28033447265625,Female,99.61963653564453,CALM
06F_NE_O.jpeg,06,F,NE,O,23,35,False,98.66629791259766,Female,99.75737762451172,CALM
06F_SA_C.jpeg,06,F,SA,C,35,51,False,88.5501480102539,Female,99.29349517822266,DISGUSTED
06F_SA_O.jpeg,06,F,SA,O,34,50,False,90.76850128173828,Female,99.72914123535156,DISGUSTED
06F_SP_O.jpeg,06,F,SP,O,22,34,False,87.6462631225586,Female,88.81719970703125,FEAR
07F_AN_C.jpeg,07,F,AN,C,34,50,False,91.95535278320312,Female,98.40936279296875,ANGRY
07F_AN_O.jpeg,07,F,AN,O,23,35,False,91.7029037475586,Female,91.96404266357422,ANGRY
07F_CA_C.jpeg,07,F,CA,C,21,33,False,99.43806457519531,Female,98.95702362060547,SAD
07F_CA_O.jpeg,07,F,CA,O,28,44,False,98.5767822265625,Female,99.7515869140625,ANGRY
07F_DI_O.jpeg,07,F,DI,O,34,50,False,74.65550231933594,Female,98.73130798339844,DISGUSTED
07F_FE_C.jpeg,07,F,FE,C,34,50,False,88.1093978881836,Female,96.5516357421875,FEAR
07F_FE_O.jpeg,07,F,FE,O,33,49,True,77.82084655761719,Female,94.28386688232422,FEAR
07F_HA_C.jpeg,07,F,HA,C,32,48,True,99.67942810058594,Female,99.35855865478516,HAPPY
07F_HA_O.jpeg,07,F,HA,O,23,37,True,99.96797180175781,Female,99.17054748535156,HAPPY
07F_HA_X.jpeg,07,F,HA,X,32,48,True,99.89210510253906,Female,98.02645874023438,HAPPY
07F_NE_C.jpeg,07,F,NE,C,20,32,False,99.7815170288086,Female,96.15499114990234,CALM
07F_NE_O.jpeg,07,F,NE,O,22,34,False,98.83846282958984,Female,99.1903076171875,ANGRY
07F_SA_C.jpeg,07,F,SA,C,29,45,False,94.78424835205078,Female,91.26077270507812,SAD
07F_SA_O.jpeg,07,F,SA,O,32,48,False,86.32894897460938,Female,99.27111053466797,DISGUSTED
07F_SP_O.jpeg,07,F,SP,O,23,37,False,92.4383316040039,Female,94.31415557861328,FEAR
08F_AN_C.jpeg,08,F,AN,C,30,46,False,99.09819030761719,Female,60.7482795715332,ANGRY
08F_AN_O.jpeg,08,F,AN,O,32,48,False,85.7812271118164,Female,52.714996337890625,ANGRY
08F_CA_C.jpeg,08,F,CA,C,25,39,False,99.69076538085938,Female,97.29512023925781,CALM
08F_DI_C.jpeg,08,F,DI,C,32,48,False,80.08647918701172,Female,92.72854614257812,DISGUSTED
08F_DI_O.jpeg,08,F,DI,O,34,50,False,75.65736389160156,Female,69.27936553955078,DISGUSTED
08F_FE_C.jpeg,08,F,FE,C,32,48,False,97.93952941894531,Female,88.37181091308594,FEAR
08F_FE_O.jpeg,08,F,FE,O,32,48,False,83.70746612548828,Female,81.89978790283203,FEAR
08F_HA_C.jpeg,08,F,HA,C,25,39,True,99.2562255859375,Female,98.40485382080078,HAPPY
08F_HA_O.jpeg,08,F,HA,O,23,35,True,99.87434387207031,Female,98.3416976928711,HAPPY
08F_HA_X.jpeg,08,F,HA,X,31,47,True,99.6905288696289,Female,96.59835815429688,HAPPY
08F_NE_C.jpeg,08,F,NE,C,22,34,False,99.29102325439453,Female,98.44617462158203,CALM
08F_NE_O.jpeg,08,F,NE,O,29,45,False,99.0616226196289,Female,98.57579040527344,FEAR
08F_SA_C.jpeg,08,F,SA,C,23,37,False,98.82865142822266,Female,96.38208770751953,SAD
08F_SA_O.jpeg,08,F,SA,O,23,37,False,90.72689819335938,Female,95.36429595947266,FEAR
08F_SP_O.jpeg,08,F,SP,O,30,46,False,93.6484375,Female,80.27827453613281,FEAR
09F_AN_C.jpeg,09,F,AN,C,28,44,False,97.42074584960938,Female,95.28190612792969,ANGRY
09F_AN_O.jpeg,09,F,AN,O,26,42,False,83.38337707519531,Female,96.69361114501953,ANGRY
09F_CA_C.jpeg,09,F,CA,C,22,34,False,99.53411102294922,Female,99.03104400634766,CALM
09F_CA_O.jpeg,09,F,CA,O,25,39,False,96.36763763427734,Female,99.8310775756836,ANGRY
09F_DI_C.jpeg,09,F,DI,C,26,40,False,74.4720458984375,Female,99.40916442871094,DISGUSTED
09F_DI_O.jpeg,09,F,DI,O,32,48,False,71.13741302490234,Female,99.25682830810547,ANGRY
09F_FE_C.jpeg,09,F,FE,C,26,40,False,94.13996887207031,Female,98.74110412597656,CONFUSED
09F_FE_O.jpeg,09,F,FE,O,36,54,False,84.08435821533203,Female,98.31578826904297,FEAR
09F_HA_C.jpeg,09,F,HA,C,31,47,True,98.83769226074219,Female,99.84044647216797,HAPPY
09F_HA_O.jpeg,09,F,HA,O,28,44,True,99.96080017089844,Female,99.83497619628906,HAPPY
09F_HA_X.jpeg,09,F,HA,X,32,48,True,98.89862823486328,Female,98.63331604003906,HAPPY
09F_NE_C.jpeg,09,F,NE,C,22,34,False,99.0665283203125,Female,99.6498794555664,CALM
09F_NE_O.jpeg,09,F,NE,O,21,33,False,98.93201446533203,Female,99.62496948242188,CALM
09F_SA_C.jpeg,09,F,SA,C,34,50,False,98.58928680419922,Female,99.48076629638672,ANGRY
09F_SA_O.jpeg,09,F,SA,O,32,48,False,86.96665954589844,Female,99.44645690917969,DISGUSTED
09F_SP_O.jpeg,09,F,SP,O,32,48,False,89.8645248413086,Female,99.40039825439453,SURPRISED
10F_AN_C.jpeg,10,F,AN,C,23,35,False,96.92507934570312,Female,80.2472152709961,ANGRY
10F_AN_O.jpeg,10,F,AN,O,49,67,False,81.97649383544922,Female,93.38966369628906,ANGRY
10F_CA_C.jpeg,10,F,CA,C,23,37,False,99.83409118652344,Female,99.62232208251953,CALM
10F_CA_O.jpeg,10,F,CA,O,22,34,False,99.44231414794922,Female,99.90418243408203,CALM
10F_DI_C.jpeg,10,F,DI,C,29,45,False,64.28862762451172,Female,97.75299072265625,DISGUSTED
10F_DI_O.jpeg,10,F,DI,O,32,48,False,79.17565155029297,Female,94.19818878173828,DISGUSTED
10F_FE_C.jpeg,10,F,FE,C,31,47,False,96.60624694824219,Female,96.57823181152344,FEAR
10F_FE_O.jpeg,10,F,FE,O,23,37,False,76.94718170166016,Female,95.41007995605469,FEAR
10F_HA_C.jpeg,10,F,HA,C,23,35,True,99.89281463623047,Female,99.95156860351562,HAPPY
10F_HA_O.jpeg,10,F,HA,O,25,39,True,99.98355102539062,Female,99.82535552978516,HAPPY
10F_NE_C.jpeg,10,F,NE,C,22,34,False,99.8999252319336,Female,99.1133041381836,CALM
10F_NE_O.jpeg,10,F,NE,O,22,34,False,99.53568267822266,Female,99.57697296142578,CALM
10F_SA_C.jpeg,10,F,SA,C,22,34,False,98.35680389404297,Female,88.7005844116211,ANGRY
10F_SA_O.jpeg,10,F,SA,O,22,34,False,94.23039245605469,Female,96.9635009765625,SAD
10F_SP_O.jpeg,10,F,SP,O,22,34,False,91.36421966552734,Female,83.06246185302734,SURPRISED
11F_AN_C.jpeg,11,F,AN,C,26,42,False,93.89214324951172,Female,94.26028442382812,ANGRY
11F_AN_O.jpeg,11,F,AN,O,25,39,False,87.42633056640625,Female,96.34777069091797,FEAR
11F_CA_C.jpeg,11,F,CA,C,22,34,False,99.60000610351562,Female,99.98551940917969,CALM
11F_CA_O.jpeg,11,F,CA,O,22,34,False,99.54145812988281,Female,99.74317932128906,CALM
11F_DI_C.jpeg,11,F,DI,C,23,37,False,78.26348876953125,Female,98.75457000732422,DISGUSTED
11F_DI_O.jpeg,11,F,DI,O,19,31,False,60.72667694091797,Female,93.55504608154297,DISGUSTED
11F_FE_C.jpeg,11,F,FE,C,21,33,False,95.87825012207031,Female,99.16948699951172,SURPRISED
11F_FE_O.jpeg,11,F,FE,O,18,30,False,83.72300720214844,Female,98.72696685791016,SURPRISED
11F_HA_C.jpeg,11,F,HA,C,17,29,True,95.83843231201172,Female,99.51780700683594,HAPPY
11F_HA_O.jpeg,11,F,HA,O,23,37,True,99.95453643798828,Female,99.8261489868164,HAPPY
11F_HA_X.jpeg,11,F,HA,X,19,31,True,99.64903259277344,Female,99.73448944091797,HAPPY
11F_NE_C.jpeg,11,F,NE,C,20,32,False,99.89590454101562,Female,99.96708679199219,CALM
11F_NE_O.jpeg,11,F,NE,O,22,34,False,99.6109848022461,Female,99.955078125,CALM
11F_SA_C.jpeg,11,F,SA,C,13,25,False,99.38346862792969,Female,98.31053161621094,SAD
11F_SA_O.jpeg,11,F,SA,O,22,34,False,91.1341781616211,Female,99.51802825927734,SAD
11F_SP_O.jpeg,11,F,SP,O,22,34,False,88.0792236328125,Female,98.05133056640625,SURPRISED
12F_AN_C.jpeg,12,F,AN,C,31,47,False,94.61048126220703,Female,86.98571014404297,ANGRY
12F_AN_O.jpeg,12,F,AN,O,32,48,False,87.98824310302734,Female,65.76248168945312,ANGRY
12F_CA_C.jpeg,12,F,CA,C,22,34,False,99.87935638427734,Female,85.88529205322266,CALM
12F_CA_O.jpeg,12,F,CA,O,22,34,False,99.37782287597656,Female,96.48039245605469,CALM
12F_DI_C.jpeg,12,F,DI,C,42,60,False,87.19982147216797,Female,97.13481140136719,DISGUSTED
12F_DI_O.jpeg,12,F,DI,O,22,34,False,93.68694305419922,Female,94.17414855957031,SAD
12F_FE_C.jpeg,12,F,FE,C,22,34,False,94.04214477539062,Female,90.78473663330078,FEAR
12F_FE_O.jpeg,12,F,FE,O,26,40,False,96.0993881225586,Female,92.85665893554688,SURPRISED
12F_HA_C.jpeg,12,F,HA,C,21,33,True,99.19693756103516,Female,78.51882934570312,HAPPY
12F_HA_O.jpeg,12,F,HA,O,22,34,True,99.98512268066406,Female,97.589599609375,HAPPY
12F_HA_X.jpeg,12,F,HA,X,22,34,True,99.8951187133789,Female,92.11106872558594,HAPPY
12F_NE_C.jpeg,12,F,NE,C,22,34,False,99.93946838378906,Female,84.46126556396484,SAD
12F_NE_O.jpeg,12,F,NE,O,22,34,False,99.71107482910156,Female,98.56815338134766,CALM
12F_SA_C.jpeg,12,F,SA,C,34,50,False,91.14169311523438,Female,72.78789520263672,SAD
12F_SA_O.jpeg,12,F,SA,O,23,35,False,95.5999755859375,Female,93.15337371826172,SAD
12F_SP_O.jpeg,12,F,SP,O,24,38,False,93.50996398925781,Male,50.07802200317383,SURPRISED
13F_AN_C.jpeg,13,F,AN,C,23,35,False,97.23778533935547,Female,98.60131072998047,FEAR
13F_AN_O.jpeg,13,F,AN,O,22,34,False,88.65250396728516,Female,90.94507598876953,ANGRY
13F_CA_C.jpeg,13,F,CA,C,27,43,False,99.79615783691406,Female,98.96307373046875,CALM
13F_CA_O.jpeg,13,F,CA,O,25,39,False,97.3258056640625,Female,97.50609588623047,ANGRY
13F_DI_C.jpeg,13,F,DI,C,30,46,False,86.66299438476562,Female,87.717529296875,DISGUSTED
13F_DI_O.jpeg,13,F,DI,O,49,67,False,77.60951232910156,Female,88.23342895507812,ANGRY
13F_FE_C.jpeg,13,F,FE,C,25,39,False,93.59115600585938,Female,97.33967590332031,FEAR
13F_FE_O.jpeg,13,F,FE,O,23,37,False,89.28746032714844,Female,98.21075439453125,FEAR
13F_HA_C.jpeg,13,F,HA,C,23,37,True,99.54039001464844,Female,99.50907135009766,HAPPY
13F_HA_O.jpeg,13,F,HA,O,27,43,True,99.45185852050781,Female,97.51588439941406,HAPPY
13F_HA_X.jpeg,13,F,HA,X,27,43,True,86.50386047363281,Female,95.23023223876953,FEAR
13F_NE_C.jpeg,13,F,NE,C,26,40,False,99.8310546875,Female,98.13587188720703,CALM
13F_NE_O.jpeg,13,F,NE,O,23,37,False,98.9615478515625,Female,98.98023986816406,CONFUSED
13F_SA_C.jpeg,13,F,SA,C,26,42,False,98.6736831665039,Female,96.49557495117188,SAD
13F_SA_O.jpeg,13,F,SA,O,29,45,False,92.38768768310547,Female,97.71190643310547,ANGRY
13F_SP_O.jpeg,13,F,SP,O,13,25,False,82.78661346435547,Female,95.9445571899414,FEAR
14F_AN_C.jpeg,14,F,AN,C,26,42,False,93.42920684814453,Female,80.39574432373047,ANGRY
14F_AN_O.jpeg,14,F,AN,O,30,46,False,88.6950454711914,Female,55.916446685791016,ANGRY
14F_CA_C.jpeg,14,F,CA,C,30,46,False,99.61029052734375,Female,93.9022216796875,CALM
14F_CA_O.jpeg,14,F,CA,O,31,47,False,96.85069274902344,Female,96.07360076904297,SAD
14F_DI_C.jpeg,14,F,DI,C,47,65,False,78.35314178466797,Female,67.06392669677734,DISGUSTED
14F_DI_O.jpeg,14,F,DI,O,31,47,False,79.95145416259766,Female,54.859222412109375,DISGUSTED
14F_FE_C.jpeg,14,F,FE,C,32,48,False,87.1290054321289,Male,57.71907424926758,FEAR
14F_FE_O.jpeg,14,F,FE,O,29,45,False,84.6601333618164,Female,62.3955078125,FEAR
14F_HA_C.jpeg,14,F,HA,C,32,48,True,96.798095703125,Female,87.04939270019531,HAPPY
14F_HA_O.jpeg,14,F,HA,O,27,43,True,99.94265747070312,Female,99.39399719238281,HAPPY
14F_HA_X.jpeg,14,F,HA,X,27,43,True,99.5727767944336,Female,76.50910949707031,HAPPY
14F_NE_C.jpeg,14,F,NE,C,23,35,False,99.48404693603516,Female,99.19841003417969,CALM
14F_NE_O.jpeg,14,F,NE,O,23,35,False,98.5249252319336,Female,99.087646484375,FEAR
14F_SA_C.jpeg,14,F,SA,C,23,37,False,99.48834991455078,Female,92.10504150390625,CALM
14F_SA_O.jpeg,14,F,SA,O,31,47,False,90.36896514892578,Female,75.73682403564453,FEAR
14F_SP_O.jpeg,14,F,SP,O,27,43,False,90.66551971435547,Male,83.93826293945312,SURPRISED
15F_AN_C.jpeg,15,F,AN,C,20,32,False,97.311767578125,Female,99.76286315917969,CALM
15F_AN_O.jpeg,15,F,AN,O,19,31,False,87.32688903808594,Female,99.0574722290039,ANGRY
15F_CA_C.jpeg,15,F,CA,C,20,32,False,97.98316955566406,Female,99.5064468383789,CALM
15F_CA_O.jpeg,15,F,CA,O,21,33,False,93.45881652832031,Female,99.41614532470703,FEAR
15F_DI_C.jpeg,15,F,DI,C,34,50,False,71.44123840332031,Female,98.86023712158203,DISGUSTED
15F_DI_O.jpeg,15,F,DI,O,36,52,False,70.52926635742188,Female,87.05247497558594,DISGUSTED
15F_FE_C.jpeg,15,F,FE,C,22,34,False,95.77517700195312,Female,94.32577514648438,CONFUSED
15F_FE_O.jpeg,15,F,FE,O,22,34,False,61.957489013671875,Female,85.84481811523438,FEAR
15F_HA_C.jpeg,15,F,HA,C,28,44,True,99.16463470458984,Female,98.84175872802734,HAPPY
15F_HA_O.jpeg,15,F,HA,O,19,31,True,99.89322662353516,Female,99.7049331665039,HAPPY
15F_HA_X.jpeg,15,F,HA,X,22,34,True,99.34773254394531,Female,98.7706298828125,HAPPY
15F_NE_C.jpeg,15,F,NE,C,21,33,False,98.38340759277344,Female,98.07096862792969,CALM
15F_NE_O.jpeg,15,F,NE,O,20,32,False,95.55765533447266,Female,99.4314193725586,FEAR
15F_SA_C.jpeg,15,F,SA,C,24,38,False,85.64378356933594,Female,99.59864807128906,CONFUSED
15F_SA_O.jpeg,15,F,SA,O,34,50,False,76.03508758544922,Female,98.68782043457031,FEAR
15F_SP_C.jpeg,15,F,SP,C,22,34,False,94.79192352294922,Female,96.40142059326172,SURPRISED
15F_SP_O.jpeg,15,F,SP,O,22,34,False,82.79096221923828,Female,72.26842498779297,SURPRISED
16F_AN_C.jpeg,16,F,AN,C,32,48,False,95.74959564208984,Female,87.59414672851562,ANGRY
16F_AN_O.jpeg,16,F,AN,O,36,52,False,82.80809783935547,Female,98.12669372558594,DISGUSTED
16F_CA_C.jpeg,16,F,CA,C,22,34,False,96.38574981689453,Female,99.07103729248047,CALM
16F_CA_O.jpeg,16,F,CA,O,22,34,False,93.16348266601562,Female,98.8362045288086,CALM
16F_DI_C.jpeg,16,F,DI,C,35,51,False,74.46678924560547,Female,99.27033996582031,DISGUSTED
16F_DI_O.jpeg,16,F,DI,O,34,50,False,78.14346313476562,Female,99.40711975097656,DISGUSTED
16F_FE_C.jpeg,16,F,FE,C,23,35,False,96.40240478515625,Female,90.18700408935547,SAD
16F_FE_O.jpeg,16,F,FE,O,23,35,False,81.55498504638672,Female,85.12792205810547,FEAR
16F_HA_C.jpeg,16,F,HA,C,31,47,True,97.74809265136719,Female,98.81319427490234,HAPPY
16F_HA_O.jpeg,16,F,HA,O,28,44,True,99.33097076416016,Female,98.59255981445312,HAPPY
16F_HA_X.jpeg,16,F,HA,X,26,40,True,99.35824584960938,Female,97.5894775390625,HAPPY
16F_NE_C.jpeg,16,F,NE,C,23,35,False,98.13721466064453,Female,98.33230590820312,CALM
16F_NE_O.jpeg,16,F,NE,O,23,37,False,94.41861724853516,Female,98.69788360595703,CONFUSED
16F_SA_C.jpeg,16,F,SA,C,30,46,False,86.03130340576172,Female,93.8253402709961,SAD
16F_SA_O.jpeg,16,F,SA,O,35,51,False,83.75098419189453,Female,97.67371368408203,SAD
16F_SP_O.jpeg,16,F,SP,O,22,34,False,85.50980377197266,Female,89.74251556396484,FEAR
17F_AN_C.jpeg,17,F,AN,C,29,45,False,90.69257354736328,Female,91.34976959228516,ANGRY
17F_AN_O.jpeg,17,F,AN,O,26,40,False,89.11158752441406,Female,88.79730224609375,ANGRY
17F_CA_C.jpeg,17,F,CA,C,20,32,False,99.51417541503906,Female,97.96038818359375,CALM
17F_CA_O.jpeg,17,F,CA,O,22,34,False,98.9924087524414,Female,97.591552734375,FEAR
17F_DI_C.jpeg,17,F,DI,C,32,48,False,72.91622161865234,Female,90.34944152832031,DISGUSTED
17F_DI_O.jpeg,17,F,DI,O,29,45,False,84.0859375,Female,95.20442962646484,SAD
17F_FE_O.jpeg,17,F,FE,O,22,34,False,91.87800598144531,Female,96.36348724365234,FEAR
17F_HA_C.jpeg,17,F,HA,C,17,29,True,97.19620513916016,Female,99.17369842529297,HAPPY
17F_HA_O.jpeg,17,F,HA,O,23,35,True,99.82158660888672,Female,99.52198028564453,HAPPY
17F_HA_X.jpeg,17,F,HA,X,22,34,True,99.80864715576172,Female,98.0362548828125,HAPPY
17F_NE_C.jpeg,17,F,NE,C,17,29,False,99.66104125976562,Female,96.46087646484375,CALM
17F_NE_O.jpeg,17,F,NE,O,21,33,False,99.31086730957031,Female,98.15225219726562,SURPRISED
17F_SA_C.jpeg,17,F,SA,C,30,46,False,89.66387176513672,Female,88.34170532226562,SAD
17F_SP_O.jpeg,17,F,SP,O,22,34,False,90.17847442626953,Female,76.8198013305664,SURPRISED
18F_AN_C.jpeg,18,F,AN,C,21,33,False,97.09185028076172,Female,91.11077880859375,ANGRY
18F_AN_O.jpeg,18,F,AN,O,28,44,False,94.17919158935547,Female,83.17893981933594,ANGRY
18F_CA_C.jpeg,18,F,CA,C,22,34,False,99.2092514038086,Female,99.13936614990234,CALM
18F_CA_O.jpeg,18,F,CA,O,22,34,False,98.92253875732422,Female,97.43985748291016,SURPRISED
18F_DI_C.jpeg,18,F,DI,C,28,44,False,87.91478729248047,Female,94.36603546142578,DISGUSTED
18F_DI_O.jpeg,18,F,DI,O,29,45,False,85.19264221191406,Female,89.25057220458984,DISGUSTED
18F_FE_C.jpeg,18,F,FE,C,22,34,False,92.77963256835938,Female,72.18436431884766,FEAR
18F_FE_O.jpeg,18,F,FE,O,22,34,False,90.39186096191406,Female,63.151222229003906,FEAR
18F_HA_C.jpeg,18,F,HA,C,22,34,True,99.5421142578125,Female,98.91064453125,HAPPY
18F_HA_O.jpeg,18,F,HA,O,22,34,True,99.94862365722656,Female,98.90909576416016,HAPPY
18F_HA_X.jpeg,18,F,HA,X,22,34,True,99.27429962158203,Female,96.9366683959961,HAPPY
18F_NE_C.jpeg,18,F,NE,C,22,34,False,99.57186889648438,Female,98.96337890625,CALM
18F_NE_O.jpeg,18,F,NE,O,19,31,False,98.52217864990234,Female,99.36421203613281,SURPRISED
18F_SA_C.jpeg,18,F,SA,C,22,34,False,95.40415954589844,Female,91.24149322509766,SAD
18F_SA_O.jpeg,18,F,SA,O,26,40,False,84.99578094482422,Female,92.75637817382812,SAD
18F_SP_O.jpeg,18,F,SP,O,18,30,False,94.08895111083984,Female,76.46432495117188,SURPRISED
19F_AN_C.jpeg,19,F,AN,C,19,31,False,95.20893859863281,Female,53.20113754272461,ANGRY
19F_AN_O.jpeg,19,F,AN,O,38,56,False,81.90971374511719,Female,93.1221694946289,DISGUSTED
19F_CA_C.jpeg,19,F,CA,C,25,39,False,97.93119049072266,Female,95.42455291748047,CALM
19F_CA_O.jpeg,19,F,CA,O,25,39,False,96.1338119506836,Female,97.86785125732422,FEAR
19F_DI_C.jpeg,19,F,DI,C,31,47,False,78.27135467529297,Female,95.2764663696289,DISGUSTED
19F_DI_O.jpeg,19,F,DI,O,32,48,False,72.29891204833984,Female,71.18177795410156,DISGUSTED
19F_FE_O.jpeg,19,F,FE,O,31,47,False,82.34917449951172,Female,85.57318115234375,FEAR
19F_HA_C.jpeg,19,F,HA,C,23,35,True,98.60185241699219,Female,99.2077407836914,HAPPY
19F_HA_O.jpeg,19,F,HA,O,22,34,True,99.7054672241211,Female,99.1106185913086,HAPPY
19F_HA_X.jpeg,19,F,HA,X,26,40,True,96.98261260986328,Female,98.44508361816406,HAPPY
19F_NE_C.jpeg,19,F,NE,C,24,38,False,99.46575927734375,Female,91.5919418334961,CALM
19F_NE_O.jpeg,19,F,NE,O,25,39,False,98.16169738769531,Female,97.13035583496094,FEAR
19F_SA_C.jpeg,19,F,SA,C,22,34,False,81.49870300292969,Female,88.1938247680664,SAD
19F_SA_O.jpeg,19,F,SA,O,23,37,False,72.99209594726562,Female,76.46182250976562,DISGUSTED
19F_SP_O.jpeg,19,F,SP,O,26,42,False,86.01405334472656,Female,93.3399887084961,FEAR
20M_AN_C.jpeg,20,M,AN,C,26,42,False,99.39396667480469,Male,99.9327163696289,ANGRY
20M_AN_O.jpeg,20,M,AN,O,32,48,False,79.45866394042969,Male,97.49913787841797,ANGRY
20M_CA_C.jpeg,20,M,CA,C,23,35,False,99.705322265625,Male,99.69324493408203,CALM
20M_CA_O.jpeg,20,M,CA,O,24,38,False,99.4633560180664,Male,99.90849304199219,ANGRY
20M_DI_O.jpeg,20,M,DI,O,32,48,False,83.9006576538086,Male,99.58707427978516,DISGUSTED
20M_FE_C.jpeg,20,M,FE,C,33,49,False,95.3523178100586,Male,97.484130859375,ANGRY
20M_FE_O.jpeg,20,M,FE,O,31,47,False,97.23932647705078,Male,98.86769104003906,FEAR
20M_HA_C.jpeg,20,M,HA,C,27,43,True,99.2839584350586,Male,99.87161254882812,HAPPY
20M_HA_O.jpeg,20,M,HA,O,23,35,True,99.60330963134766,Male,99.74884033203125,HAPPY
20M_HA_X.jpeg,20,M,HA,X,23,37,True,99.2141342163086,Male,96.24064636230469,HAPPY
20M_NE_C.jpeg,20,M,NE,C,23,35,False,99.6470947265625,Male,99.63374328613281,CALM
20M_NE_O.jpeg,20,M,NE,O,23,37,False,99.63560485839844,Male,99.6329116821289,ANGRY
20M_SA_C.jpeg,20,M,SA,C,29,45,False,96.41313171386719,Male,99.64115905761719,ANGRY
20M_SA_O.jpeg,20,M,SA,O,35,51,False,98.35466003417969,Male,99.75764465332031,SAD
20M_SP_O.jpeg,20,M,SP,O,24,38,False,90.06272888183594,Male,98.81727600097656,SURPRISED
21M_AN_C.jpeg,21,M,AN,C,28,44,False,99.78071594238281,Male,99.9655990600586,CALM
21M_AN_O.jpeg,21,M,AN,O,25,39,False,97.35592651367188,Male,99.97705078125,ANGRY
21M_CA_C.jpeg,21,M,CA,C,25,39,False,99.17840576171875,Male,99.04202270507812,CALM
21M_CA_O.jpeg,21,M,CA,O,23,37,False,99.1956558227539,Male,99.56074523925781,CALM
21M_DI_C.jpeg,21,M,DI,C,33,49,True,51.429344177246094,Male,98.5645523071289,DISGUSTED
21M_DI_O.jpeg,21,M,DI,O,24,38,True,69.97240447998047,Male,98.90248107910156,DISGUSTED
21M_FE_C.jpeg,21,M,FE,C,23,37,False,98.31339263916016,Male,98.26787567138672,SURPRISED
21M_FE_O.jpeg,21,M,FE,O,22,34,False,94.107666015625,Male,98.33555603027344,FEAR
21M_HA_C.jpeg,21,M,HA,C,23,37,True,99.24246215820312,Male,95.4742202758789,HAPPY
21M_HA_O.jpeg,21,M,HA,O,23,35,True,99.94345092773438,Male,95.79235076904297,HAPPY
21M_HA_X.jpeg,21,M,HA,X,23,35,True,99.28038787841797,Male,98.96734619140625,HAPPY
21M_NE_C.jpeg,21,M,NE,C,25,39,False,99.61601257324219,Male,99.47965240478516,CALM
21M_NE_O.jpeg,21,M,NE,O,25,39,False,99.47981262207031,Male,99.6802978515625,CALM
21M_SA_C.jpeg,21,M,SA,C,29,45,False,98.06661987304688,Male,98.80242156982422,DISGUSTED
21M_SA_O.jpeg,21,M,SA,O,24,38,False,99.34574890136719,Male,99.71890258789062,CALM
21M_SP_O.jpeg,21,M,SP,O,22,34,False,92.01876831054688,Male,98.60283660888672,SURPRISED
22M_AN_C.jpeg,22,M,AN,C,22,34,False,96.38217163085938,Male,97.39900207519531,ANGRY
22M_AN_O.jpeg,22,M,AN,O,25,39,False,90.24160766601562,Male,96.86516571044922,ANGRY
22M_CA_C.jpeg,22,M,CA,C,21,33,False,99.87159729003906,Male,90.72386169433594,CALM
22M_CA_O.jpeg,22,M,CA,O,22,34,False,99.14217376708984,Male,82.76178741455078,CALM
22M_DI_C.jpeg,22,M,DI,C,25,39,False,81.24903869628906,Male,97.14453125,DISGUSTED
22M_DI_O.jpeg,22,M,DI,O,25,39,False,73.64667510986328,Male,78.71192932128906,DISGUSTED
22M_FE_C.jpeg,22,M,FE,C,23,37,False,97.12490844726562,Male,89.80111694335938,FEAR
22M_FE_O.jpeg,22,M,FE,O,23,35,False,71.65840911865234,Male,57.55426788330078,DISGUSTED
22M_HA_C.jpeg,22,M,HA,C,21,33,True,95.75309753417969,Male,80.10457611083984,HAPPY
22M_HA_O.jpeg,22,M,HA,O,19,31,True,99.95970153808594,Male,73.54734802246094,HAPPY
22M_HA_X.jpeg,22,M,HA,X,24,38,True,99.41012573242188,Male,84.13634490966797,HAPPY
22M_NE_C.jpeg,22,M,NE,C,22,34,False,99.77893829345703,Male,97.77823638916016,CALM
22M_NE_O.jpeg,22,M,NE,O,22,34,False,99.2728500366211,Male,93.05500030517578,CALM
22M_SA_C.jpeg,22,M,SA,C,26,40,False,99.19979858398438,Male,95.98282623291016,SAD
22M_SA_O.jpeg,22,M,SA,O,25,39,False,98.33708953857422,Male,94.96866607666016,FEAR
22M_SP_C.jpeg,22,M,SP,C,23,35,False,99.4283447265625,Male,96.59857177734375,SURPRISED
22M_SP_O.jpeg,22,M,SP,O,22,34,False,91.92179107666016,Male,92.56011962890625,SURPRISED
23M_AN_C.jpeg,23,M,AN,C,20,32,False,89.39987182617188,Male,99.15718078613281,ANGRY
23M_AN_O.jpeg,23,M,AN,O,21,33,False,92.40225219726562,Male,97.80465698242188,ANGRY
23M_CA_C.jpeg,23,M,CA,C,22,34,False,96.41613006591797,Male,97.77609252929688,CALM
23M_CA_O.jpeg,23,M,CA,O,20,32,False,98.06690216064453,Male,98.50269317626953,CALM
23M_DI_C.jpeg,23,M,DI,C,28,44,False,64.57866668701172,Male,97.07584381103516,DISGUSTED
23M_DI_O.jpeg,23,M,DI,O,29,45,False,55.10715103149414,Male,99.20426177978516,DISGUSTED
23M_FE_C.jpeg,23,M,FE,C,26,40,False,90.91127014160156,Male,98.41680145263672,FEAR
23M_FE_O.jpeg,23,M,FE,O,23,35,False,94.55829620361328,Male,97.29942321777344,SURPRISED
23M_HA_C.jpeg,23,M,HA,C,23,37,True,99.4927978515625,Male,99.7878189086914,HAPPY
23M_HA_O.jpeg,23,M,HA,O,19,31,True,99.9717788696289,Male,99.34358215332031,HAPPY
23M_HA_X.jpeg,23,M,HA,X,19,31,True,99.9535903930664,Male,97.39019775390625,HAPPY
23M_NE_C.jpeg,23,M,NE,C,21,33,False,99.27793884277344,Male,98.58299255371094,CALM
23M_NE_O.jpeg,23,M,NE,O,22,34,False,98.8753433227539,Male,98.61004638671875,CALM
23M_SA_C.jpeg,23,M,SA,C,32,48,False,81.347900390625,Male,99.23027801513672,DISGUSTED
23M_SA_O.jpeg,23,M,SA,O,26,40,False,93.46244812011719,Male,99.84173583984375,CONFUSED
23M_SP_O.jpeg,23,M,SP,O,19,31,False,92.7059555053711,Male,97.76725006103516,SURPRISED
24M_AN_C.jpeg,24,M,AN,C,26,42,False,99.34696197509766,Male,99.61615753173828,ANGRY
24M_AN_O.jpeg,24,M,AN,O,26,42,False,86.17581939697266,Male,96.7499771118164,ANGRY
24M_CA_C.jpeg,24,M,CA,C,23,37,False,98.79595184326172,Male,98.41456604003906,CALM
24M_CA_O.jpeg,24,M,CA,O,24,38,False,99.016357421875,Male,98.38404846191406,CALM
24M_DI_C.jpeg,24,M,DI,C,32,48,False,96.83668518066406,Male,99.5370101928711,DISGUSTED
24M_DI_O.jpeg,24,M,DI,O,32,48,False,92.0925521850586,Male,99.16015625,DISGUSTED
24M_FE_O.jpeg,24,M,FE,O,31,47,False,94.23448181152344,Male,98.04134368896484,FEAR
24M_HA_C.jpeg,24,M,HA,C,31,47,True,99.11534118652344,Male,99.40345764160156,HAPPY
24M_HA_O.jpeg,24,M,HA,O,24,38,True,99.98104095458984,Male,96.84407043457031,HAPPY
24M_HA_X.jpeg,24,M,HA,X,25,39,True,99.96473693847656,Male,97.74657440185547,HAPPY
24M_NE_C.jpeg,24,M,NE,C,25,39,False,99.64794921875,Male,97.88348388671875,CALM
24M_NE_O.jpeg,24,M,NE,O,23,37,False,99.37748718261719,Male,96.77120208740234,CALM
24M_SA_C.jpeg,24,M,SA,C,33,49,False,98.49979400634766,Male,99.38412475585938,SAD
24M_SA_O.jpeg,24,M,SA,O,30,46,False,89.51519775390625,Male,99.43653869628906,DISGUSTED
24M_SP_O.jpeg,24,M,SP,O,23,37,False,98.86654663085938,Male,96.3036880493164,SURPRISED
25M_AN_C.jpeg,25,M,AN,C,27,43,False,99.34455871582031,Male,99.67102813720703,ANGRY
25M_AN_O.jpeg,25,M,AN,O,32,48,False,87.24161529541016,Male,98.96308898925781,ANGRY
25M_CA_C.jpeg,25,M,CA,C,33,49,False,99.7878646850586,Male,99.30013275146484,CALM
25M_CA_O.jpeg,25,M,CA,O,31,47,False,99.74562072753906,Male,98.15836334228516,CALM
25M_DI_C.jpeg,25,M,DI,C,36,54,False,98.99679565429688,Male,99.45047760009766,ANGRY
25M_DI_O.jpeg,25,M,DI,O,36,54,False,92.75995635986328,Male,97.57888793945312,ANGRY
25M_FE_O.jpeg,25,M,FE,O,36,52,False,98.26155090332031,Male,96.96408081054688,FEAR
25M_HA_C.jpeg,25,M,HA,C,35,51,True,96.99469757080078,Male,98.98263549804688,HAPPY
25M_HA_O.jpeg,25,M,HA,O,35,51,True,99.68506622314453,Male,96.62651062011719,HAPPY
25M_HA_X.jpeg,25,M,HA,X,28,44,True,99.96415710449219,Male,91.79820251464844,HAPPY
25M_NE_C.jpeg,25,M,NE,C,33,49,False,99.73663330078125,Male,99.56082153320312,CALM
25M_SA_C.jpeg,25,M,SA,C,36,54,False,99.23351287841797,Male,99.53729248046875,ANGRY
25M_SA_O.jpeg,25,M,SA,O,46,64,False,95.67073822021484,Male,97.9907455444336,SAD
25M_SP_O.jpeg,25,M,SP,O,29,45,False,94.4732894897461,Male,89.90218353271484,SURPRISED
26M_AN_C.jpeg,26,M,AN,C,27,43,False,96.71925354003906,Male,81.79225158691406,ANGRY
26M_AN_O.jpeg,26,M,AN,O,27,43,False,92.16404724121094,Male,68.0402603149414,ANGRY
26M_CA_C.jpeg,26,M,CA,C,20,32,False,99.77571868896484,Male,96.81039428710938,CALM
26M_CA_O.jpeg,26,M,CA,O,19,31,False,99.3727798461914,Male,97.8462905883789,ANGRY
26M_DI_C.jpeg,26,M,DI,C,44,62,False,88.58977508544922,Male,63.2293586730957,ANGRY
26M_DI_O.jpeg,26,M,DI,O,34,50,False,86.18893432617188,Male,85.64732360839844,ANGRY
26M_FE_C.jpeg,26,M,FE,C,22,34,False,96.1021728515625,Male,81.10993194580078,SURPRISED
26M_FE_O.jpeg,26,M,FE,O,36,54,False,89.9338607788086,Female,60.010772705078125,ANGRY
26M_HA_C.jpeg,26,M,HA,C,22,34,True,97.9029312133789,Male,89.53684997558594,HAPPY
26M_HA_O.jpeg,26,M,HA,O,22,34,True,99.8910903930664,Male,71.35282897949219,HAPPY
26M_HA_X.jpeg,26,M,HA,X,19,31,True,98.84955596923828,Male,88.77433013916016,HAPPY
26M_NE_C.jpeg,26,M,NE,C,20,32,False,99.62218475341797,Male,96.64486694335938,CALM
26M_NE_O.jpeg,26,M,NE,O,20,32,False,98.23748779296875,Male,92.34651184082031,ANGRY
26M_SA_C.jpeg,26,M,SA,C,35,51,False,90.72177124023438,Male,86.4325942993164,DISGUSTED
26M_SA_O.jpeg,26,M,SA,O,21,33,False,99.07794189453125,Male,96.66532897949219,CONFUSED
26M_SP_O.jpeg,26,M,SP,O,22,34,False,90.84632110595703,Female,65.15746307373047,FEAR
27M_AN_C.jpeg,27,M,AN,C,29,45,False,97.7628402709961,Male,99.46505737304688,ANGRY
27M_AN_O.jpeg,27,M,AN,O,20,32,False,95.41797637939453,Male,98.65056610107422,ANGRY
27M_CA_O.jpeg,27,M,CA,O,22,34,False,97.99839782714844,Male,98.55603790283203,SURPRISED
27M_DI_C.jpeg,27,M,DI,C,32,48,False,84.01289367675781,Male,99.28297424316406,DISGUSTED
27M_DI_O.jpeg,27,M,DI,O,36,52,False,75.56436920166016,Male,99.61553955078125,ANGRY
27M_FE_C.jpeg,27,M,FE,C,25,39,False,97.94029235839844,Male,95.1409912109375,FEAR
27M_FE_O.jpeg,27,M,FE,O,34,50,False,94.78295135498047,Male,85.13435363769531,FEAR
27M_HA_O.jpeg,27,M,HA,O,22,34,True,99.9179916381836,Male,97.76934051513672,HAPPY
27M_HA_X.jpeg,27,M,HA,X,23,35,True,99.51915740966797,Male,97.85549926757812,HAPPY
27M_NE_C.jpeg,27,M,NE,C,23,37,False,99.72187042236328,Male,97.52852630615234,CALM
27M_NE_O.jpeg,27,M,NE,O,22,34,False,99.16050720214844,Male,97.92735290527344,SURPRISED
27M_SA_C.jpeg,27,M,SA,C,24,38,False,98.922607421875,Male,95.3447265625,SAD
27M_SA_O.jpeg,27,M,SA,O,37,55,False,87.28742980957031,Male,95.74020385742188,FEAR
27M_SP_O.jpeg,27,M,SP,O,22,34,False,91.73043060302734,Male,94.56566619873047,FEAR
28M_AN_C.jpeg,28,M,AN,C,17,29,False,99.29438781738281,Male,98.92444610595703,CALM
28M_AN_O.jpeg,28,M,AN,O,26,40,False,94.04383087158203,Male,99.58954620361328,ANGRY
28M_CA_C.jpeg,28,M,CA,C,16,28,False,99.53551483154297,Male,95.31315612792969,CALM
28M_CA_O.jpeg,28,M,CA,O,15,27,False,99.01490020751953,Male,98.43107604980469,SURPRISED
28M_DI_C.jpeg,28,M,DI,C,22,34,False,81.31472778320312,Male,97.42938995361328,DISGUSTED
28M_DI_O.jpeg,28,M,DI,O,23,37,False,77.05315399169922,Male,97.07756805419922,DISGUSTED
28M_FE_C.jpeg,28,M,FE,C,26,40,False,96.8380126953125,Male,93.55211639404297,FEAR
28M_FE_O.jpeg,28,M,FE,O,43,61,False,94.74783325195312,Male,94.38814544677734,FEAR
28M_HA_C.jpeg,28,M,HA,C,14,26,True,98.3212890625,Male,97.92584991455078,HAPPY
28M_HA_O.jpeg,28,M,HA,O,13,25,True,99.91816711425781,Male,96.89424133300781,HAPPY
28M_HA_X.jpeg,28,M,HA,X,13,23,True,99.7710952758789,Male,94.92782592773438,HAPPY
28M_NE_C.jpeg,28,M,NE,C,17,29,False,99.81723022460938,Male,95.93900299072266,CALM
28M_NE_O.jpeg,28,M,NE,O,17,29,False,99.6064453125,Male,98.7464370727539,SURPRISED
28M_SA_C.jpeg,28,M,SA,C,24,38,False,99.07884979248047,Male,97.25590515136719,FEAR
28M_SA_O.jpeg,28,M,SA,O,35,51,False,94.48526763916016,Male,97.78182983398438,FEAR
28M_SP_O.jpeg,28,M,SP,O,13,25,False,95.97994232177734,Male,94.62498474121094,SURPRISED
29M_AN_C.jpeg,29,M,AN,C,30,46,False,93.3725357055664,Male,98.16868591308594,DISGUSTED
29M_AN_O.jpeg,29,M,AN,O,31,47,False,90.96739959716797,Male,85.86092376708984,ANGRY
29M_CA_C.jpeg,29,M,CA,C,22,34,False,98.82293701171875,Male,99.38993072509766,CALM
29M_CA_O.jpeg,29,M,CA,O,22,34,False,98.18013000488281,Male,98.21670532226562,CONFUSED
29M_DI_C.jpeg,29,M,DI,C,37,55,False,75.05595397949219,Male,94.44686126708984,DISGUSTED
29M_DI_O.jpeg,29,M,DI,O,34,50,False,70.49002075195312,Male,92.64376068115234,DISGUSTED
29M_FE_C.jpeg,29,M,FE,C,24,38,False,95.8935775756836,Male,91.00421905517578,SURPRISED
29M_FE_O.jpeg,29,M,FE,O,34,50,True,70.0750961303711,Male,93.53668212890625,FEAR
29M_HA_C.jpeg,29,M,HA,C,34,50,True,87.56001281738281,Male,98.64775848388672,HAPPY
29M_HA_O.jpeg,29,M,HA,O,23,35,True,99.86908721923828,Male,62.62868118286133,HAPPY
29M_HA_X.jpeg,29,M,HA,X,29,45,True,98.85987854003906,Male,86.84712982177734,HAPPY
29M_NE_C.jpeg,29,M,NE,C,22,34,False,99.42285919189453,Male,97.55089569091797,CALM
29M_NE_O.jpeg,29,M,NE,O,20,32,False,97.49757385253906,Male,96.69092559814453,ANGRY
29M_SA_C.jpeg,29,M,SA,C,31,47,False,96.58381652832031,Male,93.3734130859375,DISGUSTED
29M_SA_O.jpeg,29,M,SA,O,28,44,False,95.82496643066406,Male,98.0409164428711,DISGUSTED
29M_SP_O.jpeg,29,M,SP,O,18,30,False,89.94274139404297,Male,82.12428283691406,SURPRISED
30M_AN_C.jpeg,30,M,AN,C,26,40,False,99.1324462890625,Male,95.48992156982422,ANGRY
30M_AN_O.jpeg,30,M,AN,O,30,46,False,88.02111053466797,Male,95.95938110351562,ANGRY
30M_CA_C.jpeg,30,M,CA,C,23,37,False,99.86241912841797,Male,94.51599884033203,CALM
30M_CA_O.jpeg,30,M,CA,O,20,32,False,99.56023406982422,Male,98.3211898803711,SURPRISED
30M_DI_O.jpeg,30,M,DI,O,35,51,False,93.65270233154297,Male,96.83978271484375,SURPRISED
30M_FE_C.jpeg,30,M,FE,C,16,28,False,99.25240325927734,Male,94.11804962158203,SURPRISED
30M_FE_O.jpeg,30,M,FE,O,23,35,False,88.39913940429688,Male,83.55926513671875,SURPRISED
30M_HA_C.jpeg,30,M,HA,C,14,26,False,65.06135559082031,Male,97.93135070800781,SURPRISED
30M_HA_O.jpeg,30,M,HA,O,20,32,True,99.4062271118164,Male,95.82125854492188,HAPPY
30M_HA_X.jpeg,30,M,HA,X,30,46,True,96.36946105957031,Male,99.23418426513672,SURPRISED
30M_NE_C.jpeg,30,M,NE,C,23,37,False,99.8563003540039,Male,95.8936767578125,CALM
30M_NE_O.jpeg,30,M,NE,O,21,33,False,99.78067016601562,Male,97.149169921875,SURPRISED
30M_SA_C.jpeg,30,M,SA,C,26,40,False,98.76873016357422,Male,91.19157409667969,CONFUSED
30M_SA_O.jpeg,30,M,SA,O,22,34,False,97.64185333251953,Male,87.9754867553711,SURPRISED
30M_SP_O.jpeg,30,M,SP,O,29,45,False,91.99803161621094,Male,96.42476654052734,SURPRISED
31M_AN_C.jpeg,31,M,AN,C,27,43,False,99.3718490600586,Male,99.97605895996094,ANGRY
31M_AN_O.jpeg,31,M,AN,O,30,46,False,90.57553100585938,Male,99.72020721435547,ANGRY
31M_CA_C.jpeg,31,M,CA,C,24,38,False,99.64431762695312,Male,99.82012939453125,CALM
31M_CA_O.jpeg,31,M,CA,O,25,39,False,99.70418548583984,Male,99.76319122314453,CALM
31M_DI_C.jpeg,31,M,DI,C,27,43,False,89.44512176513672,Male,99.90428924560547,DISGUSTED
31M_DI_O.jpeg,31,M,DI,O,34,50,False,96.51226806640625,Male,99.44457244873047,ANGRY
31M_FE_C.jpeg,31,M,FE,C,26,40,False,99.42523193359375,Male,99.5688705444336,CONFUSED
31M_FE_O.jpeg,31,M,FE,O,27,43,False,98.28271484375,Male,98.27075958251953,FEAR
31M_HA_C.jpeg,31,M,HA,C,28,44,True,75.39348602294922,Male,99.87421417236328,HAPPY
31M_HA_O.jpeg,31,M,HA,O,28,44,True,99.6117935180664,Male,99.78765869140625,HAPPY
31M_HA_X.jpeg,31,M,HA,X,30,46,True,87.264404296875,Male,98.60194396972656,SURPRISED
31M_NE_C.jpeg,31,M,NE,C,23,37,False,99.58026123046875,Male,99.83343505859375,CALM
31M_NE_O.jpeg,31,M,NE,O,24,38,False,99.54507446289062,Male,99.78998565673828,CALM
31M_SA_C.jpeg,31,M,SA,C,26,42,False,99.53843688964844,Male,99.90760040283203,CONFUSED
31M_SA_O.jpeg,31,M,SA,O,24,38,False,95.7576675415039,Male,99.82780456542969,ANGRY
31M_SP_O.jpeg,31,M,SP,O,22,34,False,97.83270263671875,Male,95.3006362915039,SURPRISED
32M_AN_C.jpeg,32,M,AN,C,23,35,False,97.53508758544922,Male,98.73966979980469,ANGRY
32M_AN_O.jpeg,32,M,AN,O,21,33,False,95.93946075439453,Male,97.6408462524414,ANGRY
32M_CA_C.jpeg,32,M,CA,C,20,32,False,98.98323059082031,Male,96.76765441894531,CALM
32M_CA_O.jpeg,32,M,CA,O,21,33,False,98.69988250732422,Male,96.0403823852539,CALM
32M_DI_C.jpeg,32,M,DI,C,28,44,False,75.36933898925781,Male,91.03285217285156,DISGUSTED
32M_DI_O.jpeg,32,M,DI,O,35,51,False,85.50397491455078,Male,95.43387603759766,ANGRY
32M_FE_C.jpeg,32,M,FE,C,22,34,False,98.19243621826172,Male,95.67716217041016,FEAR
32M_FE_O.jpeg,32,M,FE,O,23,37,False,95.45709228515625,Male,95.52009582519531,FEAR
32M_HA_C.jpeg,32,M,HA,C,19,31,True,86.03002166748047,Male,96.14651489257812,HAPPY
32M_HA_O.jpeg,32,M,HA,O,17,29,True,99.36100769042969,Male,98.14839935302734,HAPPY
32M_HA_X.jpeg,32,M,HA,X,22,34,True,99.15364074707031,Male,95.85954284667969,HAPPY
32M_NE_C.jpeg,32,M,NE,C,22,34,False,99.72854614257812,Male,98.26811218261719,CALM
32M_NE_O.jpeg,32,M,NE,O,17,29,False,98.7505111694336,Male,96.65222930908203,SURPRISED
32M_SA_C.jpeg,32,M,SA,C,19,31,False,99.02484130859375,Male,97.79328918457031,FEAR
32M_SA_O.jpeg,32,M,SA,O,11,21,False,93.31824493408203,Male,95.23767852783203,FEAR
32M_SP_O.jpeg,32,M,SP,O,15,27,False,94.46782684326172,Male,90.87063598632812,FEAR
33M_AN_C.jpeg,33,M,AN,C,29,45,False,98.16227722167969,Male,99.3422622680664,ANGRY
33M_AN_O.jpeg,33,M,AN,O,43,61,False,77.38690948486328,Male,95.88884735107422,ANGRY
33M_CA_C.jpeg,33,M,CA,C,23,37,False,99.78436279296875,Male,98.23986053466797,CALM
33M_CA_O.jpeg,33,M,CA,O,25,39,False,98.86128997802734,Male,98.99639129638672,SURPRISED
33M_DI_C.jpeg,33,M,DI,C,38,56,False,92.99280548095703,Male,97.01304626464844,DISGUSTED
33M_DI_O.jpeg,33,M,DI,O,35,51,False,84.1713638305664,Male,98.88585662841797,ANGRY
33M_FE_C.jpeg,33,M,FE,C,43,61,False,91.30201721191406,Male,84.31285095214844,FEAR
33M_FE_O.jpeg,33,M,FE,O,23,37,False,90.18907928466797,Male,87.71184539794922,FEAR
33M_HA_C.jpeg,33,M,HA,C,33,49,True,97.2344741821289,Male,98.48873901367188,HAPPY
33M_HA_O.jpeg,33,M,HA,O,23,35,True,99.72942352294922,Male,92.21886444091797,HAPPY
33M_HA_X.jpeg,33,M,HA,X,10,20,True,84.57835388183594,Male,94.53338623046875,SURPRISED
33M_NE_C.jpeg,33,M,NE,C,23,37,False,99.82119750976562,Male,98.0329360961914,CALM
33M_NE_O.jpeg,33,M,NE,O,25,39,False,98.87928771972656,Male,98.68761444091797,SURPRISED
33M_SA_C.jpeg,33,M,SA,C,28,44,False,96.84481811523438,Male,98.68473052978516,DISGUSTED
33M_SA_O.jpeg,33,M,SA,O,30,46,False,97.4472427368164,Male,99.5603256225586,FEAR
33M_SP_O.jpeg,33,M,SP,O,5,15,False,87.37002563476562,Male,87.08244323730469,SURPRISED
34M_AN_C.jpeg,34,M,AN,C,28,44,False,88.12025451660156,Male,87.15458679199219,ANGRY
34M_AN_O.jpeg,34,M,AN,O,24,38,False,75.8000717163086,Male,77.29997253417969,ANGRY
34M_CA_C.jpeg,34,M,CA,C,22,34,False,99.62394714355469,Male,97.87533569335938,CALM
34M_CA_O.jpeg,34,M,CA,O,22,34,False,98.7022933959961,Male,98.14236450195312,SURPRISED
34M_DI_C.jpeg,34,M,DI,C,30,46,False,74.57127380371094,Male,92.81167602539062,DISGUSTED
34M_DI_O.jpeg,34,M,DI,O,29,45,False,69.46987915039062,Male,96.08699798583984,DISGUSTED
34M_FE_C.jpeg,34,M,FE,C,25,39,False,86.45067596435547,Male,89.31886291503906,FEAR
34M_FE_O.jpeg,34,M,FE,O,32,48,False,87.74410247802734,Male,61.61897277832031,FEAR
34M_HA_C.jpeg,34,M,HA,C,23,37,True,97.71156311035156,Male,97.39222717285156,HAPPY
34M_HA_O.jpeg,34,M,HA,O,22,34,True,99.79947662353516,Male,96.40785217285156,HAPPY
34M_HA_X.jpeg,34,M,HA,X,22,34,True,95.80945587158203,Male,98.17504119873047,SURPRISED
34M_NE_C.jpeg,34,M,NE,C,22,34,False,99.52899169921875,Male,96.89256286621094,CALM
34M_NE_O.jpeg,34,M,NE,O,22,34,False,98.33501434326172,Male,96.2593002319336,FEAR
34M_SA_C.jpeg,34,M,SA,C,25,39,False,97.77581024169922,Male,91.1927490234375,SAD
34M_SA_O.jpeg,34,M,SA,O,22,34,False,97.12016296386719,Male,82.43130493164062,FEAR
34M_SP_O.jpeg,34,M,SP,O,22,34,False,91.89071655273438,Male,75.02741241455078,FEAR
35M_AN_C.jpeg,35,M,AN,C,32,48,False,99.60018157958984,Male,99.47799682617188,ANGRY
35M_AN_O.jpeg,35,M,AN,O,31,47,False,80.04122924804688,Male,99.40037536621094,ANGRY
35M_CA_C.jpeg,35,M,CA,C,22,34,False,99.70046997070312,Male,99.67076110839844,CALM
35M_CA_O.jpeg,35,M,CA,O,23,37,False,99.59012603759766,Male,99.82563781738281,SURPRISED
35M_DI_O.jpeg,35,M,DI,O,33,49,False,95.22554016113281,Male,99.86319732666016,ANGRY
35M_FE_C.jpeg,35,M,FE,C,31,47,False,98.18885803222656,Male,99.33968353271484,SURPRISED
35M_FE_O.jpeg,35,M,FE,O,26,42,False,93.6839599609375,Male,97.19517517089844,SURPRISED
35M_HA_C.jpeg,35,M,HA,C,26,40,True,98.54657745361328,Male,99.7770767211914,HAPPY
35M_HA_O.jpeg,35,M,HA,O,26,42,True,99.97087097167969,Male,99.570068359375,HAPPY
35M_HA_X.jpeg,35,M,HA,X,26,42,True,94.40272521972656,Male,99.5639419555664,SURPRISED
35M_NE_C.jpeg,35,M,NE,C,22,34,False,99.76350402832031,Male,99.5863037109375,CALM
35M_NE_O.jpeg,35,M,NE,O,23,37,False,99.82411193847656,Male,99.34854888916016,CALM
35M_SA_O.jpeg,35,M,SA,O,28,44,False,99.62293243408203,Male,99.798583984375,SURPRISED
35M_SP_O.jpeg,35,M,SP,O,26,42,False,91.58226013183594,Male,98.37342834472656,SURPRISED
36M_AN_C.jpeg,36,M,AN,C,23,37,False,97.8951416015625,Male,98.07323455810547,ANGRY
36M_AN_O.jpeg,36,M,AN,O,28,44,False,86.2251205444336,Male,97.70921325683594,ANGRY
36M_CA_C.jpeg,36,M,CA,C,23,35,False,99.56243896484375,Male,97.91793823242188,CALM
36M_CA_O.jpeg,36,M,CA,O,31,47,False,98.88893127441406,Male,97.99547576904297,SAD
36M_DI_C.jpeg,36,M,DI,C,23,35,False,75.07412719726562,Male,96.99542236328125,DISGUSTED
36M_DI_O.jpeg,36,M,DI,O,33,49,False,75.68739318847656,Male,89.67266082763672,DISGUSTED
36M_FE_C.jpeg,36,M,FE,C,35,51,False,97.83533477783203,Male,91.07942199707031,SURPRISED
36M_FE_O.jpeg,36,M,FE,O,33,49,False,90.0430679321289,Male,81.47850036621094,FEAR
36M_HA_C.jpeg,36,M,HA,C,23,35,True,97.84017181396484,Male,97.29964447021484,HAPPY
36M_HA_O.jpeg,36,M,HA,O,22,34,True,99.89358520507812,Male,97.49114227294922,HAPPY
36M_HA_X.jpeg,36,M,HA,X,21,33,True,93.79100036621094,Male,93.5120620727539,SURPRISED
36M_NE_C.jpeg,36,M,NE,C,22,34,False,99.75691223144531,Male,98.52761840820312,CALM
36M_NE_O.jpeg,36,M,NE,O,22,34,False,99.47530364990234,Male,98.7086181640625,CALM
36M_SA_C.jpeg,36,M,SA,C,23,35,False,99.6983413696289,Male,94.86461639404297,SAD
36M_SA_O.jpeg,36,M,SA,O,26,42,False,98.41397094726562,Male,96.05770874023438,SAD
36M_SP_O.jpeg,36,M,SP,O,22,34,False,94.22881317138672,Male,89.81902313232422,SURPRISED
37M_AN_C.jpeg,37,M,AN,C,32,48,False,97.30274963378906,Male,97.21027374267578,ANGRY
37M_AN_O.jpeg,37,M,AN,O,31,47,False,94.31074523925781,Male,94.11302947998047,ANGRY
37M_CA_C.jpeg,37,M,CA,C,13,23,False,99.22222900390625,Male,99.55572509765625,CALM
37M_CA_O.jpeg,37,M,CA,O,13,23,False,94.7642593383789,Male,99.90853881835938,CALM
37M_DI_C.jpeg,37,M,DI,C,36,52,False,83.26068878173828,Male,97.90105438232422,DISGUSTED
37M_DI_O.jpeg,37,M,DI,O,30,46,False,90.38270568847656,Male,96.38246154785156,DISGUSTED
37M_FE_C.jpeg,37,M,FE,C,20,32,False,95.4632797241211,Male,74.42945861816406,FEAR
37M_FE_O.jpeg,37,M,FE,O,20,32,False,94.939697265625,Male,96.35021209716797,FEAR
37M_HA_C.jpeg,37,M,HA,C,23,35,True,98.78650665283203,Male,96.74740600585938,HAPPY
37M_HA_O.jpeg,37,M,HA,O,22,34,True,99.94210815429688,Male,98.00688171386719,HAPPY
37M_HA_X.jpeg,37,M,HA,X,27,43,True,97.01109313964844,Male,98.1510009765625,HAPPY
37M_NE_C.jpeg,37,M,NE,C,14,26,False,99.4591293334961,Male,98.11492919921875,CALM
37M_NE_O.jpeg,37,M,NE,O,14,26,False,98.6533203125,Male,99.54925537109375,SURPRISED
37M_SA_C.jpeg,37,M,SA,C,19,31,False,99.711181640625,Male,98.27819061279297,SAD
37M_SA_O.jpeg,37,M,SA,O,21,33,False,99.13645935058594,Male,96.79493713378906,CONFUSED
37M_SP_O.jpeg,37,M,SP,O,12,22,False,91.05943298339844,Male,97.82615661621094,SURPRISED
38M_AN_C.jpeg,38,M,AN,C,30,46,False,97.81761932373047,Male,99.43046569824219,CALM
38M_AN_O.jpeg,38,M,AN,O,31,47,False,88.47109985351562,Male,98.21989440917969,ANGRY
38M_CA_C.jpeg,38,M,CA,C,32,48,False,99.76704406738281,Male,99.59638977050781,CALM
38M_CA_O.jpeg,38,M,CA,O,32,48,False,98.65814971923828,Male,98.84992980957031,CALM
38M_DI_C.jpeg,38,M,DI,C,32,48,False,91.90579986572266,Male,99.27581787109375,DISGUSTED
38M_DI_O.jpeg,38,M,DI,O,30,46,False,71.19213104248047,Male,99.4884033203125,DISGUSTED
38M_FE_C.jpeg,38,M,FE,C,32,48,False,99.7696533203125,Male,98.3398208618164,CALM
38M_FE_O.jpeg,38,M,FE,O,32,48,False,93.05521392822266,Male,96.94722747802734,FEAR
38M_HA_C.jpeg,38,M,HA,C,24,38,True,95.69009399414062,Male,97.37037658691406,HAPPY
38M_HA_O.jpeg,38,M,HA,O,28,44,True,97.24404907226562,Male,99.68708801269531,HAPPY
38M_HA_X.jpeg,38,M,HA,X,30,46,True,89.13946533203125,Male,99.46515655517578,HAPPY
38M_NE_C.jpeg,38,M,NE,C,32,48,False,99.75938415527344,Male,99.3089599609375,CALM
38M_NE_O.jpeg,38,M,NE,O,32,48,False,98.5711669921875,Male,99.41438293457031,CALM
38M_SA_C.jpeg,38,M,SA,C,32,48,False,99.81976318359375,Male,99.71358489990234,CALM
38M_SA_O.jpeg,38,M,SA,O,32,48,False,99.71185302734375,Male,99.2932357788086,CALM
38M_SP_O.jpeg,38,M,SP,O,32,48,False,95.60943603515625,Male,91.39999389648438,FEAR
39M_AN_C.jpeg,39,M,AN,C,34,50,False,92.20470428466797,Male,97.74993896484375,DISGUSTED
39M_AN_O.jpeg,39,M,AN,O,31,47,False,89.34064483642578,Male,85.23619842529297,ANGRY
39M_CA_C.jpeg,39,M,CA,C,28,44,False,98.9377212524414,Male,99.83631134033203,CALM
39M_CA_O.jpeg,39,M,CA,O,28,44,False,98.39697265625,Male,99.47069549560547,CALM
39M_DI_C.jpeg,39,M,DI,C,38,56,False,87.8898696899414,Male,99.25241088867188,ANGRY
39M_DI_O.jpeg,39,M,DI,O,28,44,False,87.17210388183594,Male,99.44652557373047,ANGRY
39M_FE_C.jpeg,39,M,FE,C,29,45,False,95.52932739257812,Male,99.75015258789062,FEAR
39M_FE_O.jpeg,39,M,FE,O,28,44,False,83.00592803955078,Male,97.9422607421875,FEAR
39M_HA_C.jpeg,39,M,HA,C,28,44,True,94.74848937988281,Male,99.92564392089844,HAPPY
39M_HA_O.jpeg,39,M,HA,O,28,44,True,99.6956787109375,Male,99.89566040039062,HAPPY
39M_HA_X.jpeg,39,M,HA,X,30,46,True,98.85028076171875,Male,99.9184799194336,HAPPY
39M_NE_C.jpeg,39,M,NE,C,28,44,False,98.97782897949219,Male,99.4205093383789,CALM
39M_NE_O.jpeg,39,M,NE,O,28,44,False,99.33306884765625,Male,99.53330993652344,CALM
39M_SA_C.jpeg,39,M,SA,C,28,44,False,97.99310302734375,Male,98.53443145751953,ANGRY
39M_SA_O.jpeg,39,M,SA,O,28,44,False,97.91543579101562,Male,99.81876373291016,ANGRY
39M_SP_O.jpeg,39,M,SP,O,28,44,False,95.53208923339844,Male,99.48429107666016,FEAR
40M_AN_C.jpeg,40,M,AN,C,37,55,False,88.26956939697266,Male,99.31404113769531,ANGRY
40M_AN_O.jpeg,40,M,AN,O,32,48,False,95.03131103515625,Male,99.4076156616211,ANGRY
40M_CA_C.jpeg,40,M,CA,C,32,48,False,85.46270751953125,Male,99.68403625488281,CALM
40M_CA_O.jpeg,40,M,CA,O,32,48,False,62.44373321533203,Male,99.58319854736328,CALM
40M_DI_C.jpeg,40,M,DI,C,38,56,False,76.56271362304688,Male,99.08226776123047,ANGRY
40M_DI_O.jpeg,40,M,DI,O,36,54,False,75.06072998046875,Male,98.43341064453125,ANGRY
40M_FE_C.jpeg,40,M,FE,C,30,46,False,95.04730987548828,Male,94.34374237060547,SURPRISED
40M_FE_O.jpeg,40,M,FE,O,32,48,False,89.55845642089844,Male,93.3259048461914,FEAR
40M_HA_C.jpeg,40,M,HA,C,36,54,True,99.25668334960938,Male,99.8871841430664,HAPPY
40M_HA_O.jpeg,40,M,HA,O,32,48,True,99.76876831054688,Male,99.45535278320312,HAPPY
40M_HA_X.jpeg,40,M,HA,X,32,48,True,99.70114135742188,Male,99.44425964355469,HAPPY
40M_NE_C.jpeg,40,M,NE,C,32,48,False,96.27802276611328,Male,99.48625183105469,CALM
40M_NE_O.jpeg,40,M,NE,O,32,48,False,90.90480041503906,Male,99.64807891845703,CALM
40M_SA_C.jpeg,40,M,SA,C,32,48,False,95.62486267089844,Male,99.82977294921875,CALM
40M_SA_O.jpeg,40,M,SA,O,36,52,False,70.21900177001953,Male,98.78610229492188,ANGRY
40M_SP_O.jpeg,40,M,SP,O,27,43,False,89.87151336669922,Male,97.18476867675781,FEAR
41M_AN_C.jpeg,41,M,AN,C,32,48,False,92.7799072265625,Male,90.67098236083984,ANGRY
41M_AN_O.jpeg,41,M,AN,O,27,43,False,90.43449401855469,Male,98.32026672363281,ANGRY
41M_CA_C.jpeg,41,M,CA,C,20,32,False,99.06944274902344,Male,99.26162719726562,CALM
41M_CA_O.jpeg,41,M,CA,O,22,34,False,98.95462036132812,Male,99.16532897949219,CALM
41M_DI_C.jpeg,41,M,DI,C,29,45,False,78.74701690673828,Male,91.57877349853516,DISGUSTED
41M_DI_O.jpeg,41,M,DI,O,32,48,False,85.56166076660156,Male,95.94468688964844,DISGUSTED
41M_FE_C.jpeg,41,M,FE,C,22,34,False,97.4260482788086,Male,97.83558654785156,FEAR
41M_FE_O.jpeg,41,M,FE,O,23,35,False,96.72824096679688,Male,97.07891082763672,FEAR
41M_HA_C.jpeg,41,M,HA,C,22,34,True,82.97117614746094,Male,99.57736206054688,HAPPY
41M_HA_O.jpeg,41,M,HA,O,16,28,True,99.71916961669922,Male,96.99594116210938,HAPPY
41M_HA_X.jpeg,41,M,HA,X,22,34,True,92.9223861694336,Male,98.570068359375,SURPRISED
41M_NE_C.jpeg,41,M,NE,C,22,34,False,99.33822631835938,Male,98.8525390625,CALM
41M_NE_O.jpeg,41,M,NE,O,23,37,False,99.27519226074219,Male,99.38724517822266,CALM
41M_SA_C.jpeg,41,M,SA,C,26,42,False,97.71125030517578,Male,92.3855209350586,CALM
41M_SA_O.jpeg,41,M,SA,O,30,46,False,81.85546112060547,Male,88.49202728271484,DISGUSTED
41M_SP_O.jpeg,41,M,SP,O,20,32,False,95.17951202392578,Male,97.48970794677734,SURPRISED
42M_AN_C.jpeg,42,M,AN,C,37,55,False,94.3290023803711,Male,95.99567413330078,ANGRY
42M_AN_O.jpeg,42,M,AN,O,39,57,False,86.54045867919922,Male,94.30094909667969,ANGRY
42M_CA_C.jpeg,42,M,CA,C,30,46,False,99.4645004272461,Male,94.087890625,CALM
42M_CA_O.jpeg,42,M,CA,O,29,45,False,96.15068054199219,Male,93.93488311767578,CALM
42M_DI_C.jpeg,42,M,DI,C,46,64,False,71.01924133300781,Male,78.99896240234375,DISGUSTED
42M_DI_O.jpeg,42,M,DI,O,36,54,False,82.53873443603516,Male,88.46611022949219,ANGRY
42M_FE_O.jpeg,42,M,FE,O,34,50,False,83.15679168701172,Male,93.15013122558594,FEAR
42M_HA_C.jpeg,42,M,HA,C,28,44,True,72.84104919433594,Male,98.13386535644531,HAPPY
42M_HA_O.jpeg,42,M,HA,O,19,31,True,99.97069549560547,Male,97.19171142578125,HAPPY
42M_HA_X.jpeg,42,M,HA,X,33,49,True,90.27915954589844,Male,96.97272491455078,SURPRISED
42M_NE_C.jpeg,42,M,NE,C,26,40,False,99.41104125976562,Male,73.49687194824219,CALM
42M_NE_O.jpeg,42,M,NE,O,22,34,False,99.0805892944336,Male,86.32225036621094,CALM
42M_SA_C.jpeg,42,M,SA,C,36,52,False,80.88591766357422,Male,97.59833526611328,DISGUSTED
42M_SA_O.jpeg,42,M,SA,O,31,47,False,87.60164642333984,Male,96.02474212646484,DISGUSTED
42M_SP_O.jpeg,42,M,SP,O,20,32,False,93.21849822998047,Male,92.63105773925781,SURPRISED
43M_AN_C.jpeg,43,M,AN,C,39,57,False,79.64138793945312,Male,94.07001495361328,ANGRY
43M_AN_O.jpeg,43,M,AN,O,34,50,False,80.17524719238281,Male,99.0645980834961,ANGRY
43M_CA_C.jpeg,43,M,CA,C,27,43,False,99.72156524658203,Male,99.60194396972656,CALM
43M_CA_O.jpeg,43,M,CA,O,22,34,False,99.50837707519531,Male,99.83094787597656,CALM
43M_DI_C.jpeg,43,M,DI,C,39,57,False,91.99886322021484,Male,98.62830352783203,ANGRY
43M_DI_O.jpeg,43,M,DI,O,42,60,False,91.55162811279297,Male,97.35034942626953,ANGRY
43M_FE_C.jpeg,43,M,FE,C,27,43,False,95.49339294433594,Male,99.94669342041016,FEAR
43M_FE_O.jpeg,43,M,FE,O,22,34,False,78.90536499023438,Male,99.91659545898438,FEAR
43M_HA_C.jpeg,43,M,HA,C,24,38,True,99.31975555419922,Male,99.9426040649414,HAPPY
43M_HA_O.jpeg,43,M,HA,O,22,34,True,99.96569061279297,Male,99.59820556640625,HAPPY
43M_HA_X.jpeg,43,M,HA,X,27,43,True,99.59252166748047,Male,99.96311950683594,HAPPY
43M_NE_C.jpeg,43,M,NE,C,22,34,False,99.5813980102539,Male,99.3672866821289,CALM
43M_NE_O.jpeg,43,M,NE,O,22,34,False,99.73506927490234,Male,99.54839324951172,CALM
43M_SA_C.jpeg,43,M,SA,C,28,44,False,99.38055419921875,Male,99.46309661865234,CALM
43M_SA_O.jpeg,43,M,SA,O,26,40,False,99.45977020263672,Male,99.52987670898438,CONFUSED
43M_SP_O.jpeg,43,M,SP,O,22,34,False,96.99134063720703,Male,98.54361724853516,SURPRISED
45M_AN_C.jpeg,45,M,AN,C,33,49,False,90.98637390136719,Male,98.2648696899414,ANGRY
45M_AN_O.jpeg,45,M,AN,O,30,46,False,84.19403839111328,Male,96.5452880859375,ANGRY
45M_CA_C.jpeg,45,M,CA,C,30,46,False,98.25424194335938,Male,99.90692901611328,CALM
45M_CA_O.jpeg,45,M,CA,O,22,34,False,99.5633316040039,Male,99.73575592041016,CALM
45M_DI_C.jpeg,45,M,DI,C,30,46,False,69.63568115234375,Male,99.78606414794922,ANGRY
45M_DI_O.jpeg,45,M,DI,O,28,44,False,66.05121612548828,Male,99.40990447998047,DISGUSTED
45M_FE_C.jpeg,45,M,FE,C,29,45,False,93.04400634765625,Male,93.47348022460938,FEAR
45M_FE_O.jpeg,45,M,FE,O,33,49,False,89.14336395263672,Male,98.65187072753906,FEAR
45M_HA_C.jpeg,45,M,HA,C,22,34,True,92.16361999511719,Male,99.53614044189453,HAPPY
45M_HA_O.jpeg,45,M,HA,O,23,37,True,99.6808090209961,Male,97.27169036865234,HAPPY
45M_HA_X.jpeg,45,M,HA,X,29,45,True,98.65953826904297,Male,98.85211944580078,HAPPY
45M_NE_C.jpeg,45,M,NE,C,24,38,False,99.13905334472656,Male,98.60111999511719,CALM
45M_NE_O.jpeg,45,M,NE,O,22,34,False,99.52478790283203,Male,99.66683959960938,CALM
45M_SA_C.jpeg,45,M,SA,C,23,37,False,98.59178924560547,Male,96.00394439697266,FEAR
45M_SA_O.jpeg,45,M,SA,O,37,55,False,93.30619812011719,Male,99.69674682617188,SAD
45M_SP_O.jpeg,45,M,SP,O,22,34,False,94.04889678955078,Male,98.63607788085938,SURPRISED
