File Name,Clarifai Race,Race Confidence,Clarifai Gender,Gender Confidence,Clarifai Age,Age Confidence
00806e16-a6c4-4c2a-bed8-6ef423916630.jpg,white,0.8432365655899048,masculine,0.9992151260375977,36,0.5700929760932922
016f0241-bad4-491c-8438-618105ec9b0b.jpg,white,0.5255908966064453,masculine,0.9993113279342651,39,0.777169406414032
016fff33-a7fa-4cc7-b008-56809963b916.jpg,white,0.9965329170227051,feminine,0.9864903688430786,63,0.7904571890830994
01722338-5e32-4a29-a888-0169e7e461ef.jpg,asian,0.9975036382675171,masculine,0.9848543405532837,36,0.41400623321533203
01b76faa-cceb-4cc3-896e-8683c0f0cdd2.jpg,asian,0.9981552362442017,feminine,0.9891169667243958,33,0.3691678047180176
01b80bc7-2fcb-4981-91ba-ae2f68cd96bb.jpg,asian,0.9943557977676392,feminine,0.9984129667282104,45,0.5617397427558899
01efa7b8-49d7-47eb-a4b1-fdac65357e49.jpg,"hispanic, latino, or spanish origin",0.4918683171272278,masculine,0.8062133193016052,39,0.2906339764595032
02ca822f-9478-4478-a9a6-4fa54a25eea6.jpg,"hispanic, latino, or spanish origin",0.9315032362937927,masculine,0.9985765814781189,36,0.6068843603134155
032198cd-3686-4c90-aab7-0611e93d81da.jpg,white,0.9875603318214417,feminine,0.9929437637329102,55,0.40319687128067017
035d07ca-4876-4ddc-895f-221bf4c1674f.jpg,white,0.929265022277832,masculine,0.9626931548118591,58,0.6115090847015381
041f46b4-1ade-4321-b095-62d9f9f77103.jpg,asian,0.9999462366104126,feminine,0.7720813751220703,39,0.5620263814926147
04b433f6-bb8e-4a89-85d7-f1fd01175cfa.jpg,asian,0.999670147895813,feminine,0.9994608759880066,23,0.7222890257835388
04fb33f1-d84c-4f8b-a70f-c1164f14c6f5.jpg,asian,0.9867739677429199,feminine,0.992604672908783,23,0.39954209327697754
05043174-7a32-45c3-afb5-a7e735f554ad.jpg,asian,0.9999749660491943,feminine,0.9981085062026978,44,0.42552876472473145
05253ca8-af8d-4983-abf0-e38ed84216ae.jpg,"hispanic, latino, or spanish origin",0.2683354616165161,masculine,0.9484606385231018,39,0.5798598527908325
05270bbb-eff1-4da0-8de4-ef66eca792db.jpg,white,0.9632772207260132,masculine,0.9904366731643677,39,0.6912909746170044
05db2b18-1436-4f7f-84e0-ab650962d2f8.jpg,white,0.9346432685852051,feminine,0.9697179794311523,24,0.4206049144268036
062bc254-6ca3-4da3-a6f8-51d0b368588e.jpg,white,0.9692531824111938,feminine,0.9785647392272949,37,0.5899865627288818
06690457-f88a-491f-a3c5-d775ccde5422.jpg,black or african american,0.9886181354522705,feminine,0.7134907245635986,39,0.6115142703056335
0676ec99-dd68-4766-984a-eb15e0f56f18.jpg,white,0.9856468439102173,masculine,0.9958207607269287,41,0.48820045590400696
06ce73a8-7efd-4f42-bcf6-184c7618b54b.jpg,white,0.8605201244354248,masculine,0.683075487613678,27,0.4429294168949127
078b0691-081c-40df-a7c0-3de3731f57d3.jpg,white,0.9659097790718079,feminine,0.9948458671569824,64,0.6434694528579712
07b984f9-739c-4cf3-81c8-285573ffa243.jpg,white,0.4959002435207367,masculine,0.9960697889328003,36,0.45069217681884766
07f84d8d-bf97-46d2-9a4d-84d296559a4f.jpg,asian,0.9997603893280029,masculine,0.6185499429702759,23,0.6378893852233887
081e9ff2-96e4-4e88-8810-d02e05408b68.jpg,white,0.4009939432144165,feminine,0.6925437450408936,36,0.5214799642562866
08b01255-51df-4d8e-bea2-2a1a35c05863.jpg,white,0.5129470229148865,feminine,0.6455053091049194,37,0.608333945274353
08b561e2-3cfb-43fa-a6e9-7adab1702f6f.jpg,asian,0.9988236427307129,feminine,0.9819997549057007,22,0.706207811832428
098226dd-7cc2-4907-801d-5dde4ad7327e.jpg,white,0.9936171770095825,masculine,0.9693933725357056,58,0.46914610266685486
09eaaf06-fadc-4287-8404-c783baf6d4ec.jpg,asian,0.9913409948348999,feminine,0.7464062571525574,52,0.6493731737136841
0aa6b3cd-bcb2-4089-a5b9-97b4e0589ace.jpg,asian,0.986849308013916,feminine,0.9782260656356812,39,0.5481288433074951
0b1eb708-3fda-4e0b-9944-26946b16c931.jpg,asian,0.9167810678482056,feminine,0.8968464136123657,23,0.4708510637283325
0b3f2e20-74a7-4995-b2d9-9485554abd33.jpg,white,0.8400920629501343,feminine,0.8439650535583496,37,0.5824601650238037
0b78ea29-d282-44de-897b-05b5a63a3e10.jpg,white,0.8355265259742737,feminine,0.9151033759117126,39,0.6314900517463684
0c319056-acd4-4e42-bb0e-abaa4d7ea450.jpg,white,0.9300088286399841,feminine,0.944334864616394,40,0.4115484356880188
0c352ecc-30d0-4a93-8559-a67de89bdf7c.jpg,asian,0.9990100264549255,feminine,0.9979363083839417,23,0.40758734941482544
0c3fb78f-4c09-48d2-a58d-0a7c9f0d4b23.jpg,white,0.9714443683624268,feminine,0.9834309220314026,39,0.46125051379203796
0c5e9a27-aa77-4ec3-81cb-bea87c5e2043.jpg,white,0.8368651866912842,masculine,0.9920167922973633,39,0.4242692291736603
0cfa0a5f-0367-49f2-b927-5f4bb6d24c53.jpg,black or african american,0.9998753070831299,feminine,0.7023814916610718,39,0.6132129430770874
0d6e7fdd-3705-45e2-8b14-f2d79b834830.jpg,asian,0.9975513219833374,masculine,0.9995805025100708,23,0.5379056334495544
0d6f9880-6c5c-4ede-ad4b-43ac051fc457.jpg,white,0.9673655033111572,feminine,0.8875629901885986,39,0.7481215000152588
0d779008-a939-48b7-8ea1-094157d07775.jpg,"hispanic, latino, or spanish origin",0.4252070188522339,feminine,0.7960122227668762,39,0.26070091128349304
0d8ebe54-9f82-4b17-b12e-3bd1389dc49b.jpg,white,0.8107039332389832,feminine,0.9770693778991699,28,0.6258101463317871
0dd8142e-0e22-483d-8bff-c0e1bf622d90.jpg,asian,0.9999521374702454,masculine,0.9881794452667236,33,0.4968544840812683
0ddb47f2-285c-4542-bc07-f521d05749c2.jpg,asian,0.4165208339691162,masculine,0.8804844617843628,46,0.46622228622436523
0e5c0e2a-a930-46b4-9cf9-4001d78b8343.jpg,"hispanic, latino, or spanish origin",0.5038553476333618,masculine,0.9979993104934692,36,0.4759065508842468
0ed63417-b144-4a9a-980f-ca5f455b0349.jpg,white,0.9777100086212158,masculine,0.9997085928916931,41,0.5972917079925537
0f0c3df4-d995-4145-b757-e0109f127580.jpg,white,0.9975106716156006,masculine,0.9983271360397339,29,0.5040203928947449
0f5b2f80-d322-4546-8e9c-e7d7728577c9.jpg,white,0.9951643943786621,feminine,0.9512529969215393,28,0.5137085318565369
0f954d5b-f4f5-476d-876a-bd05f019b578.jpg,white,0.9940787553787231,masculine,0.9000875949859619,40,0.5489262342453003
0fad5be6-1a08-4c65-a725-f2d55e0ff60b.jpg,asian,0.9805097579956055,feminine,0.7484860420227051,39,0.5434116721153259
0fbc0238-30a7-41c9-9797-5e87d9ad303f.jpg,asian,0.9997677803039551,masculine,0.999979555606842,28,0.5376580953598022
0fea47d3-c049-44e1-8abb-770fe25857c5.jpg,asian,0.9986730813980103,feminine,0.9778687953948975,46,0.5110331773757935
0ff52dfa-b055-4d4f-a20d-e8d4b65227a6.jpg,white,0.525117039680481,masculine,0.9986058473587036,36,0.5560345649719238
107535a8-f1e1-4829-9666-12c0275c2455.jpg,white,0.9569609761238098,masculine,0.996796727180481,39,0.6339786052703857
1085e9d5-40ad-4cc3-801a-7db8a1378911.jpg,white,0.9802494049072266,masculine,0.9910681247711182,23,0.6869964599609375
109855ac-5ebd-4c86-b594-b364e6db73e2.jpg,white,0.9928179979324341,masculine,0.9991908073425293,56,0.7398010492324829
10de9fb1-69a9-417e-8ba5-decfd2d1fa1b.jpg,white,0.9813902378082275,feminine,0.9618154764175415,27,0.43524420261383057
10e8b46e-bdd6-481e-9c59-059aa93b471f.jpg,asian,0.9939295649528503,feminine,0.7037829160690308,37,0.5918055772781372
1126d6e2-02f6-4dd6-a9ae-d4d28dab9e22.jpg,white,0.41954511404037476,masculine,0.9400148391723633,49,0.4059838056564331
112c5a81-16cb-4296-a09a-ac2a75b79cc2.jpg,white,0.9539363384246826,feminine,0.6402652263641357,23,0.5053024888038635
11e2f970-2721-4e96-8dac-e375a2087b8a.jpg,asian,0.8110754489898682,feminine,0.5224207043647766,36,0.41156917810440063
12e4b8b5-bb2b-41f7-adf2-e199b29125e6.jpg,asian,0.9999748468399048,masculine,0.8249731659889221,27,0.5344879627227783
131f6616-3f72-431f-96bb-23308fc4db90.jpg,white,0.7180290222167969,masculine,0.9964422583580017,28,0.5926194787025452
13824867-5d20-4922-a2ff-9fafabe4d3d3.jpg,white,0.9126800894737244,masculine,0.9685587882995605,39,0.6622213125228882
1437b3fb-5fe2-4fad-9454-976bb84f7c19.jpg,"hispanic, latino, or spanish origin",0.6837577819824219,masculine,0.9934724569320679,23,0.5762499570846558
146b7259-bb68-4fda-8c82-b85876c96210.jpg,white,0.9742509126663208,feminine,0.98890620470047,24,0.552898645401001
149b6b3f-4555-477c-acbd-a3ee2d37f5b5.jpg,white,0.43991971015930176,masculine,0.8264456987380981,23,0.7338961362838745
150fbefa-f624-4070-91b7-79a5ac09b3d7.jpg,white,0.9627854824066162,masculine,0.9998728036880493,28,0.5510625839233398
15c139f9-2e38-4922-8063-dd459704f901.jpg,white,0.9830093383789062,masculine,0.9887403845787048,33,0.5456242561340332
15ed7ad9-22d3-475e-9738-da05b4420974.jpg,white,0.815301775932312,masculine,0.9999884963035583,24,0.5580873489379883
16dd72df-ef83-45bd-b642-5d96c4ab2227.jpg,white,0.9986278414726257,masculine,0.9813605546951294,39,0.651544451713562
172c249b-12cb-41cb-b9b2-b99e22e8649e.jpg,asian,0.994838535785675,masculine,0.9979418516159058,37,0.626251220703125
1791a607-64b8-4383-9826-2b50677c8d70.jpg,asian,0.6873843669891357,feminine,0.9250271320343018,23,0.7739253640174866
179757b6-3019-4da6-89d7-9e9d7ec2a51e.jpg,white,0.7519587874412537,feminine,0.5621855854988098,37,0.5391165018081665
179829af-3314-4426-bae7-642fcba94f5e.jpg,asian,0.8695365786552429,feminine,0.9874284267425537,28,0.4719490110874176
17e48f8b-b599-49cb-ba30-198c096285a8.jpg,white,0.2608177959918976,feminine,0.7210853695869446,23,0.5174514055252075
18061b53-74bc-414a-a4d4-9e35be431f48.jpg,white,0.5990906357765198,masculine,0.9584198594093323,27,0.49334973096847534
1837b1a1-4650-41fa-9bde-76408be5b4c8.jpg,white,0.8441497087478638,feminine,0.99306720495224,34,0.5960688591003418
18858453-6a9f-4838-be67-06d1aeb0cd72.jpg,white,0.9672656059265137,feminine,0.9835044145584106,39,0.4341445565223694
18a3fb42-36d1-4788-8eaf-21ee9a867484.jpg,white,0.9870550632476807,masculine,0.9841001033782959,39,0.606471061706543
18fbeae6-0c17-4078-a696-c3932fd4fba5.jpg,asian,0.9993852376937866,masculine,0.9312286376953125,36,0.5139821767807007
194fc419-b841-46ea-8a4b-8891f9d49e2d.jpg,white,0.8108880519866943,feminine,0.8686480522155762,37,0.5252275466918945
1962c2e0-5e39-4b71-9b9c-7c801f54ee34.jpg,white,0.3407755494117737,feminine,0.7857424020767212,23,0.5373485684394836
199d127c-0017-4d56-bf77-cf6c30dce69c.jpg,asian,0.9978429079055786,feminine,0.9973230361938477,36,0.5276290774345398
1a0ec0bb-5c7b-40e1-a37e-96c779c8fe32.jpg,black or african american,0.9545615911483765,feminine,0.9958304166793823,36,0.5493791103363037
1a11f1df-54aa-458e-bf3c-418c8a5f45e2.jpg,"hispanic, latino, or spanish origin",0.6622041463851929,masculine,0.7642879486083984,36,0.48831528425216675
1a2e17bb-c824-41b4-bfd3-8b877df60724.jpg,white,0.9152259826660156,feminine,0.995902419090271,48,0.46407878398895264
1b19f522-aa60-471c-b8cc-235d7ad33eba.jpg,white,0.8598681688308716,feminine,0.9101566076278687,37,0.6240783929824829
1b6bf47f-db39-47a0-b671-a4bba810df63.jpg,asian,0.7028260827064514,masculine,0.9999100565910339,28,0.5167760848999023
1b8464f5-5d4e-47a3-af81-dc65a1abceb0.jpg,white,0.8075096011161804,feminine,0.9751756191253662,39,0.43640920519828796
1baf9e9a-913d-4194-8120-b1c6763f6c21.jpg,asian,0.9987157583236694,feminine,0.9778494238853455,23,0.6223703622817993
1bd98cc6-a6d0-4165-b376-90038001cff5.jpg,white,0.5660058259963989,masculine,0.9977918863296509,55,0.43630003929138184
1bdecb6f-4183-432d-8cb5-f6f09661dc5c.jpg,"hispanic, latino, or spanish origin",0.39794766902923584,masculine,0.9974900484085083,27,0.5258469581604004
1c14a81c-9105-4397-b178-418430340565.jpg,asian,0.48506057262420654,feminine,0.9505059719085693,24,0.41406315565109253
1c733443-d34b-4358-8dea-6e0c2eea538a.jpg,"hispanic, latino, or spanish origin",0.32084470987319946,masculine,0.9635945558547974,8,0.7118304371833801
1c914f5a-5a23-4597-b697-029f5ef6b3ae.jpg,"hispanic, latino, or spanish origin",0.9031933546066284,masculine,0.9739061594009399,28,0.4581201672554016
1cf79bdf-1992-4666-96ad-006f3ca93487.jpg,asian,0.9987407326698303,feminine,0.5103679299354553,36,0.5255465507507324
1d9c65a2-1515-43ee-b0a0-508bd171dbee.jpg,white,0.7973521947860718,masculine,0.9946871399879456,48,0.5122607946395874
1dbbfbb6-5fca-4df1-ad7b-59eb3dd3d348.jpg,white,0.9308954477310181,masculine,0.9965234398841858,59,0.8555699586868286
1dd11aac-653f-448a-bd93-b4c132d89cce.jpg,white,0.9913193583488464,feminine,0.9509834051132202,60,0.6394703388214111
1dd612d1-4ca4-478d-b5d4-6d0b1fab7535.jpg,white,0.9950202703475952,masculine,0.9998998045921326,27,0.5836324095726013
1e0d459f-6cc7-4fd2-9ab3-ad9ab2bcada9.jpg,white,0.9775809049606323,masculine,0.8925914764404297,45,0.2895723581314087
1e480b30-8240-4927-a5c8-6207b329a1f4.jpg,white,0.4887683093547821,masculine,0.8726550936698914,28,0.5152339935302734
1e7d8ccf-fba6-4fc4-bf8d-132b3597f63a.jpg,asian,0.9978083968162537,masculine,0.9926469922065735,28,0.4430961012840271
1eb7dc23-5901-4a36-af43-4f59554227a2.jpg,asian,0.9986010789871216,feminine,0.9512242674827576,36,0.42822200059890747
1f209569-8fe1-4795-a891-826a6d156206.jpg,asian,0.9305543899536133,feminine,0.8480935096740723,45,0.3928677439689636
1fd17cac-0803-4efe-aecd-7d875961c662.jpg,white,0.7200507521629333,masculine,0.9973028898239136,39,0.6860265731811523
1ff8edd9-7741-400c-9ca0-d17c4296ccc7.jpg,asian,0.3524859547615051,feminine,0.9588727951049805,39,0.6219034194946289
20430519-0de4-4116-93f6-87de78f8aadd.jpg,white,0.9950946569442749,feminine,0.7703614234924316,39,0.4537561535835266
20b248f9-c18b-49e3-b146-2435fbd89314.jpg,white,0.9997971057891846,masculine,0.9999104142189026,48,0.542794942855835
20faf11e-3991-4f59-9508-e6b124f06042.jpg,asian,0.7106101512908936,masculine,0.6585425138473511,23,0.5210316181182861
213397bf-8550-4a81-af92-291cd294a144.jpg,white,0.9819709062576294,masculine,0.9992069005966187,27,0.5327012538909912
2170cb44-a246-4d4d-9207-0ece922e2d08.jpg,white,0.9856626987457275,feminine,0.9936914443969727,39,0.7171499133110046
217ecde2-f47f-4fdc-af5b-1ee12bac5177.jpg,"hispanic, latino, or spanish origin",0.8995543718338013,feminine,0.9949836730957031,39,0.5864177942276001
2204fe87-ec36-4d92-92fb-3f3a96332824.jpg,asian,0.9590871334075928,feminine,0.9828110337257385,24,0.4849606156349182
224b1ad5-e72e-41df-a330-8a21fdabb9c5.jpg,white,0.5928153991699219,feminine,0.6547613143920898,36,0.36702412366867065
22cada9f-5b2d-42b7-aa07-4daa79add4fa.jpg,asian,0.9992662668228149,feminine,0.9988340139389038,28,0.548514187335968
22d1f912-049b-4fa3-b95b-4ce26a63e8cf.jpg,asian,0.9990795850753784,masculine,0.9934499263763428,36,0.6008144617080688
22f37805-3a3c-4975-8b31-1aad55e0361e.jpg,white,0.9899005889892578,masculine,0.9998999238014221,36,0.559867262840271
233d1280-df14-4c0d-b3c0-55c9af9ca1d3.jpg,asian,0.6328800916671753,feminine,0.9922016859054565,23,0.4392091631889343
23b3ffb3-d05a-4963-a7db-4fcc76d5ce94.jpg,"hispanic, latino, or spanish origin",0.43111348152160645,masculine,0.9940571784973145,40,0.5359644889831543
23defa53-6582-480d-9ce3-d8d1cd9be7f6.jpg,asian,0.9768139123916626,masculine,0.7296648025512695,36,0.5771280527114868
24023f2c-6ac5-4e06-9a25-da906424a158.jpg,white,0.9955211877822876,feminine,0.9827048778533936,24,0.5736469626426697
24d75c35-745a-4278-882f-ef88dc46c6fa.jpg,white,0.9711532592773438,masculine,0.9997912645339966,34,0.5315828919410706
2519064b-80d9-4550-abe7-6f49a62e0412.jpg,white,0.9409881830215454,feminine,0.9910532236099243,39,0.3622610867023468
254e294d-3da2-4093-a7ee-80a575393aa7.jpg,white,0.9959955215454102,masculine,0.9994227886199951,39,0.7097902894020081
2555005f-cb86-454b-b98a-550e11248fe0.jpg,white,0.9980102777481079,masculine,0.969290018081665,39,0.7072963714599609
2560ce48-e9ef-4608-a72b-f1a650809409.jpg,asian,0.40127870440483093,masculine,0.6318621635437012,45,0.3734942078590393
258b7880-b854-4a05-93b5-cd631f7c3223.jpg,white,0.6450594663619995,masculine,0.5689703226089478,39,0.629631519317627
25dcf005-a500-4042-bb4e-243820c20f8d.jpg,black or african american,0.9664970636367798,masculine,0.9982764720916748,39,0.47522634267807007
265d9840-d846-4d52-97ab-65940c4b14e7.jpg,white,0.8140404224395752,masculine,0.9333875179290771,45,0.45737749338150024
265f6526-542b-4f52-84a9-5c38f2838584.jpg,asian,0.30555805563926697,feminine,0.9716917276382446,23,0.608074426651001
26882ad4-a4c8-410c-be5e-3b87df8df707.jpg,white,0.38049599528312683,masculine,0.8786747455596924,39,0.4670103192329407
26c319d4-66fe-4c84-a676-3329e96f4f85.jpg,asian,0.9985741376876831,feminine,0.9937884211540222,27,0.37964707612991333
26cee6ec-0488-47d4-8fd2-1d08da1a10cb.jpg,white,0.6997870206832886,masculine,0.9995763301849365,37,0.6966520547866821
26d7b7ce-4afc-4368-971e-16eda44a7dbe.jpg,white,0.35890650749206543,feminine,0.656446099281311,1,0.9033731818199158
2837b9d4-84e2-46d2-91b8-06237d5b3547.jpg,white,0.9589889049530029,feminine,0.9571309685707092,46,0.605347752571106
28ad39b1-4eea-49fb-a165-efd4bb8b65af.jpg,asian,0.9681128263473511,masculine,0.9995906352996826,38,0.611796498298645
28e5626a-4aac-4ea1-a491-4ce3fbefb4e1.jpg,white,0.997450590133667,masculine,0.9997437000274658,36,0.6815033555030823
2954ef98-248a-42fa-8cfd-9c8a550ae13c.jpg,white,0.8088136911392212,feminine,0.9704222679138184,23,0.719001054763794
298f564f-2fe5-4234-91a1-ad896a30cb41.jpg,asian,0.999343752861023,feminine,0.9759682416915894,39,0.4430621862411499
2a25d49a-10d6-482e-b0b0-e3062604b45d.jpg,white,0.4787660241127014,masculine,0.5581784844398499,24,0.47846946120262146
2a277d38-420b-48c5-b51e-225cb185be8f.jpg,black or african american,0.9633268117904663,masculine,0.7811096906661987,41,0.6506569981575012
2a3aac47-c4c8-4419-8337-ebbd4a9cbfc8.jpg,white,0.7808350324630737,feminine,0.9962427616119385,23,0.431715190410614
2a758235-8aef-49ed-abcf-2de65bac7af5.jpg,white,0.7702945470809937,masculine,0.7731289863586426,55,0.36361825466156006
2a7737de-2c4c-4003-9a6e-1e16f307222d.jpg,asian,0.999426543712616,feminine,0.8746621012687683,36,0.5422781109809875
2a790aa3-db11-4ec7-bc45-5ec24209301e.jpg,white,0.9916684031486511,feminine,0.7664846181869507,39,0.40998783707618713
2a9746c7-8a51-47dc-962c-ef05557b7a19.jpg,white,0.27785706520080566,masculine,0.9902262091636658,39,0.6745272874832153
2aa2d4ba-047e-473a-b5c6-c1ec9485cdad.jpg,asian,0.998947262763977,feminine,0.9991161823272705,39,0.4112282395362854
2b4ccc61-e5bc-49ac-86a3-57ce4d38a639.jpg,white,0.9144405126571655,masculine,0.9918867349624634,45,0.5067800879478455
2c9c1243-6a7b-440e-abb6-20b282db939d.jpg,asian,0.9948850870132446,masculine,0.9778224229812622,36,0.6276088953018188
2cd043c3-a38a-4f56-b254-95d6512062d2.jpg,white,0.402066171169281,feminine,0.8226921558380127,37,0.7089499235153198
2dc08107-70af-492f-bb9c-cfd7ef61913c.jpg,white,0.9133368730545044,feminine,0.7603268623352051,55,0.5517837405204773
2dc84973-dcf8-4216-9ed0-991f5fcc186f.jpg,asian,0.6224234700202942,feminine,0.9031829833984375,39,0.3953002691268921
2f6a19fb-f417-4a6a-9e71-7059345e97b2.jpg,asian,0.9986715912818909,masculine,0.9285666942596436,39,0.6175111532211304
2f9eac28-c1d6-4a4c-9f8a-b6f9f510eb56.jpg,white,0.9565653800964355,masculine,0.9877544045448303,39,0.4281337857246399
2ff99384-0d2b-4fe3-a808-a353338ddfa8.jpg,asian,0.8951014280319214,feminine,0.8373230695724487,39,0.26883864402770996
302ad539-cb57-44b9-9c31-c50b5c115ddb.jpg,white,0.7901163101196289,masculine,0.9950904846191406,40,0.6824469566345215
30f963d2-66d8-45cf-a601-abcf686111d8.jpg,white,0.9981199502944946,feminine,0.9524379968643188,27,0.4957178831100464
3116ec41-0125-4a5d-852c-2d3d15e3dd0c.jpg,"hispanic, latino, or spanish origin",0.5597037672996521,feminine,0.880585253238678,34,0.48330432176589966
31dcb4e7-911b-45bc-a0b0-643e01445e4c.jpg,white,0.9834517240524292,masculine,0.9924999475479126,52,0.6678909063339233
32008ea9-1f8d-48e9-ba65-576eca6f2e90.jpg,white,0.9034663438796997,feminine,0.987557053565979,36,0.6652517914772034
328f936c-368e-492d-abe0-eb0b0e0fbf20.jpg,white,0.9927201271057129,feminine,0.9944757223129272,39,0.3957287669181824
33c40058-760b-482f-88e3-4d6bbfac6898.jpg,asian,0.6719342470169067,masculine,0.9072741270065308,39,0.4735758900642395
33fb280e-5a23-4fc1-a655-762dbf68c1ad.jpg,asian,0.9958688020706177,feminine,0.9588454961776733,39,0.7542240619659424
340ec236-f1d7-4c48-9214-a50c16b075d7.jpg,"hispanic, latino, or spanish origin",0.8045647144317627,feminine,0.9866384267807007,55,0.5919632911682129
34202cee-1a17-413d-acfc-73f2eeb15130.jpg,white,0.8399196267127991,masculine,0.9749356508255005,36,0.5453894138336182
3443fbbf-de1d-4e4f-8782-8aa901abb54c.jpg,asian,0.9087809920310974,feminine,0.9821453094482422,23,0.3866040110588074
345c9e00-5433-4556-a10a-cc118558a65b.jpg,asian,0.9994066953659058,masculine,0.9989957809448242,36,0.5602977275848389
34932a8f-b0a9-46e1-a44a-95b553e84c7c.jpg,"hispanic, latino, or spanish origin",0.5183157920837402,feminine,0.7593549489974976,39,0.33069056272506714
34b25d88-5c4d-4c66-9f4e-7bc322134bed.jpg,white,0.8728233575820923,masculine,0.998070478439331,46,0.6046872138977051
354a3cf3-f17c-48c8-b0f6-f0854e22a5ca.jpg,asian,0.3329140543937683,feminine,0.8777076005935669,39,0.29957324266433716
35742967-38db-4633-bda5-6821a5365e93.jpg,asian,0.9976917505264282,feminine,0.9642035365104675,27,0.44227612018585205
364b6115-dfd5-4605-b631-54bad97138d2.jpg,white,0.615831732749939,feminine,0.961666464805603,39,0.4620873034000397
36777997-d077-446a-a525-dfda201b75b8.jpg,asian,0.9992018938064575,feminine,0.9980301260948181,23,0.6104826927185059
36d484d8-08fc-47ad-ae23-e2e6aa52e815.jpg,white,0.9403328895568848,feminine,0.9821910262107849,39,0.6628702878952026
37082676-65dc-4c2c-87d3-ce6fa0aed1e9.jpg,white,0.9843298196792603,masculine,0.9936676621437073,39,0.6593831777572632
3724c0a1-55d8-442d-99dc-b6146b256e87.jpg,"hispanic, latino, or spanish origin",0.7782421112060547,masculine,0.999396800994873,23,0.7728781700134277
372ea187-3795-42ff-aaf1-2abf172c17dc.jpg,white,0.6203640699386597,masculine,0.9939639568328857,39,0.4220989942550659
376314bc-1268-418d-b584-1da60f76ae75.jpg,asian,0.9983407258987427,masculine,0.8595328330993652,23,0.5187278985977173
376af0da-29f7-48ee-ba7b-866410c673ac.jpg,asian,0.9953116178512573,feminine,0.996397852897644,39,0.8049142956733704
376fc57a-c1d2-4737-be0f-fd3fec721d89.jpg,white,0.9960203766822815,masculine,0.7640430927276611,57,0.5350697636604309
37e46549-6d7f-4a61-8ee8-a9afdbfba740.jpg,asian,0.8273979425430298,masculine,0.9934181571006775,27,0.5140188932418823
38427245-ae9a-4043-ae80-11023b92109f.jpg,white,0.9991755485534668,feminine,0.9877310395240784,39,0.6097828149795532
384c9bd8-4545-4a1b-811b-40cd2c558caa.jpg,white,0.9911065101623535,feminine,0.8512679934501648,24,0.4395630359649658
39010226-e11a-4ffa-af52-33e52cb088c5.jpg,asian,0.9990654587745667,feminine,0.9929162263870239,39,0.5627410411834717
39331fa5-0c01-4978-81fa-609c5acdc43a.jpg,white,0.9828401803970337,feminine,0.980181097984314,39,0.5780667066574097
393c3740-e933-4a93-b7fd-dea4105d8ae4.jpg,asian,0.9999760389328003,masculine,0.9965970516204834,33,0.5078436136245728
39457bde-ba44-4178-9eb1-85eb4ac0ea79.jpg,asian,0.923218846321106,masculine,0.9828172922134399,39,0.7219853401184082
3947fbc4-291d-40fa-9a95-3d8377882dd6.jpg,asian,0.9984732866287231,masculine,0.999732494354248,27,0.596920371055603
39b8bb12-0c74-4d7e-a5ca-2efba16772bf.jpg,"hispanic, latino, or spanish origin",0.41295936703681946,masculine,0.9977028369903564,39,0.6171218156814575
3a6af0c9-5319-4227-8124-ab9838f56ad9.jpg,asian,0.6863676309585571,feminine,0.8960181474685669,36,0.4286167025566101
3af821a8-4d5e-4fbe-84ec-e04b07b1c62b.jpg,white,0.9800105690956116,feminine,0.7831943035125732,39,0.7388049364089966
3b073ca4-73a5-4c62-b559-22a15a0e6b71.jpg,asian,0.9946310520172119,masculine,0.6883399486541748,27,0.5019029378890991
3b110393-9bc2-44a2-9133-e5ccd3e78ee3.jpg,white,0.4916747212409973,feminine,0.9997170567512512,36,0.42092013359069824
3b53dc0a-f603-45d7-80d5-e2f6ad970b15.jpg,asian,0.9997883439064026,feminine,0.9428471326828003,23,0.5280977487564087
3bb5b4d1-dc25-4851-9cba-65525eb6b307.jpg,white,0.33223310112953186,masculine,0.6850994229316711,39,0.36295855045318604
3c0b40e6-e6a6-4cfc-b159-5e00b9f7f340.jpg,"hispanic, latino, or spanish origin",0.7313336730003357,masculine,0.7877581119537354,40,0.5568217039108276
3c9c7bf0-2140-4e86-9fcd-351fccb7479d.jpg,asian,0.9965100288391113,masculine,0.5547599196434021,39,0.5825728178024292
3cc56b23-0380-45de-bb5b-b907cf4af2c1.jpg,asian,0.9986567497253418,feminine,0.5788280963897705,27,0.49176502227783203
3d5edf9c-6cfe-4997-b9d8-f30bb3e702be.jpg,asian,0.5298998951911926,feminine,0.8337186574935913,39,0.40810900926589966
3d8618d5-f41a-45a6-bd4a-17f543854db5.jpg,white,0.8766895532608032,feminine,0.9792490601539612,39,0.32872891426086426
3db2137a-ee14-4a92-a01f-48a46e744af3.jpg,white,0.9840996265411377,feminine,0.9942127466201782,44,0.3236013650894165
3e2ab2c3-92cf-41ed-a89c-71905e1a8209.jpg,asian,0.9999518990516663,masculine,0.9992753267288208,28,0.5716565251350403
3e7f48e4-e6e3-48b5-92ae-9d4a93bd397a.jpg,"hispanic, latino, or spanish origin",0.3428659737110138,masculine,0.9988232254981995,47,0.5780712962150574
3fadded3-2467-4249-a575-988f3acea85e.jpg,asian,0.4609254002571106,masculine,0.9986143708229065,36,0.579599916934967
4007e80c-35eb-4a72-953b-8977acee55ae.jpg,white,0.9865649938583374,masculine,0.9530889987945557,63,0.7471927404403687
4093af40-d964-4886-bae6-28c2d0717b92.jpg,white,0.8933122754096985,masculine,0.9958630800247192,23,0.6408923864364624
40b01908-d4a2-42e7-ae78-6d3f58f43e38.jpg,asian,0.9844963550567627,feminine,0.9870238304138184,36,0.5204068422317505
40fd03ca-130b-43f7-ab6a-c7a6312a7a26.jpg,white,0.81618332862854,masculine,0.9939243793487549,27,0.565498948097229
4100bcfb-fc15-4ae2-a946-3f038f254be8.jpg,white,0.6049352884292603,feminine,0.9968353509902954,23,0.6617225408554077
4118efef-39bd-4904-be1a-9bc9b776c7a9.jpg,white,0.9903036952018738,feminine,0.9960446953773499,39,0.6128798127174377
415141d6-c9ee-4eb5-865a-99cac098dcf1.jpg,"hispanic, latino, or spanish origin",0.3682956099510193,masculine,0.9954698085784912,45,0.8014599084854126
4157a660-093c-4129-9ebd-9055b550f0d9.jpg,white,0.9452239274978638,feminine,0.9318004846572876,36,0.41889601945877075
417f1b20-b06b-4888-aa8a-6d37b71bf046.jpg,white,0.9033417105674744,feminine,0.5708101987838745,39,0.507400393486023
418784dd-1480-476d-a66b-596f2d0318f6.jpg,asian,0.4269634485244751,masculine,0.6717824339866638,39,0.3526163697242737
41949047-c634-4e6d-a38a-6c95b8885a18.jpg,"hispanic, latino, or spanish origin",0.36819547414779663,masculine,0.6893583536148071,39,0.5067027807235718
41cad6d0-db72-42ce-b110-5b8c93bac1f7.jpg,white,0.831372857093811,masculine,0.99164879322052,39,0.48349976539611816
41d985a0-50e1-49da-83c0-07eeab29aa11.jpg,"hispanic, latino, or spanish origin",0.30001300573349,masculine,0.999559760093689,24,0.578253984451294
42737b50-145c-4a22-addf-3cbd2983b6fb.jpg,black or african american,0.5563992261886597,masculine,0.9604153633117676,39,0.533306360244751
42f3239f-4e87-4f63-9b42-d6d0309bd43d.jpg,asian,0.9706170558929443,feminine,0.8976828455924988,39,0.5456811785697937
44299cbf-117a-4716-bc48-07da76b1727c.jpg,white,0.9928640127182007,masculine,0.9234111905097961,39,0.3469066917896271
443c92da-9a0c-4e41-9493-bcb85ba70397.jpg,asian,0.995700478553772,feminine,0.9616421461105347,39,0.5453492403030396
445eb7ae-ae19-460b-b58f-7152ec2ef350.jpg,asian,0.999443531036377,feminine,0.9944974184036255,37,0.41818565130233765
44f229f3-9049-43d9-99be-d5575f883309.jpg,"hispanic, latino, or spanish origin",0.8926299810409546,feminine,0.996822714805603,23,0.7041721940040588
459c0688-766b-4532-9b56-f337d1a6cec6.jpg,white,0.48068007826805115,masculine,0.6007134318351746,39,0.376760870218277
45ae79f1-5ddb-4c9e-b3f3-b158cb7b3f48.jpg,"hispanic, latino, or spanish origin",0.5234568119049072,feminine,0.9704080820083618,28,0.5012048482894897
4603da36-8119-43c7-b3fa-dc764af3136a.jpg,asian,0.9868192672729492,feminine,0.9934542179107666,39,0.5211090445518494
4651f4bd-9039-42a3-843e-4014902913e7.jpg,white,0.9988187551498413,feminine,0.9889036417007446,41,0.4911584258079529
4662fc43-e427-4b2b-881d-d60df3534ca0.jpg,white,0.944244921207428,feminine,0.9753058552742004,55,0.399556040763855
4705fa0b-a6c7-4095-b025-8b589c411a5a.jpg,white,0.9969146847724915,masculine,0.6501054763793945,39,0.3617704510688782
4736bf89-dd35-4184-8ab9-ae8d3eefd50a.jpg,white,0.9975425601005554,masculine,0.9723894596099854,39,0.5355424880981445
47e2d42c-3779-47ec-948f-854ebe219b6e.jpg,asian,0.9999291896820068,masculine,0.9767674207687378,28,0.43609869480133057
47fd921c-c17e-4e37-936f-935af3343650.jpg,white,0.9393831491470337,feminine,0.5680713057518005,39,0.6302051544189453
48939cb9-ae23-4022-8dc7-78a58580a542.jpg,white,0.9997882843017578,feminine,0.9993685483932495,24,0.5973349809646606
48e9e2bb-0a7e-439a-b3c2-4b2dda64b1de.jpg,asian,0.880125880241394,feminine,0.7643253803253174,37,0.6005686521530151
48eabece-a10a-4a48-8a64-3e7f29504b03.jpg,white,0.9741833209991455,feminine,0.8273597359657288,55,0.5593750476837158
48f55ecc-1c5d-4609-ad19-5e8238fc0da7.jpg,black or african american,0.927325963973999,feminine,0.9702649712562561,57,0.3395085036754608
495772cc-d716-49fc-b438-a7523f630e91.jpg,white,0.7364152669906616,masculine,0.5008213520050049,57,0.3036208152770996
49eb67c1-0892-4b23-ad41-398f1164d02c.jpg,white,0.4728345274925232,feminine,0.562133252620697,39,0.4012434184551239
4a3e1ebb-43d5-4cbf-a68e-eef754456da3.jpg,white,0.2642214894294739,masculine,0.9628791809082031,39,0.5159685611724854
4a97dd72-12d7-441f-8938-eb717e71aab7.jpg,asian,0.999916672706604,feminine,0.6522591710090637,23,0.5617119073867798
4aac80d1-ca68-4b55-a86b-5ed0d0bcf633.jpg,white,0.9029031991958618,masculine,0.9894977807998657,48,0.6136083602905273
4b2c1c3f-0db9-4c09-af9a-c189ac15314a.jpg,middle eastern or north african,0.48392701148986816,masculine,0.999971330165863,23,0.6289358139038086
4b37be7d-f4fc-4674-9128-347ecbbf287c.jpg,white,0.9931410551071167,feminine,0.5506356358528137,39,0.7473266124725342
4b624c03-7943-423c-85f9-404e52c27783.jpg,"hispanic, latino, or spanish origin",0.5329674482345581,feminine,0.6167270541191101,27,0.5028949975967407
4ba01b92-cb95-4417-8a14-554aac8467df.jpg,white,0.6350654363632202,masculine,0.8198515176773071,24,0.4699280560016632
4c261f77-b2fa-468a-9287-ca6bd7db814c.jpg,white,0.8378359079360962,feminine,0.7707231044769287,37,0.4803479015827179
4db1d102-90f7-41e2-a5c6-ae5fb68caa88.jpg,white,0.49779170751571655,masculine,0.9937731027603149,46,0.6862468719482422
4dc15c5d-b4c6-48b7-9760-943044c8691d.jpg,asian,0.5763826370239258,masculine,0.5336781740188599,52,0.3200668692588806
4de7eae6-b4a2-4fb0-9993-281261b5259a.jpg,asian,0.7138960361480713,masculine,0.5593267679214478,39,0.4231874942779541
4ef53fba-51c0-47f9-9e3c-a27691fd5ed4.jpg,white,0.6453062295913696,masculine,0.9930450916290283,27,0.5589346885681152
4ef8282a-cd1d-48e0-82b6-5f864a4b3fe0.jpg,asian,0.48437899351119995,masculine,0.983076810836792,36,0.49727964401245117
4f05ca3b-883f-4bcd-b691-55928d9eae4f.jpg,white,0.9986133575439453,feminine,0.9592972993850708,39,0.5734245181083679
4f14de33-3f20-4126-975a-62d50c548da4.jpg,"hispanic, latino, or spanish origin",0.8658936023712158,masculine,0.942923903465271,24,0.4750252366065979
4f8a6cc6-5128-49e7-bc53-7dae70a11a98.jpg,asian,0.9999897480010986,masculine,0.919666051864624,38,0.5416244268417358
4f9045cf-04cf-4b1b-a1b2-5f102d96adbe.jpg,asian,0.9999485015869141,feminine,0.9777522683143616,27,0.4290493130683899
4fa02ad8-a0b3-438a-ba42-bcf456e5079f.jpg,white,0.9817070960998535,masculine,0.9977344274520874,50,0.5412952899932861
4fae13f1-12cc-420e-85ec-d7ff6745e00d.jpg,white,0.9192383289337158,masculine,0.9941189289093018,36,0.5855246782302856
4fc37631-6848-4371-9d85-262f64770852.jpg,white,0.9995803236961365,masculine,0.995468020439148,58,0.811642050743103
505dde74-9c4e-4724-bdfd-a401e57bd7b2.jpg,asian,0.5062804818153381,feminine,0.6404545307159424,39,0.6348528861999512
50afa035-bf1c-4ce4-baec-a161504d9afe.jpg,white,0.741592526435852,feminine,0.9919290542602539,23,0.5529053211212158
50b905d7-16b9-4300-8eeb-916804844f6e.jpg,asian,0.9980887174606323,masculine,0.9940729737281799,39,0.6094977259635925
51459172-8134-4b69-9c00-ef64742f0d8c.jpg,"hispanic, latino, or spanish origin",0.7114081978797913,feminine,0.9911775588989258,27,0.4456018805503845
51542629-e27f-427f-a6dd-ad6e6246f358.jpg,black or african american,0.2586683928966522,masculine,0.9711676239967346,39,0.42747271060943604
517eef75-97e1-48e4-95be-7a149fad347f.jpg,asian,0.9965062141418457,masculine,0.9999327659606934,37,0.6814069747924805
51bd2cfa-22aa-4e70-ac73-4e6a4ad4fe96.jpg,"hispanic, latino, or spanish origin",0.35515204071998596,masculine,0.9523648023605347,37,0.5854842066764832
51c621ed-f1dc-4f69-bb60-f7fb8885a271.jpg,white,0.534892737865448,masculine,0.9993265271186829,36,0.48963654041290283
51df3023-c927-4054-ad28-67db7c3ad8df.jpg,asian,0.9974538087844849,masculine,0.9951618909835815,39,0.5515971183776855
52809081-2423-498a-8c4f-c9a9ee3ddc04.jpg,"hispanic, latino, or spanish origin",0.8868787288665771,masculine,0.9932664036750793,40,0.582514762878418
52936e25-a156-41e7-a574-18b9b777e062.jpg,asian,0.999981164932251,feminine,0.9976478815078735,27,0.5404202938079834
529f6611-d0da-4032-91c2-bb504a84ff79.jpg,"hispanic, latino, or spanish origin",0.7722307443618774,feminine,0.9935400485992432,39,0.48656177520751953
533804e2-d5a7-49e5-8293-f5af32de56e1.jpg,asian,0.9986289739608765,feminine,0.9949039816856384,28,0.5156443119049072
53c587bd-461f-464f-bc83-46ed71ffb4f7.jpg,white,0.9870870113372803,masculine,0.9962795972824097,45,0.7133997678756714
53de4f9c-09d4-41d0-8aeb-a490d89e4578.jpg,asian,0.8747481107711792,feminine,0.875412106513977,40,0.6342269778251648
5406c763-72eb-479a-9330-e50251eea12b.jpg,"hispanic, latino, or spanish origin",0.659774661064148,feminine,0.9130635857582092,27,0.5234482288360596
540a8eaa-f590-46d2-8456-fa4c3ca50d13.jpg,"hispanic, latino, or spanish origin",0.6012262105941772,masculine,0.9922648668289185,28,0.5081141591072083
54443b28-799b-4520-833a-a3650b19799c.jpg,asian,0.48141443729400635,feminine,0.885800838470459,39,0.3340087831020355
54491f67-40e3-4b6d-a19e-40c86f3e5f81.jpg,asian,0.9999492168426514,masculine,0.9707627296447754,39,0.6543585658073425
5477d977-4382-48c1-abbb-e74b54dab720.jpg,asian,0.9878379106521606,masculine,0.9991767406463623,38,0.6824544668197632
553305d1-cb68-4b61-9b9d-08d8e1622f9e.jpg,asian,0.9269659519195557,feminine,0.9889317750930786,23,0.6240035891532898
555c0aa6-4b74-4ef1-9177-373047b363be.jpg,asian,0.817946195602417,masculine,0.9987397193908691,24,0.6353945732116699
55ad70e1-4b91-47ef-9d2f-b6ad4c1f430e.jpg,asian,0.9998545050621033,masculine,0.8560575246810913,39,0.6519116759300232
55f67d2e-a382-46d6-b774-3c717df101fc.jpg,"hispanic, latino, or spanish origin",0.31863927841186523,masculine,0.9945069551467896,37,0.6701913475990295
561c9d70-fc66-4f9e-9fef-cbb3bdbb1fc3.jpg,white,0.5920892357826233,masculine,0.9931986331939697,37,0.6140013933181763
562abaa1-d55f-4cde-8ade-886d944dd8f0.jpg,white,0.635486364364624,masculine,0.999910831451416,36,0.5138842463493347
5646726f-078c-4276-98f5-bbd0cbb3acf4.jpg,asian,0.5431170463562012,feminine,0.717083215713501,39,0.6037899851799011
56c90980-693d-4086-b225-be1b76d2ce5f.jpg,asian,0.9454913139343262,feminine,0.9958212375640869,36,0.47884899377822876
579ed0d4-91ff-4bf1-b9f8-1c6f499df634.jpg,black or african american,0.9934166669845581,masculine,0.9482210874557495,55,0.5756336450576782
58054b47-a535-44b5-89bd-f279a3173024.jpg,"hispanic, latino, or spanish origin",0.9290689826011658,masculine,0.9940187335014343,55,0.7424371242523193
5848b410-1323-47c3-b2d2-1bfef4e228b9.jpg,white,0.9906863570213318,masculine,0.9997057318687439,39,0.6520947217941284
586df29d-2f77-4c13-8e13-fd68f7fd4af6.jpg,white,0.5494728684425354,masculine,0.8843891620635986,27,0.5308610200881958
5918d6c4-62ba-4a0b-ab30-83a9779679a6.jpg,asian,0.9999648332595825,masculine,0.9961376190185547,37,0.7125599980354309
594854b6-7157-4ff5-8168-2e48b7b28a3a.jpg,white,0.6954965591430664,feminine,0.962952733039856,69,0.6182664036750793
59bd5963-fd4b-4896-9fdd-dcfe8a560ca4.jpg,asian,0.9969543814659119,masculine,0.5078011155128479,36,0.3965393602848053
59bead1f-e283-4ff4-a8ca-8138cc1a01b2.jpg,asian,0.9780443906784058,masculine,0.9996692538261414,38,0.6680761575698853
59d510c2-cf9d-45f5-a10e-a36e3d8b17dd.jpg,asian,0.9999817609786987,feminine,0.9994933605194092,23,0.4424292743206024
5ab38867-10dc-4d15-a7e0-a970fdf4a740.jpg,asian,0.9844672679901123,masculine,0.9990921020507812,36,0.4416245222091675
5ae378d2-3027-42fc-95a2-de5f3c4d1c60.jpg,asian,0.9546774625778198,masculine,0.9091849327087402,39,0.6934062838554382
5ae975c9-fe49-4445-87e1-5ff3b3bc8101.jpg,white,0.6825210452079773,masculine,0.9959360361099243,24,0.4601067900657654
5b0678c4-7db8-435a-a4bc-466e871617bf.jpg,white,0.9179582595825195,masculine,0.9995502233505249,36,0.5443425178527832
5b669e6c-5269-4350-a988-7d9747ce12bb.jpg,white,0.9391828179359436,masculine,0.9826550483703613,36,0.602695107460022
5b8535e1-d53f-46eb-815f-7d751e10bc1c.jpg,white,0.9961949586868286,masculine,0.9999854564666748,36,0.581802487373352
5b9827ea-cddf-4515-860f-1eaf7fb7c259.jpg,asian,0.9999266862869263,feminine,0.9879794120788574,23,0.7351564168930054
5be457dd-16dc-486f-afc1-a13db5630850.jpg,asian,0.4980815052986145,feminine,0.5907291173934937,23,0.6755198836326599
5c0acb8f-8c73-4569-8340-708d58dff71a.jpg,white,0.8439581990242004,feminine,0.9684792757034302,36,0.5785834789276123
5c11e77b-33f3-4f65-bd47-9176fa8aa226.jpg,white,0.9973928928375244,masculine,0.9995201826095581,24,0.40944498777389526
5c3fb2c4-2672-4421-a639-0ec2f6dfd163.jpg,asian,0.9389163255691528,feminine,0.6561790704727173,39,0.5743772983551025
5c6cd67d-d6fb-4647-807c-acfbf71ed4f6.jpg,white,0.9991398453712463,masculine,0.9995427131652832,39,0.707977294921875
5d02487b-7391-4ac4-b07b-427892136d2a.jpg,white,0.9502449035644531,feminine,0.9283542633056641,39,0.5385457277297974
5d1edddd-eaa4-4302-94f4-56b9aa0166cd.jpg,asian,0.9791518449783325,masculine,0.7041494846343994,23,0.7300844192504883
5d396fbd-1572-470c-b130-8363921e7652.jpg,asian,0.9896705746650696,feminine,0.9998570680618286,24,0.5686646699905396
5d8597e2-8a01-4541-9385-60b6984b0abd.jpg,white,0.9692350029945374,masculine,0.7500247955322266,1,0.8172932863235474
5db8450c-382d-4b72-a7d6-00af48cf3c99.jpg,black or african american,0.5083723664283752,feminine,0.5271809101104736,36,0.4864204525947571
5dc8fb4d-3f56-4e3f-91dc-4df9d335f31e.jpg,asian,0.8506075143814087,masculine,0.7090058922767639,59,0.40352946519851685
5e1940da-f67a-44d1-9449-1b727bccae9b.jpg,white,0.9910705089569092,feminine,0.5403226613998413,63,0.47919762134552
5e1f95a1-6512-46c3-9b7a-ae9a47d25388.jpg,white,0.9797987937927246,masculine,0.9672420024871826,71,0.3686351776123047
5ebd8215-05e1-423e-887e-96f2c4f46a2b.jpg,white,0.9967714548110962,masculine,0.9985543489456177,34,0.47155943512916565
5f3ed689-3c30-456e-b23b-a30c59b03bcd.jpg,asian,0.987563967704773,masculine,0.9993072152137756,28,0.5185061693191528
5f53d583-66ab-4a32-9d1c-bb670e34fe39.jpg,white,0.9852368831634521,feminine,0.8974624872207642,39,0.6289310455322266
5fb18237-6d02-4432-864e-b6847a5e417e.jpg,white,0.9999599456787109,feminine,0.9365448951721191,28,0.41941940784454346
5fca96bb-6dda-4fe1-ae53-4416ea78ca6f.jpg,white,0.9593126773834229,masculine,0.9357112646102905,23,0.8534870147705078
6029c039-5aaa-43bd-a248-498ecc7b8c66.jpg,white,0.9837754964828491,feminine,0.9912802577018738,46,0.48457100987434387
60991308-d2d6-4003-ba2b-28017e26c99a.jpg,white,0.9959906935691833,masculine,0.9836057424545288,39,0.7069147229194641
60cd14e3-0eac-4608-8b68-a1e35edeb513.jpg,asian,0.9999096393585205,feminine,0.6759237051010132,23,0.7552542686462402
61e6fd10-7dae-4ff8-9802-06183c6b3fe2.jpg,white,0.3543210029602051,masculine,0.8644957542419434,49,0.2597755789756775
6255738f-7b25-4616-bcef-0e3cd7342901.jpg,white,0.9988173246383667,masculine,0.6217414736747742,56,0.6474897861480713
62984cc3-da9f-40e9-b0c6-20fa007bd54e.jpg,white,0.9731481075286865,feminine,0.9335654973983765,39,0.7302854061126709
62d36c25-8e5e-4117-b2c9-ac85dddea618.jpg,middle eastern or north african,0.4204840660095215,masculine,0.9999067187309265,28,0.5367636680603027
63e2e72a-5e8e-491e-9942-6deec69f8c54.jpg,white,0.5196405649185181,masculine,0.85358726978302,39,0.33823162317276
63fba019-6511-4793-abe6-a199a763ff8a.jpg,asian,0.9984645843505859,feminine,0.9558408260345459,33,0.41900545358657837
6417ad2e-c6db-4574-a64d-58caffb05e01.jpg,asian,0.9968239068984985,feminine,0.9897571802139282,23,0.4029389023780823
64432d99-abaa-45f1-b1d1-d4c8aaae35d8.jpg,asian,0.5701909065246582,feminine,0.9901785254478455,1,0.6990413665771484
64885c11-964b-45e8-b9b4-ceb22b1cb56a.jpg,"hispanic, latino, or spanish origin",0.6309264898300171,feminine,0.9995372295379639,23,0.5877875089645386
64f558aa-c988-4e0f-8381-ce29b9d25ed3.jpg,asian,0.8999941349029541,feminine,0.9967693090438843,34,0.5092134475708008
6691a78e-e35f-4a8d-bd1d-a76d5e68a386.jpg,white,0.7305433750152588,feminine,0.9893581867218018,46,0.4932144582271576
6715b099-67aa-4e46-b9e2-4c243a084698.jpg,asian,0.9883838891983032,masculine,0.530645489692688,36,0.507645845413208
6746d2ec-94be-49a3-98fe-7b3880d0f3b0.jpg,white,0.5179129242897034,feminine,0.9920934438705444,36,0.4593307375907898
675ef9aa-5b46-4620-829c-0227b92fd655.jpg,asian,0.9973293542861938,feminine,0.9936000108718872,22,0.7393855452537537
67837536-f399-4db6-8967-2213ffd918a6.jpg,white,0.6736657023429871,feminine,0.9944195747375488,60,0.8140092492103577
67e9f325-0786-40dd-a017-6d75c1767d49.jpg,"hispanic, latino, or spanish origin",0.613930344581604,feminine,0.998853325843811,39,0.5553287267684937
67ff3852-9858-40ba-8b9c-d50deea5a70b.jpg,asian,0.9958212375640869,masculine,0.959214448928833,39,0.6645075082778931
682bf18a-02fd-4503-8ec7-c79020765d1e.jpg,asian,0.9927854537963867,feminine,0.9990222454071045,37,0.5245344638824463
6835cb14-5ac2-4846-9255-e0032a3a1252.jpg,white,0.9777354001998901,masculine,0.8989535570144653,72,0.7079464197158813
689346ac-db96-4599-81cb-06968ede2aef.jpg,asian,0.9996958374977112,feminine,0.9556751847267151,45,0.5051842927932739
695e4ec2-3f03-4c02-8d63-bff32d8a6a87.jpg,white,0.27871018648147583,feminine,0.780502438545227,45,0.33173733949661255
6978da01-672b-4fa6-9637-05b35a2c1e03.jpg,white,0.9514800906181335,feminine,0.9959923028945923,57,0.6330199241638184
69d9106a-a6e1-4418-80b3-84fd6c66f61e.jpg,asian,0.9995440244674683,masculine,0.672930121421814,23,0.37158578634262085
6a267584-60b4-468e-b5e0-11748a374d30.jpg,white,0.9880689382553101,feminine,0.9174244403839111,46,0.39381638169288635
6aca1e88-1447-4380-b750-4c9b50f758d1.jpg,asian,0.9997230768203735,feminine,0.8800878524780273,24,0.5768961906433105
6b040139-6409-47da-8ac9-b0764b9596cd.jpg,asian,0.9510700702667236,masculine,0.8446465730667114,36,0.46130067110061646
6b41fc6b-23f6-4845-978d-91e9246b02d5.jpg,asian,0.9999049305915833,masculine,0.8734725713729858,39,0.5846612453460693
6bd6fb3e-951e-4468-86e8-a0af185a8420.jpg,white,0.47260794043540955,masculine,0.9985922574996948,39,0.605847954750061
6cb72dc6-750b-41cf-9b21-7109e25ddef9.jpg,asian,0.9981424808502197,feminine,0.7000255584716797,36,0.3876703381538391
6ccb8cb4-c8a7-4715-85b5-a89a3e9def40.jpg,white,0.886383593082428,feminine,0.9375183582305908,58,0.3196280002593994
6d630bac-c990-4e9d-9b70-919191a10a22.jpg,white,0.9523932933807373,feminine,0.9756312370300293,55,0.45864588022232056
6e2deed1-1d91-4a5f-9b7a-3cb777384ae3.jpg,"hispanic, latino, or spanish origin",0.284060537815094,masculine,0.9999356865882874,39,0.5285571813583374
6e38bfa8-b886-4fed-a817-b4c7a4514918.jpg,asian,0.9999541640281677,feminine,0.9369466304779053,36,0.6273045539855957
6e6de3ed-1d18-4120-8beb-0d1e1ef3c9ad.jpg,white,0.974838137626648,feminine,0.9723775386810303,38,0.4168972373008728
6ee0c3fb-a63a-4523-93fa-ff720a68aff1.jpg,asian,0.9972050189971924,feminine,0.9291730523109436,23,0.5232174396514893
6ef1d930-d0fc-4c4f-aa42-c46433b5dc25.jpg,asian,0.33735352754592896,feminine,0.7831083536148071,23,0.610102117061615
6f1bd262-f093-448f-8bec-3b8ae97e852e.jpg,asian,0.9953237771987915,masculine,0.9909683465957642,36,0.5446234941482544
6f98abe7-d54b-42e1-ac97-148d237bd26b.jpg,asian,0.8459566831588745,feminine,0.5520840883255005,23,0.68305903673172
6ffdca75-d33b-44d8-be53-6811a8946f46.jpg,"hispanic, latino, or spanish origin",0.909155011177063,masculine,0.9674557447433472,39,0.5551470518112183
70896f58-ac70-4ea4-9eb5-35d39b31d67d.jpg,asian,0.6266508102416992,masculine,0.5659303665161133,39,0.3973052203655243
7160c5fd-35fd-4079-85ac-631a42f53dcb.jpg,white,0.930962085723877,feminine,0.9952900409698486,37,0.545773983001709
717f9700-4cd2-4eaf-8bec-496ce3dda26b.jpg,asian,0.3914226293563843,masculine,0.9966307878494263,27,0.46421921253204346
71f52d0f-1954-4820-9a91-1ff9eddf9128.jpg,asian,0.9992207288742065,feminine,0.9759160280227661,23,0.45435500144958496
720b613f-7bbd-4499-884f-52725cf8e98a.jpg,white,0.5532461404800415,feminine,0.8801942467689514,36,0.4338440001010895
7319c399-5721-4574-a872-7441deb8b875.jpg,asian,0.9993512034416199,feminine,0.9007515907287598,23,0.3620874881744385
732e44b9-136e-4a30-bfcd-59fbc9607713.jpg,black or african american,0.9994117021560669,feminine,0.9967790842056274,39,0.6887152194976807
7349888a-2513-4cee-a5e2-7ebc5704fa37.jpg,"hispanic, latino, or spanish origin",0.5662685036659241,feminine,0.5836619138717651,39,0.429373562335968
735e0790-3502-4ef8-84a3-90bed93cc4c0.jpg,asian,0.9874498844146729,feminine,0.9827166199684143,36,0.5624609589576721
7392aa9d-eb7c-4f21-b706-1646ff84c878.jpg,asian,0.9836102724075317,feminine,0.9835689067840576,33,0.42664164304733276
73a63e21-de3e-4ba0-9028-a5461a6b9b88.jpg,white,0.9524126052856445,feminine,0.958146333694458,36,0.565868616104126
73f9638d-e2f4-472a-a412-b99b1a299559.jpg,white,0.7712972164154053,feminine,0.9923365116119385,56,0.5640174150466919
749ab52a-b03b-4701-a232-dc3cebeae3ac.jpg,"hispanic, latino, or spanish origin",0.5636473894119263,feminine,0.990776777267456,40,0.5721927881240845
75892acf-abb3-40d5-935c-a00139112b79.jpg,white,0.9954969882965088,feminine,0.957068920135498,39,0.531775712966919
7670e99d-513f-4c52-b919-61ac27b9f422.jpg,white,0.9987727403640747,feminine,0.9920246601104736,27,0.49329668283462524
768dd02f-2978-4310-bacc-031c0a47718d.jpg,"hispanic, latino, or spanish origin",0.657844603061676,masculine,0.9994791746139526,28,0.4879245162010193
77209677-36ae-4c56-9d77-7d577f181ec7.jpg,"hispanic, latino, or spanish origin",0.41445666551589966,feminine,0.7040891647338867,41,0.4825965166091919
772a5a89-71f0-4e33-b247-a4f0e712ea1d.jpg,white,0.5306293964385986,feminine,0.5585840344429016,23,0.519318699836731
773ec812-ae7a-43bb-93ca-0031c7a6557f.jpg,asian,0.9530830383300781,feminine,0.9645006656646729,23,0.6455374956130981
776e642e-c16a-4b23-baf0-179b7972fefd.jpg,asian,0.9997656345367432,feminine,0.9693266153335571,42,0.33013635873794556
777ad436-94f3-4bfe-ac02-9b90283c4e16.jpg,white,0.5182782411575317,feminine,0.9774926900863647,39,0.48692694306373596
7788c67c-fb50-453d-ad39-23a0559d28af.jpg,white,0.430137038230896,feminine,0.9732110500335693,27,0.4785465896129608
77ab4d00-d781-4021-9e86-287d0209f927.jpg,asian,0.400253027677536,feminine,0.9763810634613037,24,0.5835442543029785
77ccd303-5bd5-46a7-a6cb-3da8c2003a64.jpg,asian,0.9998953342437744,masculine,0.9998695254325867,28,0.4922620356082916
77ff17e5-2eef-43de-bd82-9fcdcab77ac3.jpg,white,0.32230284810066223,feminine,0.8772748708724976,36,0.8186733722686768
7867ad28-fd77-4aa2-a5a2-121ad1c5a44a.jpg,asian,0.9771772623062134,feminine,0.8353767395019531,81,0.526452898979187
78791dfe-a019-479d-961b-853eaeb15b21.jpg,"hispanic, latino, or spanish origin",0.5182617902755737,feminine,0.9863215684890747,40,0.4823349416255951
7880968d-a893-41cd-a124-bdeca0cd1508.jpg,asian,0.2862289845943451,masculine,0.9975680112838745,23,0.7363841533660889
78b9b984-e7e8-4306-937d-a5503f131905.jpg,white,0.8532445430755615,feminine,0.9146702289581299,41,0.6075579524040222
78f9ef7b-f940-4bf5-b175-c74d74571145.jpg,asian,0.9989737272262573,masculine,0.6563795804977417,39,0.6272435784339905
792f473f-d02a-45f1-84ff-a0c8d855d7e4.jpg,white,0.7771965265274048,masculine,0.9998779892921448,36,0.6247981786727905
79df3240-61d9-435b-a423-ad289c14b406.jpg,asian,0.996147632598877,feminine,0.8812506198883057,39,0.34541940689086914
7a698dd5-e7cf-4bb7-b698-0209abdb34ab.jpg,asian,0.9994798898696899,masculine,0.672542154788971,23,0.465514600276947
7abdbeac-c60d-4e1f-a17b-c5a3b2490298.jpg,white,0.9879535436630249,masculine,0.9982551336288452,38,0.4351257085800171
7c3187a4-5532-4724-9a22-192e3c977c93.jpg,white,0.998735249042511,masculine,0.9468845129013062,59,0.5704352855682373
7c443221-0735-4fff-8477-71cf573c3a92.jpg,asian,0.9996199607849121,feminine,0.997911810874939,39,0.5387586951255798
7c48ec80-be76-4c78-a500-cbfd461421f8.jpg,asian,0.3950662910938263,masculine,0.9302754402160645,23,0.2999379634857178
7c4c33e0-e3a3-4fda-8795-1f9d41dfb4c4.jpg,asian,0.9999653100967407,feminine,0.999678909778595,39,0.6786390542984009
7c5a7d7d-5ae8-4a0c-a3dc-de161f676504.jpg,white,0.6808937788009644,masculine,0.998138427734375,33,0.4805980920791626
7d1ecd46-921c-4a37-a4b7-a0669603f08f.jpg,white,0.9753897190093994,masculine,0.9997572898864746,38,0.7593585848808289
7d4e2203-835f-43bd-a7c5-e9530a659e10.jpg,white,0.9912600517272949,feminine,0.9583467841148376,24,0.6074526309967041
7dbdf2e0-1ae9-412b-a119-2d9517b9bfd6.jpg,white,0.9905985593795776,feminine,0.6937634944915771,60,0.5055326223373413
7e165b55-a364-42f1-9a46-6fe816101105.jpg,asian,0.9999963045120239,feminine,0.9769569635391235,22,0.7769477367401123
7e2fa6b9-29a0-4608-ac1d-9e9afedd8f5e.jpg,white,0.6159219741821289,masculine,0.9751759767532349,27,0.5746518969535828
7fbbcc44-fa3a-43f1-93c8-01f12ef872cb.jpg,"hispanic, latino, or spanish origin",0.803069531917572,masculine,0.8993574380874634,27,0.4290458559989929
805f09e6-7d8d-43d0-b7ad-4328e069acf5.jpg,asian,0.9976102113723755,feminine,0.9956562519073486,23,0.683990478515625
80bea4d9-7713-4711-9839-9c8528c26ba9.jpg,asian,0.2731424570083618,feminine,0.8531411290168762,24,0.4519650340080261
80fb78fa-71f9-4784-8726-dee0de14a26a.jpg,white,0.8636085391044617,masculine,0.9842369556427002,36,0.5594977140426636
811b0683-ed35-47da-8106-5ce70c2b5fdc.jpg,white,0.7562704086303711,feminine,0.7185404300689697,44,0.412306010723114
816fac94-c7e0-492e-a40d-d903b7aac306.jpg,asian,0.9993751049041748,feminine,0.8089299201965332,23,0.551916241645813
8182f352-b813-4306-a187-26fb2d5baab4.jpg,white,0.9799067974090576,feminine,0.558256983757019,39,0.5032980442047119
823a3099-e5ad-462d-ae5a-79f714bb8700.jpg,asian,0.9189594984054565,feminine,0.9474731683731079,23,0.4913550019264221
82e50fa7-2d8a-435f-8e29-fad468cf80a9.jpg,white,0.9143968224525452,feminine,0.7951066493988037,39,0.5920966267585754
8357ec2e-5b35-4a5c-b64a-db9332a52969.jpg,white,0.9732102155685425,masculine,0.9971209764480591,36,0.5857129096984863
83d0ee45-57f7-4f78-8205-f58ca8df2685.jpg,asian,0.9952960014343262,feminine,0.955897867679596,39,0.47453540563583374
845304ae-7fed-4ba5-92b1-ba913d4351cf.jpg,asian,0.999995231628418,masculine,0.9982874393463135,33,0.5170975923538208
84c34533-0aca-47ea-9075-41e49306c44b.jpg,white,0.7439806461334229,feminine,0.80800861120224,39,0.4753950238227844
8594d560-f500-4ff5-bc14-24c1a385acd6.jpg,asian,0.9935606122016907,feminine,0.9975149035453796,39,0.48812150955200195
8632a214-e69f-47f4-8c07-a77135e42e0e.jpg,asian,0.8583295345306396,feminine,0.991857647895813,36,0.44271141290664673
8692ccfe-8ebd-4197-a957-fdf4b2a11d56.jpg,"hispanic, latino, or spanish origin",0.6117079257965088,masculine,0.7119911909103394,64,0.40307503938674927
86d44bd1-0a23-437a-9a01-8bcb880baf78.jpg,"hispanic, latino, or spanish origin",0.92472243309021,feminine,0.9844568967819214,23,0.7645264267921448
86f5ff54-70eb-4c63-beed-834e9bfe8011.jpg,"hispanic, latino, or spanish origin",0.847712516784668,feminine,0.9777846932411194,39,0.5172503590583801
874167f1-8c79-4cf7-a088-f1f91d396057.jpg,white,0.9949028491973877,feminine,0.8215234875679016,36,0.6606524586677551
87a241e4-a427-436e-b6a7-6cd14602faba.jpg,white,0.8919792175292969,masculine,0.9999814629554749,28,0.6380901336669922
87b1630a-d6cc-4bd2-9928-77d4144f9cf9.jpg,asian,0.9529642462730408,masculine,0.9991187453269958,27,0.6272223591804504
8894926e-d16e-45de-8e08-956c14e57c39.jpg,white,0.8987271785736084,masculine,0.9998908638954163,45,0.5481860637664795
889f7c88-e97d-4410-8a14-1eb77a21bb32.jpg,"hispanic, latino, or spanish origin",0.710148811340332,feminine,0.9720615148544312,39,0.585299015045166
89e6af61-a43c-4971-a168-fd03b7b08d68.jpg,white,0.9159851670265198,masculine,0.9975032806396484,24,0.5247213840484619
8a950440-9b2f-4805-a9ad-396734fb935a.jpg,asian,0.7907438278198242,masculine,0.9875143766403198,36,0.5112689733505249
8aad9c5e-8406-4f66-a03a-684ca78f829f.jpg,middle eastern or north african,0.62735515832901,feminine,0.9994493126869202,39,0.5165995955467224
8b7c2176-cc5b-42e5-9dc9-909c1426c686.jpg,asian,0.9995847344398499,feminine,0.9048242568969727,23,0.8123665452003479
8c071866-4164-436d-8b84-0b91413c30c7.jpg,white,0.9830365777015686,masculine,0.9956820011138916,27,0.3249136805534363
8c081c85-93f2-45f0-a3ac-fe3920310557.jpg,asian,0.9999780654907227,masculine,0.9983102083206177,27,0.4607364535331726
8d104fe3-5ae8-46d7-be4e-af38199d8311.jpg,"hispanic, latino, or spanish origin",0.4085310101509094,masculine,0.9985350370407104,27,0.4805740416049957
8d3453f1-ec73-49d3-9c6b-a49b542dec22.jpg,white,0.9441686272621155,masculine,0.9975036382675171,39,0.6636400818824768
8d4b849d-8a52-4e89-9aa5-a4344a3317f5.jpg,asian,0.4432404041290283,feminine,0.9788572788238525,28,0.3820648789405823
8d7ffe42-8585-495a-a5b9-4a2e08dd258b.jpg,white,0.9891442060470581,feminine,0.9064409136772156,66,0.7296518087387085
8e0152cf-a474-420e-ac81-c76c79dcfc3c.jpg,asian,0.9482689499855042,masculine,0.9845771789550781,52,0.5937007665634155
8e2a718b-5af0-4cd6-9f67-52e318e352b3.jpg,asian,0.8226521015167236,masculine,0.992830753326416,36,0.5446828603744507
8e34a01c-7be7-4b00-a1c0-6e417d615b63.jpg,asian,0.9999861717224121,masculine,0.578198254108429,39,0.7252395749092102
8e893029-936a-401c-8c7a-98496cf6326e.jpg,white,0.7058459520339966,masculine,0.6556572914123535,49,0.46622270345687866
8e90cb60-457c-4f70-8527-935dc2bd9afc.jpg,white,0.9820054173469543,feminine,0.9959601163864136,36,0.41829913854599
8ec64279-6808-439d-ade5-657c4918ace3.jpg,"hispanic, latino, or spanish origin",0.582207441329956,feminine,0.9948807954788208,39,0.6326695680618286
8ec67449-9269-466a-a080-be45445ad4f4.jpg,white,0.9938932657241821,feminine,0.8927276730537415,39,0.5251240134239197
8ecc5b1e-56fe-4b48-86d6-49b9157d8b57.jpg,white,0.9591783285140991,feminine,0.8420588970184326,45,0.3783300518989563
8ee13041-926c-46f6-9d0c-16d748119cbb.jpg,white,0.8353573679924011,masculine,0.9998108148574829,24,0.6534616947174072
8eeec7d1-7cf2-4688-bc4b-ae84581ef7aa.jpg,asian,0.9999599456787109,feminine,0.9985227584838867,39,0.5415850281715393
8ef7dec3-5b31-44e6-8ab7-e50b62b53103.jpg,white,0.9629414081573486,feminine,0.8409200310707092,39,0.5148427486419678
8fcad019-093d-4ef6-8d12-2d1beb1d4ff8.jpg,white,0.6273190975189209,masculine,0.998388409614563,36,0.4641382098197937
8fcf8b38-f617-437b-9f8b-34695820942d.jpg,white,0.9626364707946777,masculine,0.9970427751541138,39,0.623462975025177
8ff2493d-a533-4e86-97e5-2f75461eec74.jpg,white,0.9990257024765015,masculine,0.9997892379760742,27,0.6625461578369141
8ff605b0-4445-4d30-9d9d-a5a5fc3fa939.jpg,white,0.7718572616577148,masculine,0.9940985441207886,58,0.7682697772979736
8ff65877-9fa0-413e-a163-9d343df300a5.jpg,asian,0.9869779348373413,feminine,0.8025187253952026,29,0.3760742247104645
900a3d3b-f66f-4d2b-b300-40358897d57b.jpg,asian,0.9976800680160522,masculine,0.9886994361877441,39,0.6599138975143433
902231bb-64ed-4d7a-bd4f-8704885b9399.jpg,asian,0.25379323959350586,masculine,0.6933103799819946,24,0.4951276183128357
904a7532-afcd-4820-b380-8cada2bb2b61.jpg,asian,0.7147223353385925,masculine,0.8881748914718628,39,0.5447731018066406
90d5c506-50b7-449c-88ec-2d5249767ab7.jpg,"hispanic, latino, or spanish origin",0.6923766136169434,feminine,0.9991397857666016,39,0.48909157514572144
90e12f04-9a07-474d-8871-16fe5c0f7d6a.jpg,asian,0.8933794498443604,masculine,0.9990812540054321,29,0.6466522216796875
910d234b-4abb-4dc8-b877-bf7d8c34fea9.jpg,white,0.5354928970336914,feminine,0.8527005314826965,41,0.46854424476623535
9139294f-e84f-4365-b73a-003b55054ede.jpg,white,0.9586519598960876,masculine,0.9999600648880005,28,0.5147484540939331
91dfe0de-184f-4e71-bd51-2a673b33e9a7.jpg,"hispanic, latino, or spanish origin",0.9550361037254333,feminine,0.985519528388977,39,0.49709010124206543
9215da6a-36ee-4c01-a1bf-e51ad16a28a6.jpg,black or african american,0.31340163946151733,masculine,0.9925367832183838,39,0.48343533277511597
928fe079-484e-43ba-a72e-f8f44976c42b.jpg,white,0.7284387350082397,feminine,0.9734243154525757,39,0.5537936687469482
92f25d97-01d7-4632-a6d5-251842790b08.jpg,asian,0.999725341796875,feminine,0.6184282302856445,27,0.46177589893341064
936f54a9-2231-4048-9d2f-59460d6c20b1.jpg,asian,0.9881455898284912,feminine,0.6521576642990112,39,0.6147404313087463
93af2dd3-8936-459e-9b09-7aed95195805.jpg,"hispanic, latino, or spanish origin",0.8537207841873169,masculine,0.9991492033004761,27,0.568320631980896
93f204ed-8f42-46f1-b722-67f8811ca671.jpg,asian,0.9999309778213501,feminine,0.9973275065422058,23,0.6307835578918457
94c20686-1949-412f-969f-7201a9cbf7c2.jpg,white,0.9996119737625122,masculine,0.9981025457382202,24,0.5369365215301514
94d72bd4-eb64-4045-8dc2-8691fde87369.jpg,asian,0.9727129936218262,feminine,0.6420990824699402,1,0.8006718158721924
95116d99-f536-43af-9088-6ef09c809c16.jpg,white,0.9580304622650146,feminine,0.9788998961448669,24,0.38570892810821533
951cdbe3-7bcb-4d29-9c1a-1adb168c07e0.jpg,white,0.9817172288894653,masculine,0.9998351335525513,24,0.6179488897323608
953ceb22-989e-42fc-86db-71f814438e36.jpg,white,0.7951186895370483,masculine,0.856387734413147,23,0.7288451194763184
95f64ffd-82ff-4bba-8054-7546a5228ed4.jpg,white,0.8628172278404236,feminine,0.99228435754776,50,0.4485034942626953
964a6f82-4f72-4eb8-9095-ac9b7844c6bf.jpg,asian,0.9997454881668091,feminine,0.9885480403900146,38,0.4773893356323242
971e0c40-0028-4c25-85ec-c74e42ec6930.jpg,asian,0.5587725043296814,masculine,0.9981271028518677,39,0.6244273781776428
97682fef-5c87-4928-a574-6a88a32ad9be.jpg,white,0.46289050579071045,feminine,0.9428215026855469,39,0.47371232509613037
981fff5a-0108-4d72-8eab-9af5facb5d93.jpg,asian,0.9557192325592041,masculine,0.6380047798156738,39,0.3560406565666199
984141fc-c6db-4054-a584-53bf8a0ecc9a.jpg,white,0.7419067621231079,masculine,0.8076202869415283,38,0.5681489109992981
9858f7f1-7de1-482a-b5a2-59bf3c05ef5c.jpg,asian,0.3690725564956665,masculine,0.9999247789382935,33,0.5294040441513062
98769266-fa99-462c-844a-4cb810d02fc0.jpg,white,0.9979560375213623,feminine,0.9099016189575195,23,0.3830999433994293
98bccba9-bb5f-4b49-aa84-33b89fa19525.jpg,white,0.8838748931884766,feminine,0.9933282136917114,55,0.4399622976779938
990bdcf9-725a-4207-8abb-d1ff54687453.jpg,white,0.988278329372406,masculine,0.9911375045776367,24,0.597034752368927
9953bbb3-4147-4e98-a00d-dd5e7899da08.jpg,asian,0.9999692440032959,masculine,0.9760662913322449,27,0.5176098346710205
99d0c881-0f33-469f-9a6b-13f3863d0c1e.jpg,white,0.8500603437423706,feminine,0.965817391872406,29,0.4814946949481964
99e9754c-23b7-479f-be42-6ac4f59b234c.jpg,white,0.3265652358531952,feminine,0.6822620630264282,24,0.37087899446487427
9a09a36d-bc5b-470a-8c86-1f71028a8449.jpg,asian,0.9872866868972778,masculine,0.790584921836853,39,0.5551431179046631
9a13c8aa-1d4e-4aa6-a7b8-eb0d00d1b669.jpg,black or african american,0.9980016946792603,feminine,0.9031042456626892,39,0.43481290340423584
9b252cd5-334e-4618-a67c-78e25439e43b.jpg,asian,0.9996421933174133,masculine,0.9976068735122681,27,0.570277988910675
9b380d33-f757-4c82-b402-59022bc45b02.jpg,asian,0.9973394870758057,masculine,0.9740414023399353,36,0.6211071610450745
9bc4cfab-7a17-433f-841b-afaa70d4e82a.jpg,white,0.6505260467529297,masculine,0.9925146102905273,23,0.6627548933029175
9c164595-e559-4e11-9594-3334b088dd20.jpg,asian,0.9995084404945374,feminine,0.9323349595069885,39,0.4803881049156189
9c3e33e2-8a4f-485c-820f-4e2bf6738835.jpg,white,0.9704484343528748,feminine,0.7668544054031372,39,0.32975947856903076
9d3351ee-4204-4d0e-a790-cc0fbe2aa875.jpg,white,0.9919332265853882,feminine,0.9694921970367432,45,0.6457902789115906
9d616da4-cf82-49b1-822f-61399313bd2d.jpg,"hispanic, latino, or spanish origin",0.5765520334243774,feminine,0.7958497405052185,23,0.6517524719238281
9d7f39d0-d1e0-4059-b14a-a26f13330420.jpg,asian,0.9896972179412842,feminine,0.8644883632659912,27,0.49486905336380005
9dd3135f-e732-4587-8f4c-ea934ec1dc6c.jpg,asian,0.9915914535522461,masculine,0.518703043460846,4,0.39848577976226807
9de5ece6-b7c7-472f-b2e1-2c8225500c99.jpg,"hispanic, latino, or spanish origin",0.5209484100341797,feminine,0.8843710422515869,39,0.5055032968521118
9e52553c-d440-4794-b665-36e987be73e5.jpg,asian,0.9832916259765625,feminine,0.9956718683242798,23,0.44818592071533203
9e7c0377-46de-430f-aa5b-2f1ca2b458cf.jpg,white,0.9999240636825562,masculine,0.8423277139663696,55,0.6592669486999512
9ee52a96-8a83-4ac5-9513-b36804113b32.jpg,"hispanic, latino, or spanish origin",0.2729099988937378,feminine,0.6783552765846252,39,0.33477750420570374
9ee97b02-30ed-4aa3-92a5-50b9352091b3.jpg,"hispanic, latino, or spanish origin",0.4747653603553772,feminine,0.7783762216567993,39,0.3337000608444214
9f3ff43f-e544-4cdd-ad06-47631932927a.jpg,white,0.9278477430343628,feminine,0.9919002056121826,36,0.5705423951148987
a112538f-6f73-474b-b4ad-225f9f36298f.jpg,asian,0.9767798185348511,masculine,0.896470308303833,36,0.4513660669326782
a168239d-025f-45e6-93e0-c6a62a72cfe3.jpg,white,0.9099520444869995,masculine,0.9998601675033569,36,0.5803529024124146
a1760f1c-6aff-4da5-92ef-05338ffd8156.jpg,asian,0.7394375801086426,feminine,0.6439686417579651,11,0.4213501811027527
a1a46004-f6c5-4114-a189-24a04244cac3.jpg,asian,0.43632686138153076,feminine,0.9365792274475098,36,0.482617050409317
a26dea8c-3e87-4a73-87bd-37e2adac5521.jpg,white,0.9579840898513794,masculine,0.7885321378707886,55,0.4850142300128937
a2e90d45-9f77-41a7-9c5c-2fa5079420a0.jpg,white,0.994774341583252,masculine,0.9965447187423706,39,0.5966594219207764
a3075839-330e-404f-b680-fe76f6c276eb.jpg,asian,0.9993140697479248,feminine,0.6159008741378784,23,0.5954846143722534
a318f614-c41b-4666-8c02-be0f582015db.jpg,white,0.9846517443656921,masculine,0.9941344261169434,36,0.5698336362838745
a3e18326-92c2-464e-bf7f-7cc2984bfec9.jpg,asian,0.9992552995681763,feminine,0.7226805686950684,27,0.3893243074417114
a3f34843-f458-4b3f-b93b-303a7b358968.jpg,"hispanic, latino, or spanish origin",0.6080721616744995,masculine,0.9998875856399536,27,0.49241769313812256
a42beea6-8e90-4ec4-9e1c-859104e5bfa3.jpg,white,0.8518972396850586,masculine,0.8372918963432312,23,0.5531035661697388
a49c34eb-b252-48b9-97e1-edaeb95382c8.jpg,asian,0.9999057054519653,masculine,0.7475904226303101,39,0.6184225082397461
a4c0267f-dbcb-4040-9ee8-ebea276c065a.jpg,asian,0.24025225639343262,feminine,0.758503794670105,57,0.36056485772132874
a55e51f4-8954-4a3a-a0e1-5a99507df7f2.jpg,white,0.44487476348876953,feminine,0.997505247592926,45,0.5214066505432129
a640c989-e881-4f73-9ea7-2c9dd182a123.jpg,white,0.9896163940429688,masculine,0.998126745223999,39,0.5383245944976807
a6f33b82-1890-4c6b-b06f-0db1669458bc.jpg,asian,0.9193106293678284,masculine,0.9865788817405701,38,0.4140983819961548
a7108308-2b7f-484b-b332-ae0d1e21e0dd.jpg,asian,0.9884235858917236,masculine,0.9986838102340698,36,0.3839779496192932
a716bfbc-8912-472a-aa73-a2f862c5d82e.jpg,asian,0.984330415725708,feminine,0.9500157833099365,39,0.44254326820373535
a72b2e6e-0ea4-458c-892f-3dc5ce11a6f9.jpg,asian,0.9994509220123291,masculine,0.5366853475570679,27,0.4886443316936493
a7c0b687-a5f6-465c-bb58-898db6f41833.jpg,asian,0.9278357028961182,masculine,0.9932164549827576,23,0.7058099508285522
a7f7c42c-010f-41a4-914a-645a847386b1.jpg,middle eastern or north african,0.2613387107849121,masculine,0.9967150688171387,39,0.5425286293029785
a803c398-2ef3-486d-bd1e-907cdc7f4af0.jpg,white,0.9586048126220703,masculine,0.9999014139175415,38,0.70060133934021
a8801058-e1c1-4453-92a0-03181b766828.jpg,black or african american,0.39212465286254883,masculine,0.999969482421875,39,0.6134071350097656
a8e24689-d95d-4698-a44e-88c4e99216f9.jpg,white,0.9829862117767334,feminine,0.9752055406570435,39,0.4799916446208954
a98a951e-e04f-4cfa-9b2e-19a222c5f874.jpg,white,0.26550865173339844,feminine,0.6843485832214355,45,0.34372055530548096
aa356281-ed16-477d-9b0b-616fc03bf517.jpg,"hispanic, latino, or spanish origin",0.49109920859336853,feminine,0.9819817543029785,36,0.4239705204963684
aa9642fa-7e38-41dd-9754-38a71fab3f9b.jpg,white,0.6335426568984985,feminine,0.988404393196106,36,0.4545729458332062
aaa4dce3-c809-45a4-83cb-3f5bd1d4858a.jpg,white,0.47442471981048584,masculine,0.9993696212768555,23,0.7545353174209595
ab209792-363c-4407-a56f-8cbc14c606d2.jpg,asian,0.9979824423789978,masculine,0.9995986223220825,24,0.5344293117523193
ab31a46e-71d2-471a-966f-fbe220c1c4ab.jpg,asian,0.9991438388824463,feminine,0.9951572418212891,38,0.6517794132232666
ab6294a3-fba1-48da-bab9-cc9ad5e47167.jpg,white,0.7663835287094116,feminine,0.7476273775100708,24,0.5606876611709595
ac2081be-d6fd-4891-a522-daa8c591ef51.jpg,asian,0.786700963973999,feminine,0.9206420183181763,23,0.5547495484352112
ac690585-cde0-4f8b-ac12-f84af6df00b0.jpg,white,0.6105577945709229,masculine,0.6431964635848999,45,0.3555241525173187
ac92fee0-2fc9-4818-8063-e85378d58904.jpg,white,0.9900548458099365,feminine,0.6289534568786621,40,0.8064192533493042
acfa4f4d-44d2-47fa-bf46-52bf63576da1.jpg,"hispanic, latino, or spanish origin",0.4291868805885315,feminine,0.9491555690765381,24,0.44028595089912415
ad16af0d-6715-4099-ab09-60b474ae5c8a.jpg,white,0.9959061145782471,masculine,0.9881142973899841,39,0.49636873602867126
ad2af1d7-0cd8-4f62-8fd2-0f95ef0d9e24.jpg,asian,0.9994530081748962,masculine,0.5365694761276245,39,0.42724233865737915
ad43ed95-d72a-4993-aecb-5436ef14a13a.jpg,black or african american,0.9935268759727478,feminine,0.9991609454154968,49,0.47262042760849
ad4468fb-d41a-4974-88d9-4f8de7c5fb4e.jpg,asian,0.6206159591674805,feminine,0.7031573057174683,46,0.4555288553237915
ad5ee985-0a85-4c33-b67c-72a0b5d5bd4b.jpg,asian,0.8741061687469482,masculine,0.9193332195281982,45,0.5080803632736206
ad69a061-67b6-4f79-972e-b8f88c55a1d5.jpg,asian,0.24391821026802063,feminine,0.5839446783065796,36,0.48640739917755127
add04bfa-9585-4319-8ce3-1a17c010c317.jpg,asian,0.9955002069473267,feminine,0.9948390126228333,45,0.34891366958618164
ae175a4b-c8d1-4343-bbdd-2265cbd45b8a.jpg,asian,0.9979243874549866,masculine,0.9927425384521484,27,0.3911741375923157
ae339cc5-8298-4269-bc6e-137329287252.jpg,asian,0.9976775646209717,masculine,0.9836048483848572,38,0.7101269960403442
ae8bdebb-049e-4db1-886b-f24ad6375065.jpg,asian,0.9999727010726929,feminine,0.9753102660179138,36,0.5095353126525879
aeccbe85-1785-4b86-a7a9-5cb05fba0898.jpg,asian,0.7894417643547058,masculine,0.9999805688858032,27,0.592066764831543
af25131c-2e52-4838-89a1-6f317421c52c.jpg,white,0.9990725517272949,masculine,0.999923586845398,45,0.6261336803436279
af572f21-7ae8-4a07-80da-fe4d427d957c.jpg,asian,0.999938428401947,feminine,0.7878501415252686,23,0.4027611017227173
af68ad47-fb75-4667-bb7e-eaef246e50b6.jpg,white,0.6292535066604614,feminine,0.8265366554260254,45,0.32962870597839355
af8185d0-133c-440d-8d59-226a1e5dfe64.jpg,asian,0.9974135160446167,feminine,0.8935511708259583,23,0.5991071462631226
af834768-1694-4184-98c6-807d0b37c890.jpg,asian,0.6848946213722229,feminine,0.6500110626220703,36,0.35827213525772095
b0746552-bf7f-4fc0-bd3f-347dc19065da.jpg,asian,0.9966922998428345,masculine,0.7189093828201294,23,0.7344270348548889
b0d188db-4e76-4c6e-9a19-4a518ac8e3d7.jpg,asian,0.9985303282737732,feminine,0.996298611164093,41,0.6579409837722778
b269b999-73c3-4407-ab1f-173669ec9a85.jpg,black or african american,0.9810534715652466,feminine,0.7788969278335571,45,0.4117621183395386
b28ef1a4-bf03-4a79-b8f8-ce8ae4470a7b.jpg,white,0.8674516677856445,feminine,0.9358059167861938,49,0.5655919313430786
b3097646-e787-45bd-bf88-dd2088e491b7.jpg,white,0.7231752872467041,feminine,0.9996640086174011,14,0.6115788817405701
b34c7789-119c-4f7e-bde7-a3f046d46b1e.jpg,asian,0.9984805583953857,masculine,0.9925318956375122,23,0.7194005250930786
b3af2a87-466b-46f0-9ac1-879b45cd182b.jpg,asian,0.9995495080947876,feminine,0.965631365776062,39,0.6002565026283264
b4171893-51bd-420b-befa-ccd87c1b20df.jpg,asian,0.9998688101768494,feminine,0.9972121715545654,23,0.4729967713356018
b4dbe3f4-f407-4dd3-af55-3f85af63d64b.jpg,asian,0.998546838760376,feminine,0.7538626790046692,39,0.5871580243110657
b5349d8a-af4a-4cc6-b060-9084d92d6a54.jpg,asian,0.9942804574966431,feminine,0.9292953014373779,23,0.5942577123641968
b5a51fa9-860d-4957-831c-d7a79e6baf53.jpg,asian,0.41668421030044556,feminine,0.9730401039123535,39,0.7553311586380005
b5b3d61e-6ea6-4b11-b9db-bd428e27bd8a.jpg,asian,0.9962671399116516,masculine,0.9996187686920166,24,0.555147647857666
b6921c67-2e7b-45e4-9e24-d2e8f6ce8e0e.jpg,white,0.8728252053260803,feminine,0.998497724533081,39,0.43602490425109863
b6a5baf6-4fc6-4cc7-8254-00794c26cf30.jpg,white,0.5331786274909973,masculine,0.9891093373298645,27,0.537176251411438
b80c4732-6fa3-4331-8a80-089582f3632b.jpg,white,0.9676586389541626,masculine,0.5524133443832397,55,0.44047170877456665
b8173989-b225-47ca-8c9b-c332e608f8c5.jpg,white,0.9893680214881897,masculine,0.9984071254730225,28,0.5616117715835571
b822ae62-8e18-4901-be10-a4ef45886e7a.jpg,asian,0.5902572870254517,feminine,0.6132490634918213,47,0.39896827936172485
b84f15ac-8572-475d-9423-eb8374bbe481.jpg,asian,0.9990553855895996,feminine,0.997572660446167,39,0.6265984177589417
b87e0447-03a9-4ffe-9507-ef3f1927d850.jpg,asian,0.9972200989723206,masculine,0.9841822385787964,33,0.5496394634246826
b908ef32-0715-4597-96d5-9c02a8f0992c.jpg,"hispanic, latino, or spanish origin",0.5534290075302124,masculine,0.7170282602310181,3,0.8140081763267517
b931e334-3276-47a0-9097-dadc2935dac3.jpg,white,0.9778016805648804,feminine,0.9740362167358398,45,0.6807287931442261
b9c94951-3034-4a1c-ba04-c46357bc5fb3.jpg,white,0.947333574295044,feminine,0.9609812498092651,39,0.4107722043991089
ba4528a3-2dcc-4624-aa4b-a8e4405ec3cf.jpg,asian,0.9998942613601685,masculine,0.8381930589675903,39,0.8194760084152222
ba492835-c0d9-4e37-aaaa-c0a7232c2365.jpg,asian,0.9999110698699951,feminine,0.9745906591415405,44,0.5446516871452332
ba900d94-4547-4de1-a57d-450c9e121589.jpg,white,0.9997204542160034,feminine,0.9832174777984619,24,0.5682437419891357
bb0d3d1f-7264-4683-be73-9362c3c1fdcc.jpg,"hispanic, latino, or spanish origin",0.8097356557846069,feminine,0.9059358835220337,27,0.4742610454559326
bb68b86a-c7f1-405b-ad95-0ffb653e3ecb.jpg,white,0.6408582925796509,feminine,0.8849371075630188,39,0.5141539573669434
bc662640-fae3-4ece-87e6-d11effdf85ac.jpg,asian,0.6488674879074097,feminine,0.8214520215988159,39,0.4589352011680603
bc7f271d-8db8-498b-82a5-21f31d9075fd.jpg,"hispanic, latino, or spanish origin",0.3997073173522949,masculine,0.9974920749664307,46,0.5596749782562256
bce8a32c-2780-4eb9-85b8-6d610e6df948.jpg,white,0.8628672361373901,masculine,0.9611774682998657,36,0.5252894163131714
bd7de2d6-65ff-433d-8930-1e4d21310dae.jpg,asian,0.9932220578193665,feminine,0.9952510595321655,39,0.5755304098129272
be43be7e-e81e-4eec-b23f-5a51aeb4e9e9.jpg,white,0.9860038757324219,masculine,0.9999411702156067,39,0.7317478060722351
be793c10-2214-4a64-9383-d41848b3cf7d.jpg,"hispanic, latino, or spanish origin",0.44858646392822266,masculine,0.7200669050216675,23,0.57606041431427
beb5babb-dcc2-493f-8704-c9e515af28d3.jpg,white,0.878205418586731,masculine,0.5043779015541077,59,0.3226805329322815
bf30ac95-2323-40a8-aced-8be892ef62a6.jpg,asian,0.9999809861183167,masculine,0.9966747164726257,29,0.5628061294555664
bf33545f-be24-430a-a824-7d3f175613b6.jpg,asian,0.9970653057098389,masculine,0.8205526471138,56,0.6937161684036255
bf5a5ad8-c3a6-4235-a440-587bac3b37e6.jpg,white,0.9880253076553345,masculine,0.6409996747970581,39,0.5193216800689697
bf665fb9-15ed-4aab-ad95-44230526c14b.jpg,white,0.5025100708007812,masculine,0.921630859375,36,0.2947736084461212
bf8dfd45-31d5-419c-8de8-841027bc5b64.jpg,asian,0.7481974363327026,masculine,0.990248441696167,23,0.3793426752090454
bff161f8-f637-48f5-8a81-30efe7ea149b.jpg,asian,0.9996954798698425,feminine,0.9384381175041199,8,0.40386882424354553
c04bdd60-e37d-4b4f-b068-beb1a0dbe061.jpg,asian,0.9914638996124268,feminine,0.8951113224029541,34,0.4801484942436218
c095ffae-bfe9-4ba0-8993-940eb603dbfe.jpg,asian,0.938340961933136,masculine,0.534570574760437,27,0.3885081112384796
c1065708-21a8-44f7-92de-37ec6b8bee3b.jpg,white,0.9272019863128662,feminine,0.8684553503990173,62,0.6720452308654785
c10d827f-3b47-4d5f-8652-d9df7bb21dad.jpg,asian,0.9945614337921143,masculine,0.9798477292060852,36,0.48897087574005127
c12afdff-83cd-4b54-82c3-8227fcb68047.jpg,white,0.9298738241195679,masculine,0.836094856262207,56,0.3406980037689209
c147ba2f-4744-41f3-bd94-4393914f960b.jpg,asian,0.29826992750167847,feminine,0.9284831285476685,27,0.3917429447174072
c1a3f75e-63fd-49d8-b74b-fdf594014d9b.jpg,"hispanic, latino, or spanish origin",0.6743060350418091,masculine,0.9998164176940918,27,0.5089824199676514
c1ab0629-709b-4175-9f82-5dcbf5044f11.jpg,"hispanic, latino, or spanish origin",0.5554454922676086,masculine,0.8849239349365234,36,0.5329748392105103
c1b38bc0-8837-44b4-91a0-57696b3c01df.jpg,asian,0.345176100730896,feminine,0.8682959079742432,45,0.5149585008621216
c1cb1d83-35de-43ff-9fcf-6e73d0d90f20.jpg,white,0.9876903295516968,feminine,0.9872338771820068,24,0.5398231744766235
c1da0b90-9006-4d87-9b59-f4ac7e4e6e97.jpg,white,0.9897469282150269,masculine,0.6767921447753906,59,0.694358229637146
c1f7869d-e0fe-4639-b7e1-788eb84d0d77.jpg,white,0.9031321406364441,masculine,0.9997507333755493,40,0.6249431371688843
c2cecc21-e63b-4bc3-8580-b2a1107ed14a.jpg,white,0.9942224621772766,feminine,0.9956823587417603,39,0.5911157131195068
c3815afa-1660-4503-8a11-69dcd91c17a2.jpg,white,0.9349942207336426,masculine,0.979613184928894,27,0.5490936040878296
c3823b66-c972-4edc-a5b9-d3fef7f9e48d.jpg,"hispanic, latino, or spanish origin",0.6387708187103271,masculine,0.5840713977813721,23,0.5984146595001221
c3e53c7e-af7f-4a13-bd68-a24865fcca64.jpg,white,0.5025490522384644,feminine,0.9675955772399902,39,0.6858489513397217
c3edd389-e078-4fd5-986f-b44c4c65c76d.jpg,asian,0.9843156337738037,masculine,0.9998959302902222,36,0.5655654668807983
c404afc5-1e3f-4ef3-a800-8d360b66162d.jpg,asian,0.9956691265106201,feminine,0.9030441045761108,23,0.47131627798080444
c4905d62-b766-4235-96fc-8437f440ddf2.jpg,asian,0.6229729652404785,feminine,0.9896504878997803,27,0.48077747225761414
c49a826d-d64c-4908-a6e8-067bc89e2f92.jpg,"hispanic, latino, or spanish origin",0.3195226192474365,feminine,0.8187039494514465,23,0.3867945671081543
c4aecbca-d06a-43b0-9379-408379349ffc.jpg,asian,0.4049012064933777,feminine,0.775790274143219,23,0.517603874206543
c4bbe294-34b0-4649-b82e-b9d4d62e8228.jpg,asian,0.8398362398147583,masculine,0.9970573782920837,39,0.7047147154808044
c5710f16-94f5-4a1a-902c-8a696ccf91b7.jpg,black or african american,0.36877620220184326,masculine,0.9959766864776611,24,0.4115021228790283
c5771127-7dc8-4ace-beb6-11e1e2017179.jpg,asian,0.9262311458587646,feminine,0.9968128204345703,24,0.7050600647926331
c6779610-4d97-4619-9c39-747d7fe5cb24.jpg,asian,0.945905327796936,feminine,0.8899763822555542,37,0.4472048282623291
c6dd6b96-d05a-45cf-9228-eb0838082e1d.jpg,white,0.8843579292297363,feminine,0.9809291958808899,39,0.5398634672164917
c6ea407b-86bd-4d73-9171-e6713f721d77.jpg,"hispanic, latino, or spanish origin",0.5104153156280518,masculine,0.6797215938568115,23,0.36419832706451416
c70b91bb-14a0-43f1-a105-0e7030cec902.jpg,white,0.9937026500701904,masculine,0.9990768432617188,28,0.46046096086502075
c714be2f-469b-4aa5-9ede-2e6248195d40.jpg,white,0.7281973361968994,masculine,0.9980095028877258,45,0.5609428882598877
c7e72f5a-ff0b-4de6-b376-890072561677.jpg,asian,0.9997791051864624,feminine,0.8323016166687012,14,0.3542664647102356
c82fef6d-30a1-4b0f-9110-d9fcf7f463a0.jpg,asian,0.8288630247116089,masculine,0.9846055507659912,34,0.5030320286750793
c8431e88-63bd-4ffc-b47d-c89a8ed1e185.jpg,asian,0.9946401119232178,masculine,0.9910804033279419,23,0.6051481366157532
c85e02f4-ecfc-4de7-a52c-c39e4eb646ef.jpg,asian,0.9998301267623901,masculine,0.7660310864448547,23,0.600543737411499
c87f0a37-caa1-4b20-a956-1f5c9073caa6.jpg,black or african american,0.9997391700744629,feminine,0.9865904450416565,23,0.4614076018333435
c946faee-877d-4ae1-910e-219480c97737.jpg,white,0.3852638602256775,feminine,0.9788780808448792,39,0.33795803785324097
c9936f5b-1c75-4d83-b24b-e4f017c11d80.jpg,white,0.0,feminine,0.0,94,0.0
c9a0d2f1-e0b8-49ae-8087-3ea2b5dd86a3.jpg,asian,0.999100923538208,feminine,0.9755260944366455,27,0.6073191165924072
ca6a2ac9-ff38-484c-93b0-12ff33db8dd0.jpg,asian,0.9994791150093079,feminine,0.8687993288040161,39,0.482784628868103
caacec2e-0671-470f-ac60-60cedafb81f4.jpg,white,0.9781015515327454,masculine,0.8749399185180664,3,0.40019911527633667
cb3abf5b-65b6-461d-91b9-3305e893e4f0.jpg,white,0.6887553334236145,masculine,0.956834077835083,45,0.68320631980896
cbf1389a-7191-492a-a2b6-ea1df9bb2313.jpg,white,0.834889829158783,feminine,0.884691596031189,28,0.716258704662323
cc1ee4e5-61ad-4e72-bc22-3e9398210dbf.jpg,asian,0.9516386389732361,feminine,0.9710138440132141,37,0.595787763595581
cc5de642-18cc-4588-98f1-e454550117ea.jpg,asian,0.994888186454773,feminine,0.9916783571243286,36,0.5444331765174866
cc5ebbed-68e9-4019-886f-1b85fa9384e8.jpg,white,0.8716521859169006,masculine,0.9992085695266724,50,0.6886584758758545
cc88e4b0-27cc-4190-b34d-fcce4e981832.jpg,asian,0.988614559173584,masculine,0.9056199789047241,39,0.5631856918334961
cca39966-9ea2-44ca-a808-9199cffa6ca5.jpg,asian,0.9999544620513916,feminine,0.9902610182762146,33,0.44066333770751953
cd551997-4b49-48f6-9106-b91548fbc7cd.jpg,asian,0.934497058391571,feminine,0.9328174591064453,34,0.5074113607406616
cd5dd4dc-2db7-4cd3-bcc5-633eb0acf21d.jpg,asian,0.9600755572319031,feminine,0.5579422116279602,23,0.7445197105407715
cd92c58b-5360-42b3-ab43-2c2333c0aef3.jpg,asian,0.7420690059661865,masculine,0.980451226234436,36,0.5516718626022339
cda368c7-7d7c-49fc-b0f0-7cde99e6d13e.jpg,asian,0.9973975419998169,feminine,0.9806023836135864,28,0.4498276114463806
cda7e552-9373-407b-b06d-fae6acdf870f.jpg,asian,0.9972028732299805,feminine,0.7880415916442871,23,0.4133439064025879
cdc00ab6-2f21-433d-94ab-6e4e987c981c.jpg,white,0.5290026664733887,masculine,0.9984889030456543,39,0.5772155523300171
ce4c0410-7cc5-4c4c-9459-1449e49640bc.jpg,asian,0.7373207211494446,feminine,0.9593483209609985,36,0.4543200731277466
cebfd532-7286-4b25-8b18-bc29d9dc6533.jpg,asian,0.9600054025650024,masculine,0.9933977127075195,36,0.4741629958152771
cf146ed7-9841-4181-9bcf-c6649833d81c.jpg,white,0.9935250282287598,feminine,0.9932482242584229,59,0.6552067399024963
cf15d463-041c-43be-98ed-5a6380f4cf40.jpg,asian,0.9999346137046814,masculine,0.9994192719459534,27,0.5010775327682495
cf323aa0-20db-4086-88f6-9bde08998702.jpg,white,0.9890422821044922,masculine,0.9971714615821838,37,0.6449884176254272
cf33debc-e93b-4ad0-93ed-11dcb9563153.jpg,asian,0.9999417066574097,feminine,0.9998435974121094,39,0.5069274306297302
cf71e0c4-88ff-4b15-adc2-00e63836fcdd.jpg,white,0.9965782165527344,masculine,0.9917666912078857,34,0.5437620878219604
cfac36e3-e5f2-4593-9fe6-8975b87fa1e3.jpg,asian,0.9997279644012451,masculine,0.9927034378051758,23,0.4392673373222351
cffc6e2d-cea8-484b-a44c-16b9402ed896.jpg,asian,0.997831404209137,masculine,0.7638731002807617,39,0.43303465843200684
d04733c7-c617-4975-b219-9f66338aee01.jpg,asian,0.9977192878723145,feminine,0.9979631900787354,24,0.5481061339378357
d0e80c96-4a5a-48a2-83e7-683f76e5b725.jpg,white,0.963742733001709,masculine,0.9938506484031677,36,0.6430018544197083
d0ff3af5-48ea-449a-b025-c60dc3c2110d.jpg,white,0.7299129962921143,feminine,0.9731064438819885,39,0.5106856822967529
d1207d09-1b38-47d1-8fcb-f1aae4a5f352.jpg,white,0.997269868850708,feminine,0.9970090389251709,39,0.3985600471496582
d15afed2-ac68-4cb9-92f4-71dcf9e17a6c.jpg,asian,0.9999265670776367,feminine,0.9863430261611938,39,0.4319865107536316
d1d0f661-cf0d-438e-8e8c-7f3f145e0531.jpg,white,0.9704594612121582,masculine,0.9999549388885498,36,0.55535888671875
d1fe0ef1-ce75-4e89-9513-dfe272c8efd6.jpg,asian,0.9991964101791382,feminine,0.996145486831665,36,0.45364344120025635
d200167d-2314-4580-8b26-1d667ec4a946.jpg,white,0.5481467843055725,feminine,0.7508371472358704,27,0.4134177565574646
d2926b7d-0939-440b-8503-9172f98d4160.jpg,"hispanic, latino, or spanish origin",0.4023069739341736,feminine,0.695586085319519,45,0.35311681032180786
d29cffd0-1313-4773-b201-fb0c71b61ff1.jpg,asian,0.9941155910491943,feminine,0.993208646774292,14,0.4375695288181305
d349585a-bba7-446e-ad84-445ddf9abfcd.jpg,asian,0.9998743534088135,feminine,0.9995906352996826,33,0.46808016300201416
d3c022cc-167f-4e61-b446-c41447bb9913.jpg,"hispanic, latino, or spanish origin",0.33983707427978516,feminine,0.9949343204498291,23,0.7621404528617859
d449892d-8a28-48c7-8b5f-9be45bbc099d.jpg,white,0.9965828657150269,masculine,0.98702073097229,27,0.6648443937301636
d45b0ec1-84b1-4880-9fa9-c26eefd30e76.jpg,white,0.9005783200263977,feminine,0.9479180574417114,45,0.5282515287399292
d57db391-188e-4caf-9320-f280ef973367.jpg,asian,0.5300708413124084,feminine,0.95296710729599,39,0.3371175527572632
d5f8f4c0-4ce3-40e9-9741-7af599f36060.jpg,white,0.9896814823150635,masculine,0.7938017845153809,38,0.5573501586914062
d71303f8-def1-468b-8ea8-54841dd2c4e5.jpg,white,0.5655560493469238,masculine,0.9814466238021851,36,0.4017179012298584
d75eec63-08b4-4c94-9121-549daea0d817.jpg,asian,0.9998143911361694,feminine,0.9795452356338501,39,0.7018978595733643
d7e75098-4d65-4cab-b8bb-6d7a25aa2278.jpg,white,0.9972645044326782,masculine,0.8018786311149597,58,0.5852200388908386
d8add986-bcb4-4ddf-a6f1-f788970eaf90.jpg,white,0.9594309329986572,masculine,0.5226510763168335,48,0.30835026502609253
d8dc6155-81fc-4a7d-ab89-4652019fcf78.jpg,black or african american,0.6875841617584229,masculine,0.673288106918335,37,0.4005534052848816
d8ef8497-4d41-46c6-bca7-def7ce5f218b.jpg,white,0.6447237730026245,masculine,0.838070273399353,39,0.47447890043258667
d9016e55-2cb7-4534-800a-838a4ce7032a.jpg,asian,0.9983819127082825,feminine,0.981976330280304,34,0.3853401243686676
d92f6ea0-315a-453e-bc58-e67ac6e15a42.jpg,asian,0.9656233191490173,feminine,0.9736968278884888,1,0.9373679161071777
d946b61b-4938-44ed-a7f5-117bc655638b.jpg,asian,0.9998533725738525,masculine,0.9989628195762634,23,0.6653894186019897
d9632523-e6f9-463d-a0b5-63fde9d26850.jpg,asian,0.9061424136161804,feminine,0.990552544593811,37,0.5255165100097656
d9d5b341-9019-48f2-87eb-c27e36c02909.jpg,asian,0.9945502281188965,feminine,0.9994583129882812,39,0.6112954020500183
da1e6044-114a-4c72-a41f-774862906d2b.jpg,asian,0.983901858329773,feminine,0.9932311177253723,36,0.5190801620483398
da544c36-533c-4bc3-886a-5d852167efe0.jpg,asian,0.999931812286377,feminine,0.9782232642173767,33,0.5477627515792847
dab9983c-a16c-479e-a951-f1e3c07782c3.jpg,white,0.9558100700378418,masculine,0.9987967014312744,39,0.5145564079284668
daf08e5b-fa33-45c8-96a1-30f36c862520.jpg,asian,0.9956415891647339,feminine,0.8877277970314026,38,0.5694887042045593
db046a91-6b6f-454f-b7aa-a243d093541e.jpg,asian,0.9991073608398438,feminine,0.9999303817749023,23,0.6678544282913208
db8c5da9-edd8-4271-a5b7-8b7c3d09c9f7.jpg,white,0.478027880191803,feminine,0.924258291721344,58,0.8304907083511353
dbc2951d-4aff-4b9c-b2c2-cf546f8a23a1.jpg,asian,0.9973587393760681,feminine,0.8119721412658691,24,0.6158081889152527
dbef452a-effc-496e-9687-1a5129a513cd.jpg,asian,0.9009428024291992,feminine,0.9390442371368408,23,0.7269905805587769
dc1bdfd6-6027-493e-b19b-e2247ccd554d.jpg,white,0.9700225591659546,masculine,0.992438793182373,39,0.6833183765411377
dc36dc43-5888-4d33-be07-5fb952abcfd7.jpg,white,0.9841265678405762,masculine,0.9372241497039795,41,0.5121045708656311
dc88c33e-ed1d-4153-a8b6-7e75df5858c3.jpg,asian,0.27707910537719727,feminine,0.8768085837364197,24,0.5559060573577881
dcd46aef-1753-45d1-bb4c-5cf00788ed60.jpg,asian,0.9993828535079956,feminine,0.9962249994277954,39,0.4058608114719391
dce3928d-f32f-4636-86ef-6dba67873613.jpg,white,0.9890480041503906,masculine,0.9479663372039795,38,0.5380105376243591
dcf494a2-55d1-4069-a521-3892f6f9301b.jpg,white,0.6558971405029297,feminine,0.9933757185935974,44,0.7081655859947205
dd04bc29-42c7-4590-8570-07af8f69d95d.jpg,asian,0.9999628067016602,masculine,0.9990091323852539,39,0.5256940126419067
dd54ab2b-1dde-41d7-8959-aed35a0277af.jpg,asian,0.9993617534637451,feminine,0.9430603981018066,37,0.5653851628303528
dd7ced9d-b78e-4315-9ea5-4b31d694e7f8.jpg,white,0.37855303287506104,masculine,0.999487578868866,41,0.556199848651886
ddc3ad1f-b7fb-4719-8301-2ec5d3ed8fa2.jpg,asian,0.9400118589401245,masculine,0.9990639686584473,39,0.6259638667106628
de49c258-2bc3-4a68-b3e8-0bb11b45208a.jpg,black or african american,0.7840153574943542,masculine,0.994834303855896,39,0.5191745758056641
de919876-fb23-443c-82f6-2e6a34a8ac6d.jpg,white,0.7156786918640137,feminine,0.9476954340934753,59,0.5329140424728394
df1020dd-788a-403b-b630-e02f91b4761b.jpg,asian,0.5527081489562988,feminine,0.7745686769485474,24,0.38090163469314575
df1ae940-d671-4ed1-ac40-b28d18bc5c4b.jpg,black or african american,0.9945700168609619,feminine,0.8899073004722595,23,0.7410547733306885
df57dd49-81f1-4db4-b3ab-60eb210cc5a0.jpg,asian,0.9968371391296387,feminine,0.999919593334198,36,0.49646812677383423
df8a8713-c6cc-4438-aafc-c7650d8ac7a2.jpg,asian,0.9900562167167664,feminine,0.6819962859153748,39,0.5432946681976318
df95d01b-be3d-482e-8871-3af422aec9b3.jpg,asian,0.9936599731445312,feminine,0.9977190494537354,24,0.5264173746109009
e055d4ea-5c65-4335-9ecc-fb76424deeb3.jpg,asian,0.9997276663780212,feminine,0.9648606777191162,27,0.39552512764930725
e08ebb4f-4c22-4174-b379-1f78beccb650.jpg,white,0.6415973901748657,masculine,0.9999312162399292,36,0.6204712390899658
e0957b36-2c60-4f96-a74b-72782d0c9fe3.jpg,"hispanic, latino, or spanish origin",0.5221449136734009,masculine,0.997260570526123,34,0.5037660598754883
e0a61a01-53b8-4f98-ad05-423a97a1d7ac.jpg,asian,0.9998419284820557,feminine,0.990708589553833,24,0.4641198515892029
e13aec2e-8823-4655-94b2-40408894fff7.jpg,black or african american,0.9991564750671387,feminine,0.9875064492225647,39,0.5614129900932312
e18ffbc2-18b8-4cee-922b-6e93b51c23a7.jpg,white,0.9265086054801941,masculine,0.9356859922409058,39,0.6454141139984131
e24d195c-7eda-4d94-8cdc-87bee171dcb5.jpg,white,0.9876450300216675,feminine,0.9853750467300415,55,0.5619049668312073
e260b413-5234-4c07-8293-78029f00421e.jpg,white,0.665753960609436,masculine,0.9998003840446472,39,0.8302513360977173
e26b331f-e644-4a94-8898-3f25456bf7b7.jpg,white,0.6674900054931641,masculine,0.9997655749320984,36,0.4611132740974426
e2a8c8e9-6298-43e4-a3cb-3dbd1bc47ffa.jpg,black or african american,0.6145590543746948,feminine,0.5909518003463745,39,0.3080131411552429
e2c1ae8f-4b89-40d9-bd4f-246c5aad258b.jpg,white,0.7244162559509277,masculine,0.5897953510284424,23,0.6221542358398438
e3106cdd-6137-48a4-ae52-f0025eb6de6f.jpg,white,0.9227268695831299,feminine,0.9969238042831421,22,0.665664553642273
e3148091-a37b-460c-90f6-685b56e441f5.jpg,asian,0.4345858693122864,masculine,0.6572928428649902,23,0.47540122270584106
e342d699-f20c-4796-bd4a-b7e77beb0495.jpg,asian,0.8275183439254761,feminine,0.8685135245323181,33,0.46039530634880066
e3435956-938b-4e56-b7ad-5521b39672bf.jpg,asian,0.5708020925521851,masculine,0.9396600723266602,36,0.4896395802497864
e3d2688e-0098-4af1-a71b-a5ea44f733a5.jpg,asian,0.9829683303833008,masculine,0.9982267618179321,36,0.5542460680007935
e3e9465d-2054-405f-ace4-765e0d1fb1b2.jpg,white,0.3161366879940033,feminine,0.647362232208252,39,0.3708995580673218
e4f248ca-4831-4171-a3e7-b8944eaf7712.jpg,white,0.9568378925323486,feminine,0.7423608303070068,39,0.27738428115844727
e531debb-8499-4a73-96ef-2f8990ba1a96.jpg,asian,0.9844108819961548,feminine,0.9675527215003967,39,0.5078009366989136
e6010985-6234-4ddb-9643-7faeadfab78e.jpg,asian,0.982064962387085,feminine,0.8271995782852173,22,0.4206541180610657
e69c0ace-24ce-4717-af91-d218c759dcd4.jpg,white,0.9861404895782471,masculine,0.9999996423721313,24,0.5747769474983215
e6a62fe0-d07e-4ddb-b4b9-464cf6a25612.jpg,white,0.9998859167098999,masculine,0.9992796182632446,39,0.672285795211792
e6c9d0c5-0402-4391-8bf8-7287174eaf80.jpg,white,0.8286123871803284,feminine,0.9729534387588501,27,0.39927735924720764
e6e3a59a-1181-4fcd-9ab8-2329aaa78330.jpg,asian,0.9981354475021362,masculine,0.9966206550598145,39,0.5417935252189636
e7107a2a-650c-4d6e-aad4-b1a0d15a7e3e.jpg,asian,0.9991137981414795,feminine,0.9434677362442017,34,0.4644659161567688
e737816b-0571-451d-977e-95358fc92fc3.jpg,"hispanic, latino, or spanish origin",0.3063644766807556,feminine,0.9651219844818115,24,0.5072144269943237
e79ef25d-4666-4da4-9ace-5abb592f1603.jpg,asian,0.9710977077484131,feminine,0.9610041379928589,23,0.4073569178581238
e7aaef76-279e-4160-88c1-043a6aa2fb46.jpg,"hispanic, latino, or spanish origin",0.7627733945846558,feminine,0.9597880840301514,45,0.5999506711959839
e7e4cd98-62f5-482b-b96e-ddaf1cf8ce9d.jpg,white,0.9682639837265015,feminine,0.9273380637168884,39,0.4537646174430847
e7feaeb6-7a85-4150-9884-d3fbc0c250fe.jpg,asian,0.9999535083770752,masculine,0.8496453762054443,38,0.6557202339172363
e8512207-4d03-484d-8005-f098099314ea.jpg,asian,0.3413986265659332,masculine,0.9437084197998047,27,0.4701594114303589
e87a98ea-8a90-4bb6-8725-42a0af9ff133.jpg,asian,0.9987320899963379,feminine,0.9962632656097412,23,0.634454607963562
e893ff15-2a31-448a-a6ed-fc173eee241c.jpg,black or african american,0.42776209115982056,feminine,0.8198495507240295,23,0.37045785784721375
e89b8b79-ce2d-437e-b387-2026c1ba2379.jpg,white,0.6409175395965576,masculine,0.9941611886024475,27,0.5805943608283997
e8ac3419-7bca-4b6c-8ba9-493f311e7401.jpg,white,0.3776657283306122,feminine,0.9963077306747437,23,0.519987165927887
e995ee0d-2b82-45be-8c98-bbf0bc436987.jpg,asian,0.6877557039260864,feminine,0.8334109783172607,23,0.43615609407424927
ea45689a-9cdf-4bd5-8470-928e64aa7446.jpg,white,0.9695887565612793,feminine,0.9944695830345154,39,0.5744712352752686
eae18b81-b837-407e-ae2d-836ff12bf084.jpg,white,0.899435818195343,masculine,0.9995677471160889,51,0.5521056652069092
eb148f6f-89e9-41b1-8085-90da919d8a86.jpg,white,0.38412854075431824,feminine,0.9791685938835144,39,0.6935582160949707
eb526c79-24ed-420f-8567-06a86d32934e.jpg,white,0.7180088758468628,masculine,0.9987354278564453,27,0.543990969657898
ebb4b74b-5756-4d60-a2ef-aa7481b2962c.jpg,asian,0.9628192186355591,masculine,0.9991090297698975,29,0.6163552403450012
ebce27a5-afe2-4955-93f2-1d0c54a98c17.jpg,asian,0.998924970626831,feminine,0.9974088072776794,22,0.802582323551178
ec9b98f0-34ec-405e-8004-63995e5d6a9e.jpg,asian,0.9942561984062195,feminine,0.796240508556366,39,0.5990679264068604
eca2011e-e7c7-4932-ab8f-fdfd26b8fdb9.jpg,white,0.9923801422119141,masculine,0.9995668530464172,28,0.5331680774688721
eca787fa-1a0b-4f9b-b447-c7c057f328f9.jpg,white,0.7899520397186279,feminine,0.5736632943153381,61,0.42428213357925415
ecdbb1ea-19a3-4a46-8931-e0642cecbfac.jpg,asian,0.9961968064308167,masculine,0.7478653192520142,27,0.46160006523132324
ece925b0-3c32-4625-8f9c-fc372b8af691.jpg,black or african american,0.9999313354492188,masculine,0.6880135536193848,48,0.47314825654029846
edc06586-355b-48b8-b474-b53057ad015f.jpg,asian,0.9182943105697632,feminine,0.9908367991447449,23,0.591088593006134
eddf8c44-a4a1-44cf-b5d7-41dafb93d6ea.jpg,"hispanic, latino, or spanish origin",0.3418351411819458,masculine,0.5714636445045471,55,0.3236619830131531
ee2d95fc-f751-455d-a52b-87dd78920aeb.jpg,white,0.9974616765975952,feminine,0.6504129767417908,36,0.4475266933441162
eed39a6b-3ea8-47b2-b088-2cf8ac033d67.jpg,white,0.5716211199760437,masculine,0.9196739196777344,27,0.5948574542999268
ef761915-2146-43d2-a5c6-b2a69596ad82.jpg,asian,0.9997259378433228,feminine,0.9405580759048462,24,0.5383092761039734
ef99e9fd-d3e1-4fa4-955e-d54c83ee9dec.jpg,white,0.8693541288375854,feminine,0.8249524831771851,51,0.676842212677002
efd413db-1172-49fc-a50d-06aeb47ed17a.jpg,white,0.9164083003997803,feminine,0.9646667242050171,39,0.4376022219657898
efdcd627-9c58-4779-a9c3-94dfc047e5e0.jpg,white,0.674558162689209,masculine,0.9975796937942505,55,0.5714848041534424
f0105e49-1ad9-4803-860d-c02a0377ab5c.jpg,white,0.6607484817504883,masculine,0.9999597668647766,39,0.5275661945343018
f043dfb8-98b9-4377-8542-c036a108df73.jpg,asian,0.9814481735229492,masculine,0.9960885047912598,36,0.5725244879722595
f08167b1-067d-4a74-b9a1-4e9aaf33b444.jpg,black or african american,0.943083643913269,feminine,0.9345132112503052,55,0.3604596257209778
f0c0e1cb-8807-4602-bef9-e7957f8cb69c.jpg,white,0.9894571304321289,feminine,0.9502821564674377,45,0.3651694655418396
f12be687-d037-4a5f-8662-756de35f8595.jpg,white,0.9524780511856079,feminine,0.9979091882705688,41,0.45324042439460754
f1c6c80f-e604-4f7a-adee-b7d180e20dea.jpg,white,0.9984411001205444,masculine,0.995890736579895,45,0.5681406855583191
f1e71cc3-076d-4189-b20c-50394c1e31ca.jpg,white,0.9984996318817139,feminine,0.9443528056144714,66,0.9179097414016724
f1fd3027-6caf-4425-8be8-f5e3347d2c2b.jpg,white,0.9992713928222656,masculine,0.9889870882034302,27,0.4926692247390747
f210fa15-2f39-4f99-a5e5-e97d4ab7e27e.jpg,white,0.9977319240570068,feminine,0.9928147792816162,36,0.44477206468582153
f22fb9a8-ea99-4694-9bec-a7d544add44a.jpg,asian,0.9941250085830688,masculine,0.9881126880645752,27,0.5073186755180359
f3070346-8e85-41e8-aa77-d9dd9b4ced40.jpg,"hispanic, latino, or spanish origin",0.6305873394012451,masculine,0.9999433755874634,28,0.5406306385993958
f346eccc-e360-415a-971e-c63a83fe6038.jpg,asian,0.9683674573898315,feminine,0.9575081467628479,36,0.6309970021247864
f34e92f0-fa16-4c05-b722-8fba1eb03c0b.jpg,asian,0.6496180295944214,feminine,0.9929196834564209,39,0.4536529779434204
f365be82-1ed0-454a-8bdd-43d4b9117050.jpg,black or african american,0.9999908804893494,feminine,0.9997334480285645,23,0.46710559725761414
f3b4637b-4a85-4cd9-8829-a006f31fb0d1.jpg,white,0.949333667755127,masculine,0.5648038387298584,23,0.6539314985275269
f444ca14-d548-47f3-b961-4a3ed822d3db.jpg,white,0.3206813335418701,masculine,0.808127760887146,39,0.3334505558013916
f49d94c0-a9f4-4067-8782-83835cbcc064.jpg,white,0.8025415539741516,feminine,0.9307746887207031,39,0.6201479434967041
f4b11703-31f0-4895-8b81-7b29166d5df8.jpg,white,0.9855260848999023,masculine,0.6566745042800903,28,0.5476114749908447
f4ba2bf5-fbcf-4aba-88c6-9c593a2c3e57.jpg,asian,0.9984992742538452,feminine,0.8624342679977417,37,0.45115602016448975
f4e41300-a8f5-4d16-aaab-57dd7c9e8e8d.jpg,white,0.994579553604126,masculine,0.9936245083808899,29,0.5813713073730469
f50eaf87-f124-4435-a1a3-e29365bdd539.jpg,asian,0.9631837606430054,masculine,0.9963743686676025,23,0.6101036071777344
f64d1ea6-744f-4c5c-af2f-105d3ab429ad.jpg,white,0.9873934984207153,masculine,0.538894534111023,55,0.3449002504348755
f67cd9ae-c168-4bac-b32a-8445a4ad20e4.jpg,white,0.9994826316833496,masculine,0.9975364208221436,37,0.6921253204345703
f6c4bfb6-3a35-4ea9-b4a9-b519377b5a1a.jpg,asian,0.5174939632415771,masculine,0.6240811347961426,39,0.7149034738540649
f79d1471-077b-43cf-9214-ae2addedf5ca.jpg,asian,0.9999099969863892,feminine,0.9990452527999878,23,0.3648008406162262
f7cff715-619e-40ac-b3ab-7d7c9188fa9d.jpg,white,0.4416296184062958,masculine,0.9999121427536011,23,0.6349561810493469
f7dd8faa-c492-455e-b0d7-6b1c994cd73e.jpg,asian,0.7305737733840942,masculine,0.9503415822982788,36,0.5390599966049194
f7f7e51b-5637-4ef6-ae06-c52e0a352209.jpg,asian,0.9877654910087585,feminine,0.9427253007888794,39,0.3993709683418274
f8cd593f-82f1-4df8-a9eb-4a4b685dacce.jpg,asian,0.9996316432952881,feminine,0.9678921699523926,23,0.4940875768661499
f948a12e-3d10-4ab4-835c-05d322a603ff.jpg,asian,0.9999897480010986,feminine,0.979697585105896,36,0.5883914232254028
f97c4740-11c2-4cb4-a0f8-20704165f009.jpg,white,0.6228903532028198,feminine,0.9799594879150391,39,0.43144935369491577
f9d35343-fb95-4c64-9abf-026cd142f318.jpg,asian,0.9996446967124939,masculine,0.9889911413192749,39,0.6245635747909546
f9fc96ab-e30d-4da8-85ba-3abe2526ede7.jpg,asian,0.9989639520645142,feminine,0.9994813203811646,12,0.420784056186676
fa015926-6899-4606-95ce-a3ac9cbb7f74.jpg,white,0.9953384399414062,masculine,0.998153567314148,39,0.7371537685394287
fa332c68-9b33-4864-bbef-71631a4ac18d.jpg,black or african american,0.978744387626648,masculine,0.5277621746063232,39,0.34581857919692993
fa415b2e-13bc-44f9-9cd0-18c7948e46d4.jpg,asian,0.8240922093391418,masculine,0.8870831727981567,23,0.46871110796928406
faad141f-6e03-4523-addd-5865d6d3b1b3.jpg,asian,0.983850359916687,masculine,0.9666361808776855,24,0.40211769938468933
fab1163a-b07a-4ef9-9b46-1eedb9f32336.jpg,white,0.5821477770805359,masculine,0.9994073510169983,45,0.5687705278396606
fae9345d-d57a-494d-851c-2a9a2bc01701.jpg,black or african american,0.9999717473983765,masculine,0.9993321895599365,39,0.5995050668716431
fb7b256c-e581-40d1-8fe8-920dc8840ff6.jpg,asian,0.9940567016601562,masculine,0.9813063144683838,36,0.4957352876663208
fbea076e-c442-448e-8599-e14c7aacbd6e.jpg,white,0.9537820816040039,feminine,0.9384411573410034,39,0.4247896671295166
fc11e8e1-5800-4d56-884d-44943e3c3012.jpg,asian,0.5829147100448608,feminine,0.6457710266113281,63,0.37717878818511963
fc16c0ec-fee5-4c46-be88-97f76e28249f.jpg,white,0.42451098561286926,feminine,0.9941729307174683,33,0.3649061322212219
fc66b344-15f5-4a34-aa35-02fbb40024b5.jpg,asian,0.9994930028915405,feminine,0.9848820567131042,39,0.7184031009674072
fd33e7ea-77fc-4a59-889f-62e8d47626c9.jpg,asian,0.9996476173400879,masculine,0.967987060546875,39,0.7997795939445496
fe028cb6-f23c-4073-a9f0-31acad21b97d.jpg,white,0.9292309284210205,feminine,0.9439564347267151,28,0.39106547832489014
fe26ba42-e6fe-4b1d-b12a-02e6677e1754.jpg,asian,0.9971234798431396,masculine,0.99708491563797,39,0.7631494998931885
fe550c01-1dc3-491b-aa2b-ef4075e4f3fa.jpg,white,0.8768700361251831,masculine,0.8908838033676147,39,0.44954174757003784
fe846803-9cb2-46d0-96b4-cee9f92082e6.jpg,white,0.24804653227329254,feminine,0.5414509773254395,39,0.33293890953063965
febb5641-c705-4c41-894c-ed7d36a36943.jpg,white,0.9744997620582581,feminine,0.8687669634819031,28,0.47092515230178833
ff0022e9-532c-4609-bbc8-32e6bfbd22f2.jpg,white,0.9987620115280151,masculine,0.9999488592147827,50,0.5819367170333862
ff654124-3564-4f0c-99f2-9d7ed033cac9.jpg,white,0.9976613521575928,masculine,0.9608408212661743,27,0.48130881786346436
ff7ec2c9-5e1c-413c-a594-bbd30894ebb8.jpg,white,0.9918314218521118,masculine,0.9626773595809937,59,0.7419978380203247
ff8842d3-1244-44ec-b080-c1a9d8eb5031.jpg,asian,0.9979085922241211,feminine,0.98975670337677,27,0.45940667390823364
ffdbdb60-fb11-480b-88bd-9670c61a5bfe.jpg,white,0.7909495830535889,masculine,0.5381899476051331,36,0.6390125751495361
