worker_id,external_id,judgments_count,missed_count,golds_count,forgiven_count,channel,country,region,city,last_ip,flagged_at,rejected_at,bonus,flag_reason,trust_overall,submission_rate
6345217,3574085,5,0,5,0,clixsense,BRA,26,Florianopolis,187.65.236.47,,,0,,1.0,300
6591664,3801006,5,0,5,0,clixsense,MEX,09,Mexico,189.236.254.244,,,0,,1.0,0
12668599,4622771,5,0,5,0,clixsense,IND,"","",111.223.24.209,,,0,,1.0,300
17327401,5267355,25,0,9,0,clixsense,BIH,01,Sarajevo,77.239.7.199,,,0,,1.0,300
20225558,snowcauldron,10,0,6,0,instagc,GBR,C3,Cambridge,89.240.41.149,,,0,,1.0,300
28278521,8A495C4523B596EB24750D543524A854,5,0,5,0,neodev,VEN,07,Valencia,200.109.8.190,,,0,,1.0,0
28786138,6612107,20,0,8,0,clixsense,MKD,E3,Prilep,92.53.35.57,,,0,,1.0,300
29732909,6668312,0,0,0,0,clixsense,,,,,,,0,,1.0,0
29812417,3DB7DD0C1DB76A8241A29D4352C72707,5,0,5,0,neodev,PRT,07,Coimbra,176.79.131.35,,,0,,1.0,0
29970629,6799182,5,1,5,0,clixsense,SRB,00,Belgrade,24.135.135.17,,,0,,0.8,0
30155630,9B23E70F5CBB38522BFA95FAD8D0CB36,0,0,0,0,neodev,,,,,,,0,,1.0,0
30320478,EA7B7EB552AE78CCBD9CE4BD64DFB8C1,5,0,5,0,neodev,ITA,07,Rome,2.236.191.177,,,0,,1.0,300
31649759,A5E6C69BC3C5B9A5DD6A67EA287D2489,5,0,5,0,neodev,VEN,13,Barquisimeto,201.248.210.199,,,0,,1.0,0
32420346,9D7C9D71F217550D044935D48A84480F,5,0,5,0,neodev,VEN,26,Puerto La Cruz,190.203.238.46,,,0,,1.0,0
33915317,3DB334B90F8299DFFD55B23693B99944,5,0,5,0,neodev,VEN,02,Bergantín,190.205.129.58,,,0,,1.0,300
34242458,7978551,5,0,5,0,clixsense,ITA,13,Bari,2.226.168.210,,,0,,1.0,300
35122844,8240958,5,0,5,0,clixsense,SRB,00,Belgrade,178.220.212.115,,,0,,1.0,300
35792870,2579013,5,0,5,0,clixsense,IND,23,Patiala,124.253.86.96,,,0,,1.0,0
36181479,8632537,5,0,5,0,clixsense,RUS,71,Yekaterinburg,213.191.17.33,,,0,,1.0,300
36201092,8646450,10,0,6,0,clixsense,MEX,12,Acapulco,189.143.86.204,,,0,,1.0,300
36685488,396C1BA526F8DBAE87D9602DE7E4D81B,10,0,6,0,neodev,VEN,23,Maracaibo,186.88.74.19,,,0,,1.0,300
36697726,7E46CA47FF1D7A3E99DD719F52F9B821,0,0,0,0,neodev,,,,,,,0,,1.0,0
36985538,6EE7F0B63FB90A84B54F3332206396E9,5,0,5,0,neodev,VEN,18,Guanare,190.207.152.139,,,0,,1.0,300
37272337,9039143,10,0,6,0,clixsense,TUR,26,Eskisehir,159.146.93.21,,,0,,1.0,300
37478367,104C554949968EA3DEE40461DA32D81A,5,3,5,0,neodev,VEN,13,Barquisimeto,190.207.193.229,,,0,,0.4,300
38436499,AAED689DBB3FA9AD008D8D1D7EF00A28,10,0,6,0,neodev,VEN,25,Caracas,190.79.219.30,,,0,,1.0,300
38661505,F3148CA8F186D8753C3F520A53732EBF,15,0,7,0,neodev,VEN,25,Caracas,181.18.32.154,,,0,,1.0,300
38665767,9483020,25,0,9,0,clixsense,VEN,25,Caracas,190.72.172.233,,,0,,1.0,375
38762820,2945BA3EA6EEA7DBC338D6D1E28E12C0,5,0,5,0,neodev,VEN,"","",190.76.63.193,,,0,,1.0,300
38772254,9518911,5,0,5,0,clixsense,MEX,14,Guadalajara,187.139.85.15,,,0,,1.0,0
38851403,9546960,0,0,0,0,clixsense,,,,,,,0,,1.0,0
38914195,9567833,20,0,8,0,clixsense,UKR,15,Lviv,62.221.62.37,,,0,,1.0,300
39006856,107C3369273607F0890DB111AF121511,0,0,0,0,neodev,,,,,,,0,,1.0,0
39093867,80CEE02CAAB58C8478DA480E7D9ACC4E,5,0,5,0,neodev,VEN,25,Caracas,190.142.138.36,,,0,,1.0,300
39174217,26CEDD10B0C67776E0643075F37BEF58,5,0,5,0,neodev,RUS,20,Irkutsk,178.184.209.23,,,0,,1.0,0
39465667,9730732,5,1,5,0,clixsense,BIH,01,Sarajevo,109.175.96.125,,,0,,0.8,0
40206149,9984950,15,0,7,0,clixsense,RUS,86,Voronezh,128.70.35.206,,,0,,1.0,300
40541660,D0F3686F04298D61F063FCF4079B2070,0,0,0,0,neodev,,,,,,,0,,1.0,0
40942858,7424276B9828128FE0F410E778370DBC,0,0,0,0,neodev,,,,,,,0,,1.0,0
41507262,E1EE37F5172EA8F773E05796892CA53D,5,0,5,0,neodev,VEN,13,Barquisimeto,186.91.236.62,,,0,,1.0,300
41703169,8A3BE7DF8B507F2F96031965FDA9D41F,5,0,5,0,neodev,VEN,25,Caracas,186.167.248.211,,,0,,1.0,0
42006889,979A2875418E7D1CD73D67AA042E19A6,5,0,5,0,neodev,RUS,38,Krasnodar,95.153.131.231,,,0,,1.0,300
42012035,5C2AD61FDF3325D418E09C610F0867AA,10,0,6,0,neodev,VEN,07,Valencia,190.202.189.30,,,0,,1.0,600
42253924,6D9C8C3EC1916A46E0643075F37BEF58,5,0,5,0,neodev,RUS,47,Balashikha,89.169.16.55,,,0,,1.0,300
42488337,10865508,5,3,5,0,clixsense,TUR,48,Mugla,94.120.88.165,,,0,,0.4,0
43250263,11183673,5,0,5,0,clixsense,UKR,"","",46.133.132.218,,,0,,1.0,0
43487092,BD7A11C6F28905326BDCD589D6BB8CA1,10,0,6,0,neodev,COL,21,Cucuta,181.50.220.51,,,0,,1.0,300
43514164,4F336690D46AE24E0CAD5F2CDE485D23,5,0,5,0,neodev,VEN,04,Maracay,201.208.6.64,,,0,,1.0,300
43621163,5EEC5886ECDDB3B0AA5E3A041481982C,5,0,5,0,neodev,VEN,25,Caracas,186.167.242.39,,,0,,1.0,0
43642908,DCD91FD080646E5F4F09095DD5433594,0,0,0,0,neodev,,,,,,,0,,1.0,0
43650017,6BA6C23B355BE41E1C4225EF31E8C1E3,20,1,8,0,neodev,VEN,25,Caracas,190.39.163.186,,,0,,0.875,300
43661460,851C35AF2BB6847A5A177E0B4883CD7E,5,0,5,0,neodev,VEN,06,Puerto Ordaz,190.198.136.102,,,0,,1.0,300
43665081,1CBF71B1F7CC676A4B7AEA85440565A3,5,0,5,0,neodev,VEN,14,Mérida,143.255.84.18,,,0,,1.0,300
43692556,A636057ECA92374DAA86FF6CD252D13D,15,0,7,0,neodev,VEN,25,Caracas,201.209.129.161,,,0,,1.0,300
43723980,11574115,10,0,6,0,clixsense,SRB,00,Obrenovac,188.255.196.192,,,0,,1.0,300
43726491,11578457,15,0,7,0,clixsense,UKR,09,Khmelnitskiy,188.163.33.134,,,0,,1.0,300
43765267,605C906C20302CF2E0F410E778370DBC,0,0,0,0,neodev,,,,,,,0,,1.0,0
43818439,F1DB490EFFBAB7AE09A3246400FC988C,0,0,0,0,neodev,,,,,,,0,,1.0,0
43822830,E274902BC5554FAEA72773646D413314,5,0,5,0,neodev,VEN,23,Machiques,190.38.9.226,,,0,,1.0,0
43840260,731FB7C84EB8E3A16B390050D52FDAD3,0,0,0,0,neodev,,,,,,,0,,1.0,0
43842317,11795608,5,0,5,0,clixsense,PRT,17,Rio Tinto,89.154.144.169,,,0,,1.0,300
43879440,77EA7B7284941E3C951EB4356D7835FF,5,0,5,0,neodev,VEN,25,Caracas,186.167.251.198,,,0,,1.0,300
43898912,BDDC8F482C26C62573E05796892CA53D,20,0,8,0,neodev,VEN,16,Alto De Los Godos,190.198.161.11,,,0,,1.0,300
43918222,188E22768A9A08F52C49F30A9F655560,5,0,5,0,neodev,VEN,22,San Felipe,170.244.52.17,,,0,,1.0,300
43939540,1A4B632B064E274487D9602DE7E4D81B,10,0,6,0,neodev,VEN,25,Caracas,186.185.41.179,,,0,,1.0,300
43957673,152FC5B6ABBE0F0D646998E1CBB70BF7,5,0,5,0,neodev,VEN,02,Bergantín,201.242.111.198,,,0,,1.0,0
43981075,CA9103EDF41B0F9C3EE02C28A6EE4B57,10,0,6,0,neodev,VEN,15,Santa Teresa Del Tuy,190.206.246.89,,,0,,1.0,300
44082763,F7C574F345E954F9B6CD945299117BED,5,0,5,0,neodev,COL,21,Cucuta,186.87.245.166,,,0,,1.0,300
44088118,87EC8EADE3C2CEB1DE1C1F776E860E31,0,0,0,0,neodev,,,,,,,0,,1.0,0
44120237,62DA88F03EDC1370807A1C1B93AA3314,15,0,7,0,neodev,VEN,19,Altagracia,200.8.137.60,,,0,,1.0,450
44121833,395DD2D14E360859AA86FF6CD252D13D,5,0,5,0,neodev,VEN,14,Mérida,190.75.251.168,,,0,,1.0,300
44144362,13E8906BD84339C06B390050D52FDAD3,5,2,5,0,neodev,VEN,14,Campo Alegre,190.78.84.2,,,0,,0.6,300
44144595,12310724,5,0,5,0,clixsense,UKR,18,Poltava,95.164.67.215,,,0,,1.0,300
44161378,445EC9E206491E6396031965FDA9D41F,5,1,5,0,neodev,VEN,02,Anaco,201.242.96.62,,,0,,0.8,0
44195993,12384333,20,0,8,0,clixsense,BGD,"","",103.139.196.75,,,0,,1.0,300
44219691,F3C6BFB30A56E2D05213CA1A0E82036F,5,0,5,0,neodev,VEN,21,Trujillo,190.73.39.219,,,0,,1.0,300
44278906,BC6B22B10A3E216E498878444F81137D,5,0,5,0,neodev,VEN,25,Caracas,186.167.242.70,,,0,,1.0,300
44311593,B0778F9AB249AF7E0CAD5F2CDE485D23,25,0,9,0,neodev,VEN,15,Guarenas,200.8.99.105,,,0,,1.0,375
44318447,5117C3589C2CE8DEB54F3332206396E9,0,0,0,0,neodev,,,,,,,0,,1.0,0
44322731,DF2A6979001EC24687D9602DE7E4D81B,10,0,6,0,neodev,VEN,04,Maracay,186.92.78.252,,,0,,1.0,300
44357992,10CDBDE8928E1376A72773646D413314,5,0,5,0,neodev,VEN,25,Caracas,186.188.72.233,,,0,,1.0,300
44384476,E539713657E936873C3F520A53732EBF,5,0,5,0,neodev,VEN,19,Altagracia,201.209.171.215,,,0,,1.0,300
44389224,F6EE1A4A47F79353B54F3332206396E9,5,0,5,0,neodev,VEN,06,Puerto Ordaz,190.200.121.230,,,0,,1.0,300
44403422,398756B9C1B9A2CADEC62BDF2B4C9E80,15,0,7,0,neodev,VEN,07,Valencia,190.206.20.129,,,0,,1.0,450
44428445,01D7FFD32770FF41A72773646D413314,5,0,5,0,neodev,VEN,02,Bergantín,190.207.70.120,,,0,,1.0,300
44441214,12812604,0,0,0,0,clixsense,,,,,,,0,,1.0,0
44461098,12848119,5,0,5,0,clixsense,VEN,25,Caracas,186.167.248.98,,,0,,1.0,0
44478394,12882292,5,0,5,0,clixsense,VEN,25,Caracas,190.79.89.136,,,0,,1.0,300
44502282,A0700683FCB88FECB0D4CB6DCC18E8F9,10,0,6,0,neodev,VEN,04,Cagua,190.37.91.210,,,0,,1.0,600
44514533,12952512,0,0,0,0,clixsense,,,,,,,0,,1.0,0
44542515,5922C88C6F3A9EE83A7EF6E57C5562DE,5,0,5,0,neodev,BGD,81,Dhaka,103.133.4.130,,,0,,1.0,300
44567514,187B5ED601FB3DDFB0D4CB6DCC18E8F9,5,1,5,0,neodev,VEN,19,Altagracia,190.75.9.135,,,0,,0.8,0
44569395,13062248,5,0,5,0,clixsense,VEN,23,Maracaibo,186.88.74.182,,,0,,1.0,300
44585045,13097789,0,0,0,0,clixsense,,,,,,,0,,1.0,0
44591122,13108882,15,0,7,0,clixsense,UKR,04,Pyatikhatki,91.227.150.13,,,0,,1.0,450
44604227,2D0448383FBD4636DEF77F94FE295A6E,5,0,5,0,neodev,COL,34,Bogota,191.102.199.226,,,0,,1.0,0
44604482,BB469EED8BAB6BB5BE2CB08758655D00,5,0,5,0,neodev,VEN,25,Caracas,190.74.96.211,,,0,,1.0,0
44610681,79D85710DB013638E0F410E778370DBC,5,0,5,0,neodev,VEN,16,Alto De Los Godos,190.37.207.251,,,0,,1.0,0
44618034,13172434,5,0,5,0,clixsense,TUR,68,Ankara,176.43.217.119,,,0,,1.0,300
44626159,13184067,5,0,5,0,clixsense,VEN,25,Caracas,186.167.244.23,,,0,,1.0,0
44628734,13179054,5,0,5,0,clixsense,COL,34,Bogota,161.18.175.106,,,0,,1.0,300
44634684,0FB1376C0AF1AAE4DE1C1F776E860E31,5,0,5,0,neodev,VEN,04,Maracay,190.72.57.243,,,0,,1.0,300
44648197,AC4BC136CB8B8B35E072395DC2023399,0,0,0,0,neodev,,,,,,,0,,1.0,0
44649272,85BA22C326C4FFE93EE02C28A6EE4B57,5,0,5,0,neodev,VEN,21,Trujillo,190.207.212.156,,,0,,1.0,300
44686750,ACF37BBFAA29A977A72773646D413314,5,0,5,0,neodev,VEN,02,Bergantín,190.201.103.112,,,0,,1.0,300
44689302,13320277,5,0,5,0,clixsense,VEN,04,Maracay,190.77.104.48,,,0,,1.0,300
44718631,17CB883BE4C971D209A3246400FC988C,5,0,5,0,neodev,VEN,25,Caracas,186.167.249.12,,,0,,1.0,300
44726919,13132884,0,0,0,0,clixsense,,,,,,,0,,1.0,0
44732169,13410569,0,0,0,0,clixsense,,,,,,,0,,1.0,0
44736410,E0E6AEBEAA34DC63494FC5F3416EDE71,5,0,5,0,neodev,VEN,04,Maracay,201.210.59.34,,,0,,1.0,0
44736638,992C9A4C06A31EAD514FB4CA2928E334,10,0,6,0,neodev,VEN,04,La Victoria,190.201.139.105,,,0,,1.0,300
44770074,13472682,5,0,5,0,clixsense,VEN,02,Anaco,181.34.158.132,,,0,,1.0,0
44771835,4656F3818D6D73940CAD5F2CDE485D23,10,1,6,0,neodev,VEN,25,Caracas,186.167.251.28,,,0,,0.8333,300
44807643,0208C06069B8084EFD55B23693B99944,5,0,5,0,neodev,VEN,"","",190.76.63.17,,,0,,1.0,300
44812982,13554142,45,0,13,0,clixsense,TUR,71,Konya,176.240.100.89,,,0,,1.0,525
44826677,13576808,0,0,0,0,clixsense,,,,,,,0,,1.0,0
44843751,38E806C4EB990D0AFD55B23693B99944,5,0,5,0,neodev,VEN,25,Caracas,190.79.166.111,,,0,,1.0,0
44844838,13606705,5,0,5,0,clixsense,VEN,25,Caracas,186.167.242.165,,,0,,1.0,0
44854755,A8F4FE3492E38F9578DA480E7D9ACC4E,15,0,7,0,neodev,VEN,25,Caracas,201.243.39.216,,,0,,1.0,300
44862947,538CF3794BCC14B9DEF77F94FE295A6E,35,0,11,0,neodev,VEN,04,Maracay,190.77.104.48,,,0,,1.0,525
44885120,3E385B9265F9AAB307CFBA8CB897B0DC,5,0,5,0,neodev,MAR,50,Berrechid,41.251.223.211,,,0,,1.0,300
44889730,13702994,5,3,5,0,clixsense,VEN,02,Cantaura,190.207.34.19,,,0,,0.4,300
44890028,13703043,5,0,5,0,clixsense,VEN,02,Bergantín,186.89.200.33,,,0,,1.0,300
44891600,13707904,5,0,5,0,clixsense,PER,15,Lima,190.234.254.209,,,0,,1.0,0
44895329,9F7E4747523C5385B2BF0A8E0CA6A523,10,0,6,0,neodev,VEN,04,Maracay,186.92.77.32,,,0,,1.0,300
44903335,A8820E869D9D901AB2BF0A8E0CA6A523,25,0,9,0,neodev,VEN,15,Aragüita,190.198.208.155,,,0,,1.0,400
44905160,AC62C2C95275BCD7B54F3332206396E9,5,1,5,0,neodev,VEN,16,Alto De Los Godos,190.73.224.56,,,0,,0.8,0
44937687,C6C09B323627601A6BDCD589D6BB8CA1,25,0,9,0,neodev,VEN,07,Valencia,200.71.114.57,,,0,,1.0,300
44939197,E468027C72F07AD91469C240903A77DC,10,0,6,0,neodev,VEN,23,Maracaibo,190.77.161.244,,,0,,1.0,300
44939524,78F3E416E3B494A2C72447F05A7256A4,0,0,0,0,neodev,,,,,,,0,,1.0,0
44948271,13828586,5,0,5,0,clixsense,TUR,07,Antalya,88.241.50.106,,,0,,1.0,300
44983771,D76C2C3F5E52D6924F09095DD5433594,0,0,0,0,neodev,,,,,,,0,,1.0,0
44985688,02DE47119D045A02667AD9B74FE239D0,10,1,6,0,neodev,VEN,06,Puerto Ordaz,190.200.105.156,,,0,,0.8333,300
44989347,DA726914FA4217543BE56A74FD3D6324,35,1,11,1,neodev,VEN,25,Caracas,186.167.244.195,,,0,,0.9,420
44991975,C5D6392854EC11E316C8E61001D64B85,5,0,5,0,neodev,VEN,07,Valencia,200.8.199.132,,,0,,1.0,0
45012752,13976128,0,0,0,0,clixsense,,,,,,,0,,1.0,0
45016156,13984341,5,0,5,0,clixsense,RUS,73,Kazan,87.117.189.125,,,0,,1.0,0
45020624,822CDA3CC4AC06CEDEE40461DA32D81A,0,0,0,0,neodev,,,,,,,0,,1.0,0
45021434,13996486,5,0,5,0,clixsense,VEN,15,Altamira,190.36.78.90,,,0,,1.0,300
45023099,14000158,20,0,8,0,clixsense,VEN,07,Bejuma,190.199.196.216,,,0,,1.0,300
45032419,941DA8E9904C5E9009A3246400FC988C,0,0,0,0,neodev,,,,,,,0,,1.0,0
45034178,14027094,10,0,6,0,clixsense,RUS,73,Kazan,87.117.189.125,,,0,,1.0,300
45034579,CC470CE23E084833B2BF0A8E0CA6A523,5,0,5,0,neodev,VEN,16,Alto De Los Godos,190.200.67.126,,,0,,1.0,300
45048956,4B9FFD01870061D9E0F410E778370DBC,5,0,5,0,neodev,VEN,25,Caracas,186.167.249.116,,,0,,1.0,300
45049702,14066892,20,0,8,0,clixsense,VEN,23,Maracaibo,186.88.194.170,,,0,,1.0,400
45053656,1E768FBE5DE2B57B13B45070835AF903,15,1,7,0,neodev,VEN,15,Agua Fria,190.38.137.166,,,0,,0.8571,300
45057153,14083285,5,0,5,0,clixsense,VEN,04,Villa De Cura,190.78.183.131,,,0,,1.0,300
45061342,14095131,0,0,0,0,clixsense,,,,,,,0,,1.0,0
45064862,14104307,5,0,5,0,clixsense,VEN,11,Punto Fijo,200.84.244.208,,,0,,1.0,300
45069192,578AA825548FB524B6CB1911CE467178,5,2,5,0,neodev,VEN,04,Maracay,200.229.154.217,,,0,,0.6,300
45069545,3DAB519D7E0EFB405B2F430C4460AB1B,5,3,5,0,neodev,VEN,02,Bergantín,186.89.214.47,,,0,,0.4,300
45070009,36E011A1107B556CBACEFE911F27E775,5,0,5,0,neodev,VEN,07,Valencia,190.199.225.6,,,0,,1.0,300
45075879,CD645C7879D67EAAE072395DC2023399,0,0,0,0,neodev,,,,,,,0,,1.0,0
45085932,B1072E215ACD609C11A1B4E358E036AF,20,0,8,0,neodev,VEN,25,Caracas,201.209.254.143,,,0,,1.0,400
45089348,824C3E3029B4C989544E98A5532E411B,5,0,5,0,neodev,VEN,19,Altagracia,186.89.224.251,,,0,,1.0,300
45101169,4EA355BE7EF5B1E02EFD2A28AE2C3FB7,5,0,5,0,neodev,VEN,25,Caracas,186.185.13.226,,,0,,1.0,300
45107762,14239947,5,0,5,0,clixsense,VEN,07,Valencia,190.199.248.156,,,0,,1.0,300
45108308,14241596,5,0,5,0,clixsense,VEN,13,Barquisimeto,200.8.125.41,,,0,,1.0,0
45115741,DA67325723E028BA52A6F24AA52E306B,0,0,0,0,neodev,,,,,,,0,,1.0,0
45141907,14353990,5,1,5,0,clixsense,PER,15,Lima,179.6.195.192,,,0,,0.8,0
45145655,14364098,20,1,8,0,clixsense,VNM,44,Hanoi,171.234.205.180,,,0,,0.875,450
45148551,BFC96A0AE952C170514FB4CA2928E334,5,0,5,0,neodev,VEN,15,Agua Fria,181.208.39.206,,,0,,1.0,300
45155696,194,10,0,6,0,feca,BIH,02,Doboj,62.68.111.6,,,0,,1.0,300
45155710,208,5,0,5,0,feca,BRA,05,Curaca,168.121.103.235,,,0,,1.0,0
45156017,342,0,0,0,0,feca,,,,,,,0,,1.0,0
45156217,403,5,0,5,0,feca,VEN,04,Villa De Cura,186.95.75.171,,,0,,1.0,300
45156424,453,15,0,7,0,feca,VEN,19,Altagracia,190.205.154.143,,,0,,1.0,300
45156560,488,5,0,5,0,feca,BRA,02,Maceio,45.4.178.2,,,0,,1.0,0
45156664,513,5,0,5,0,feca,VEN,25,Caracas,190.72.166.123,,,0,,1.0,300
45156846,559,5,0,5,0,feca,VEN,25,Caracas,190.72.106.230,,,0,,1.0,0
45157864,706,5,0,5,0,feca,VEN,11,El Molino,190.207.205.156,,,0,,1.0,0
45158231,812,15,1,7,0,feca,IND,28,Kolkata,47.15.170.101,,,0,,0.8571,300
45158636,911,5,1,5,0,feca,VEN,08,San Carlos,190.199.209.186,,,0,,0.8,300
45158734,1000,5,2,5,0,feca,VEN,25,Caracas,186.167.242.135,,,0,,0.6,300
45158755,1001,5,0,5,0,feca,VEN,25,Caracas,200.93.7.202,,,0,,1.0,0
45158821,1083,5,0,5,0,feca,PER,15,Lima,190.233.214.87,,,0,,1.0,0
45158851,1078,20,0,8,0,feca,RUS,53,Novosibirsk,94.180.52.58,,,0,,1.0,400
45158956,1171,5,1,5,0,feca,VEN,08,San Carlos,190.78.1.233,,,0,,0.8,300
45158996,1207,5,0,5,0,feca,VEN,13,Barquisimeto,186.91.100.109,,,0,,1.0,300
45159151,1317,15,0,7,0,feca,VEN,21,Trujillo,186.95.164.31,,,0,,1.0,300
45159257,6A358C77771EFBEC09E38BFE45BE9CBD,10,0,6,0,neodev,VEN,25,Caracas,186.167.244.195,,,0,,1.0,300
45159304,1425,10,0,6,1,feca,VEN,13,Barquisimeto,186.91.180.10,,,0,,1.0,300
45159356,1452,5,0,5,0,feca,EGY,11,Cairo,41.237.11.122,,,0,,1.0,300
45159447,1497,5,0,5,0,feca,VEN,25,Caracas,186.167.245.107,,,0,,1.0,0
45159483,1516,5,1,5,0,feca,VEN,13,Altagracia,190.75.197.12,,,0,,0.8,300
45159609,1583,5,0,5,0,feca,VEN,13,Altagracia,186.91.233.92,,,0,,1.0,0
45159707,1627,5,0,5,0,feca,VEN,25,Caracas,190.79.94.226,,,0,,1.0,0
45160035,1773,5,0,5,0,feca,SRB,00,Nis,176.67.218.249,,,0,,1.0,0
45160411,1697,5,0,5,0,feca,RUS,56,Orel,91.195.136.99,,,0,,1.0,300
45160416,1932,5,0,5,0,feca,VEN,13,Barquisimeto,186.91.195.218,,,0,,1.0,300
45160797,2115,15,0,7,0,feca,VEN,25,Caracas,186.167.251.227,,,0,,1.0,300
45160814,2116,0,0,0,0,feca,,,,,,,0,,1.0,0
45160864,2140,5,0,5,0,feca,VEN,25,Caracas,186.167.245.26,,,0,,1.0,0
45161174,2305,5,0,5,0,feca,BIH,02,Prijedor,46.239.29.162,,,0,,1.0,0
45161455,2403,0,0,0,0,feca,,,,,,,0,,1.0,0
45161486,14403004,5,0,5,0,clixsense,VEN,04,Barbacoas,190.72.30.243,,,0,,1.0,300
45161623,2497,5,0,5,0,feca,VEN,13,Barquisimeto,186.91.236.62,,,0,,1.0,0
45161682,2516,0,0,0,0,feca,,,,,,,0,,1.0,0
45161822,2580,10,0,6,0,feca,BIH,02,Doboj,31.223.135.174,,,0,,1.0,300
45161881,2614,10,0,6,1,feca,COL,34,Bogota,179.51.101.4,,,0,,1.0,300
45163668,3148,5,4,5,0,feca,PHL,B7,Cebu City,180.190.183.38,,,0,,0.2,300
45165073,3596,5,0,5,0,feca,EGY,11,Cairo,197.58.212.132,,,0,,1.0,0
45165094,3602,5,0,5,0,feca,KAZ,02,Almaty,2.132.1.51,,,0,,1.0,300
45166122,3841,10,0,6,0,feca,SRB,00,Belgrade,109.245.159.250,,,0,,1.0,300
45168769,4393,10,0,6,0,feca,RUS,"","",185.173.92.165,,,0,,1.0,300
45169432,4552,10,1,6,0,feca,IND,28,Kolkata,106.211.153.47,,,0,,0.8333,300
45169433,4556,20,0,8,0,feca,VEN,04,Maracay,190.204.254.57,,,0,,1.0,300
45169471,4570,5,0,5,0,feca,MDA,58,Tiraspol,80.94.248.232,,,0,,1.0,0
45169489,4575,25,0,9,0,feca,EGY,11,Cairo,41.237.17.193,,,0,,1.0,500
45171221,4999,20,0,8,0,feca,VEN,23,Maracaibo,190.124.30.130,,,0,,1.0,300
45171468,5058,0,0,0,0,feca,,,,,,,0,,1.0,0
45171530,5071,5,0,5,0,feca,VEN,21,Trujillo,186.95.188.192,,,0,,1.0,300
45172315,5248,5,1,5,0,feca,VEN,05,Barinas,201.209.98.148,,,0,,0.8,0
45172391,605,0,0,0,0,feca,,,,,,,0,,1.0,0
45172688,5360,20,0,8,0,feca,VEN,25,Caracas,190.38.28.28,,,0,,1.0,300
45172772,5392,20,0,8,0,feca,RUS,63,Togliatti,109.226.75.0,,,0,,1.0,300
45173110,834,0,0,0,0,feca,,,,,,,0,,1.0,0
45173177,5500,5,0,5,0,feca,COL,26,Bucaramanga,179.13.182.6,,,0,,1.0,300
45173522,5604,10,0,6,0,feca,VEN,25,Caracas,201.209.224.79,,,0,,1.0,300
45173737,5700,10,0,6,0,feca,BIH,01,Sarajevo,77.77.216.145,,,0,,1.0,300
45173767,5714,5,0,5,0,feca,EGY,11,Cairo,156.217.148.10,,,0,,1.0,0
45173930,5798,5,0,5,0,feca,MDA,60,Balti,109.185.185.184,,,0,,1.0,300
45174218,1409,5,0,5,0,feca,VEN,07,Altamira,186.14.130.20,,,0,,1.0,300
45174782,6028,5,0,5,0,feca,VEN,21,Trujillo,186.91.217.197,,,0,,1.0,300
45177484,6636,5,0,5,0,feca,EGY,11,Cairo,197.40.85.190,,,0,,1.0,300
45177602,6672,10,0,6,0,feca,VEN,13,Barquisimeto,186.95.168.34,,,0,,1.0,300
45177978,6831,5,0,5,0,feca,VEN,13,Barquisimeto,190.200.132.174,,,0,,1.0,300
45178751,7200,15,0,7,0,feca,BIH,"","",45.14.38.23,,,0,,1.0,300
45179026,7312,15,0,7,0,feca,VEN,25,Caracas,186.167.243.52,,,0,,1.0,300
45179185,2707,5,1,5,0,feca,VEN,18,Guanare,186.93.155.190,,,0,,0.8,0
45180281,7957,5,0,5,0,feca,VEN,04,Maracay,186.92.77.32,,,0,,1.0,300
45180379,7818,5,0,5,0,feca,VEN,25,Caracas,186.90.232.211,,,0,,1.0,0
45180756,8234,20,0,8,0,feca,VEN,25,Caracas,186.89.190.179,,,0,,1.0,300
45181447,8576,10,0,6,0,feca,VEN,04,Villa De Cura,190.198.28.156,,,0,,1.0,300
45181582,8618,10,1,6,0,feca,VEN,19,Altagracia,186.89.193.42,,,0,,0.8333,300
45181737,8684,5,0,5,0,feca,COL,34,Bogota,181.57.249.178,,,0,,1.0,0
45181911,8664,5,0,5,0,feca,VEN,04,Turmero,186.92.83.13,,,0,,1.0,300
45182051,8779,45,0,13,0,feca,COL,26,Bucaramanga,200.116.210.84,,,0,,1.0,540
45182297,8852,5,3,5,0,feca,BIH,02,Prijedor,46.239.29.162,,,0,,0.4,0
45183620,9193,5,4,5,0,feca,VEN,05,Barinas,190.73.59.216,,,0,,0.2,300
45183918,9278,20,0,8,0,feca,VEN,05,Barinas,190.73.59.216,,,0,,1.0,400
45183928,9285,0,0,0,0,feca,,,,,,,0,,1.0,0
45183943,9312,10,0,6,0,feca,VEN,18,Araure,186.91.176.74,,,0,,1.0,600
45184098,9335,20,0,8,0,feca,VEN,25,Caracas,190.79.106.43,,,0,,1.0,300
45184161,9359,10,1,6,0,feca,VEN,07,Valencia,186.89.115.228,,,0,,0.8333,300
45184167,9479,0,0,0,0,feca,,,,,,,0,,1.0,0
45184176,9487,5,0,5,0,feca,VEN,25,Caracas,201.211.174.145,,,0,,1.0,300
45184219,9525,5,0,5,0,feca,IND,37,Raipur,47.247.8.74,,,0,,1.0,0
45184232,9394,10,0,6,0,feca,VEN,15,El Limón,190.39.153.8,,,0,,1.0,300
45184311,9428,5,0,5,0,feca,RUS,65,Samara,188.162.192.73,,,0,,1.0,0
45184408,9614,15,0,7,0,feca,BIH,01,Olovo,31.176.181.238,,,0,,1.0,300
45184645,9756,20,0,8,0,feca,VEN,26,La Guaira,190.75.40.12,,,0,,1.0,300
45184705,9793,0,0,0,0,feca,,,,,,,0,,1.0,0
45185347,9998,5,0,5,0,feca,VEN,05,Barinas,190.79.156.217,,,0,,1.0,300
45185406,10171,15,0,7,0,feca,MEX,20,Oaxaca,189.215.55.27,,,0,,1.0,300
45185732,10356,5,0,5,0,feca,VEN,05,Barinas,190.207.251.103,,,0,,1.0,300
45186482,10671,15,1,7,0,feca,VEN,04,Cagua,190.78.165.55,,,0,,0.8571,300
45186958,10752,0,0,0,0,feca,,,,,,,0,,1.0,0
45186993,10709,5,2,5,0,feca,VEN,25,Caracas,190.72.188.224,,,0,,0.6,300
45187058,10944,5,1,5,0,feca,VEN,05,Barinas,201.209.98.148,,,0,,0.8,300
45187332,11069,5,0,5,0,feca,VEN,02,Bergantín,190.75.11.105,,,0,,1.0,300
45188038,11369,5,0,5,0,feca,COL,34,Bogota,186.1.141.129,,,0,,1.0,0
45188567,11634,5,0,5,0,feca,KAZ,02,Almaty,2.132.1.51,,,0,,1.0,0
45188853,11776,0,0,0,0,feca,,,,,,,0,,1.0,0
45188856,8931,5,0,5,0,feca,VEN,04,La Victoria,190.201.51.67,,,0,,1.0,300
45188997,11857,0,0,0,0,feca,,,,,,,0,,1.0,0
45189038,11706,5,1,5,0,feca,VEN,03,Arichuna,186.95.94.198,,,0,,0.8,0
45189058,11922,5,0,5,0,feca,VEN,15,Agua Caliente,190.206.203.134,,,0,,1.0,300
45189922,9875,5,0,5,0,feca,VEN,25,Caracas,201.211.40.84,,,0,,1.0,300
45190890,9AD6A766341F010D6E334AF42C1D2A3F,15,0,7,0,neodev,VEN,05,Barinas,190.79.142.112,,,0,,1.0,300
45191007,14481639,5,0,5,0,clixsense,VEN,07,Valencia,190.203.38.19,,,0,,1.0,300
45191455,CDAFD47BA37FDCE2228BDA32B94EEF9C,0,0,0,0,neodev,,,,,,,0,,1.0,0
45191524,14503349,5,0,5,0,clixsense,USA,GA,Atlanta,104.129.18.231,,,0,,1.0,300
45191735,13406,15,0,7,0,feca,KAZ,02,Almaty,2.132.1.51,,,0,,1.0,450
45191750,14503986,0,0,0,0,clixsense,,,,,,,0,,1.0,0
45196656,14668,5,0,5,0,feca,VEN,07,Altamira,190.203.47.33,,,0,,1.0,300
45196717,14671,5,0,5,0,feca,VEN,19,Altagracia,190.75.31.6,,,0,,1.0,0
45197294,9555,5,0,5,0,feca,VEN,07,Valencia,190.142.250.246,,,0,,1.0,300
45197457,14887,5,0,5,1,feca,VEN,23,Maracaibo,186.88.212.212,,,0,,1.0,300
45197900,10185,20,0,8,0,feca,VEN,25,Caracas,190.38.95.104,,,0,,1.0,300
45198060,15006,5,1,5,0,feca,VEN,11,Blanquillo,190.206.116.0,,,0,,0.8,300
45198982,15310,19,0,8,0,feca,VEN,13,Barquisimeto,200.84.21.90,,,0,,1.0,285
45200924,15409,0,0,0,0,feca,,,,,,,0,,1.0,0
45202479,16082,5,4,5,0,feca,VEN,25,Caracas,186.167.251.238,,,0,,0.2,300
45206998,17067,5,0,5,0,feca,VEN,25,Caracas,201.243.248.115,,,0,,1.0,300
45208148,17311,5,0,5,0,feca,VEN,13,Barquisimeto,186.188.104.89,,,0,,1.0,0
45208856,17487,5,0,5,0,feca,VEN,25,Caracas,190.77.157.210,,,0,,1.0,300
45211667,18324,20,0,8,0,feca,VEN,25,Caracas,186.167.243.147,,,0,,1.0,400
45212396,18529,0,0,0,0,feca,,,,,,,0,,1.0,0
45214625,B37DFDE92679AD803EE02C28A6EE4B57,5,0,5,0,neodev,VEN,26,Maiquetía,190.206.212.115,,,0,,1.0,300
45214902,19247,5,0,5,0,feca,VEN,03,Arichuna,186.95.94.198,,,0,,1.0,300
45215691,9890350E3480B0E06B390050D52FDAD3,20,0,8,0,neodev,VEN,13,Barquisimeto,186.92.9.124,,,0,,1.0,450
45216368,14577628,5,0,5,0,clixsense,UKR,26,Zaporozhye,146.158.58.191,,,0,,1.0,0
45216440,19662,15,1,7,0,feca,VEN,04,Maracay,190.37.75.153,,,0,,0.8571,300
45216747,19612,5,0,5,0,feca,VEN,13,Barquisimeto,201.248.142.49,,,0,,1.0,300
45217833,17841,0,0,0,0,feca,,,,,,,0,,1.0,0
45218050,20115,0,0,0,0,feca,,,,,,,0,,1.0,0
45218304,14583671,10,0,6,0,clixsense,UKR,26,Zaporozhye,146.158.58.191,,,0,,1.0,300
45219448,20453,5,0,5,1,feca,VEN,02,Bergantín,190.75.6.220,,,0,,1.0,0
45220302,20719,20,0,8,0,feca,VEN,07,Valencia,190.199.216.109,,,0,,1.0,300
45221754,14594698,10,0,6,0,clixsense,UKR,"","",37.73.30.150,,,0,,1.0,300
45221796,21017,15,0,7,0,feca,VEN,13,Barquisimeto,200.84.21.90,,,0,,1.0,300
45223436,21371,5,0,5,0,feca,USA,NY,New York,107.170.145.187,,,0,,1.0,300
45223964,8D7FDA603F96D783D484BCC6EFBF03F5,25,0,9,1,neodev,VEN,04,Villa De Cura,186.95.11.56,,,0,,1.0,375
45225353,14606187,5,3,5,0,clixsense,VEN,14,Mérida,201.208.60.249,,,0,,0.4,0
45226570,22298,5,0,5,0,feca,VEN,13,Agua Viva,186.188.101.143,,,0,,1.0,300
45227659,22590,25,0,9,0,feca,COL,34,Bogota,181.61.161.41,,,0,,1.0,300
45229887,873B8F11B19C4868498878444F81137D,0,0,0,0,neodev,,,,,,,0,,1.0,0
45229998,23215,0,0,0,0,feca,,,,,,,0,,1.0,0
45231327,23644,5,0,5,0,feca,VEN,07,Valencia,201.249.25.176,,,0,,1.0,300
45232036,23903,15,0,7,0,feca,USA,NJ,Secaucus,162.222.195.107,,,0,,1.0,300
45233383,24247,25,0,9,0,feca,VEN,25,Caracas,186.167.243.65,,,0,,1.0,300
45235886,21357,10,0,6,0,feca,VEN,25,Caracas,190.38.95.104,,,0,,1.0,300
45236507,25108,20,0,8,0,feca,COL,02,Medellin,190.28.72.183,,,0,,1.0,300
45236694,25171,5,4,5,0,feca,VEN,07,Antonio Jose De Sucre,186.93.24.139,,,0,,0.2,0
45236989,25246,5,1,5,0,feca,VEN,18,Córdoba,190.75.215.213,,,0,,0.8,0
45238807,14632048,0,0,0,0,clixsense,,,,,,,0,,1.0,0
45239387,25832,15,0,7,0,feca,VNM,74,Bac Ninh,116.111.79.94,,,0,,1.0,450
45241408,2942EB15B593F679514FB4CA2928E334,15,0,7,0,neodev,VEN,16,Alto De Los Godos,186.185.78.191,,,0,,1.0,300
45246629,27605,0,0,0,0,feca,,,,,,,0,,1.0,0
45248375,28036,5,0,5,1,feca,VEN,04,Maracay,190.204.254.57,,,0,,1.0,300
45248565,28103,5,0,5,0,feca,VEN,25,Caracas,186.167.243.104,,,0,,1.0,300
45249642,28349,5,0,5,0,feca,VEN,25,Caracas,201.210.54.22,,,0,,1.0,300
45254353,29572,0,0,0,0,feca,,,,,,,0,,1.0,0
45255400,29834,10,0,6,0,feca,VEN,07,Valencia,190.205.218.120,,,0,,1.0,300
45256559,30194,5,0,5,0,feca,VEN,02,Bergantín,186.89.200.33,,,0,,1.0,300
45256642,30237,5,0,5,0,feca,RUS,53,Novosibirsk,109.237.111.204,,,0,,1.0,300
45256649,30243,5,0,5,0,feca,RUS,53,Novosibirsk,109.237.111.204,,,0,,1.0,300
45256655,30240,0,0,0,0,feca,,,,,,,0,,1.0,0
45259685,31008,0,0,0,0,feca,,,,,,,0,,1.0,0
45259850,31069,0,0,0,0,feca,,,,,,,0,,1.0,0
45261201,31382,5,4,5,0,feca,VEN,07,Valencia,186.95.198.51,,,0,,0.2,300
45261892,11026,5,0,5,0,feca,BIH,01,Tuzla,109.175.104.88,,,0,,1.0,300
45264137,32092,25,1,9,0,feca,VEN,19,Altagracia,201.242.124.222,,,0,,0.8889,375
45264764,32278,5,0,5,0,feca,VEN,13,Barquisimeto,190.207.206.8,,,0,,1.0,0
45265710,32449,0,0,0,0,feca,,,,,,,0,,1.0,0
45265955,14727538,5,0,5,0,clixsense,PER,15,Lima,181.64.99.106,,,0,,1.0,300
45270388,33686,5,0,5,1,feca,VEN,13,Barquisimeto,190.200.132.174,,,0,,1.0,300
45270648,33710,5,0,5,0,feca,VEN,13,Barquisimeto,186.91.243.198,,,0,,1.0,0
45270890,33795,5,0,5,0,feca,VEN,13,Barquisimeto,201.249.96.84,,,0,,1.0,0
45273351,34370,10,0,6,0,feca,ARG,08,Parana,152.169.144.215,,,0,,1.0,300
45275078,34736,5,2,5,0,feca,VEN,"","",190.76.127.74,,,0,,0.6,300
45275688,B2E814227CD5A86073E05796892CA53D,10,0,6,0,neodev,VEN,04,Maracay,186.95.25.44,,,0,,1.0,300
45275752,34903,5,0,5,0,feca,COL,19,Villavicencio,181.51.34.81,,,0,,1.0,300
45275822,34924,5,0,5,0,feca,VEN,07,Puerto Cabello,190.202.161.249,,,0,,1.0,0
45275931,34975,5,0,5,0,feca,USA,AZ,Phoenix,104.251.84.5,,,0,,1.0,0
45275966,34985,5,1,5,0,feca,VEN,25,Caracas,190.39.159.215,,,0,,0.8,300
45276284,35055,5,0,5,0,feca,VEN,13,Barquisimeto,190.200.162.249,,,0,,1.0,0
45285810,37582,5,0,5,0,feca,VEN,13,Barquisimeto,190.200.162.249,,,0,,1.0,300
45286156,CF009537A099D1ACF063FCF4079B2070,5,0,5,0,neodev,VEN,25,Caracas,201.209.238.92,,,0,,1.0,0
45286561,37822,5,0,5,0,feca,VEN,04,Barrio Campo Alegre,201.209.185.16,,,0,,1.0,0
45287386,38056,0,0,0,0,feca,,,,,,,0,,1.0,0
45288279,38273,15,1,7,0,feca,USA,GA,Atlanta,161.129.70.254,,,0,,0.8571,300
45290972,28734,5,3,5,0,feca,VEN,19,Agua Fría,190.77.255.79,,,0,,0.4,0
45297045,40295,0,0,0,0,feca,,,,,,,0,,1.0,0
45298848,40746,15,0,7,0,feca,VEN,25,Caracas,186.93.72.219,,,0,,1.0,300
45298923,14826661,0,0,0,0,clixsense,,,,,,,0,,1.0,0
45300053,40981,5,0,5,0,feca,VEN,07,Valencia,190.206.4.239,,,0,,1.0,300
45302090,41555,5,1,5,0,feca,VEN,13,Barquisimeto,200.8.125.41,,,0,,0.8,300
45303147,41815,5,0,5,0,feca,COL,21,Cucuta,181.132.11.162,,,0,,1.0,300
45303673,41978,20,0,8,0,feca,VEN,13,Agua Viva,190.200.137.188,,,0,,1.0,300
45305916,40678,5,0,5,0,feca,VEN,17,Altagracia,201.210.147.239,,,0,,1.0,300
45305979,14847985,5,0,5,0,clixsense,VEN,07,Valencia,190.205.202.72,,,0,,1.0,0
45306557,42815,5,0,5,1,feca,IND,10,Palwal,103.219.142.4,,,0,,1.0,0
45311208,44318,5,0,5,0,feca,VEN,07,Valencia,201.210.80.104,,,0,,1.0,0
45315569,F92ADC017262949E4B7AEA85440565A3,5,0,5,0,neodev,VEN,04,Villa De Cura,190.78.183.131,,,0,,1.0,300
45315862,69C9507111685A85BD4231B0CD821AB6,5,0,5,0,neodev,VEN,02,Bergantín,181.208.64.243,,,0,,1.0,300
45317716,171A096A8F11B8F12C49F30A9F655560,5,0,5,0,neodev,VEN,13,Barquisimeto,186.91.180.40,,,0,,1.0,0
45317967,46357,5,0,5,0,feca,VEN,25,Caracas,186.167.244.200,,,0,,1.0,0
45321012,47147,5,3,5,0,feca,COL,19,Villavicencio,181.51.34.27,,,0,,0.4,0
45321335,47242,10,0,6,0,feca,VEN,20,San Cristóbal,200.84.217.170,,,0,,1.0,300
45322238,47460,5,0,5,0,feca,VEN,18,Córdoba,186.91.104.238,,,0,,1.0,0
45326366,48245,10,0,6,0,feca,VEN,13,Barquisimeto,190.200.156.31,,,0,,1.0,300
45330007,14922483,0,0,0,0,clixsense,,,,,,,0,,1.0,0
45331838,FB1B541A7EF8FE605A177E0B4883CD7E,5,0,5,0,neodev,VEN,02,Bergantín,201.242.99.157,,,0,,1.0,0
45332071,49469,5,0,5,0,feca,VEN,17,Porlamar,190.77.225.200,,,0,,1.0,0
45333936,14937814,5,0,5,0,clixsense,ECU,10,Guayaquil,191.99.42.110,,,0,,1.0,300
45336356,50560,20,1,8,0,feca,VEN,15,Agua Caliente,190.206.227.55,,,0,,0.875,450
45336452,50478,5,0,5,0,feca,USA,NJ,Clifton,104.236.195.147,,,0,,1.0,0
45341519,51760,5,0,5,0,feca,VEN,04,Maracay,190.72.20.209,,,0,,1.0,300
45342796,51979,10,0,6,0,feca,USA,NJ,Clifton,45.55.213.26,,,0,,1.0,300
45343524,52169,5,0,5,0,feca,VEN,03,Arichuna,186.95.9.218,,,0,,1.0,300
45347700,53117,5,0,5,0,feca,USA,NJ,Clifton,104.236.70.228,,,0,,1.0,300
45348945,49087,10,0,6,0,feca,VEN,25,Caracas,190.72.106.230,,,0,,1.0,300
45348947,49079,5,0,5,0,feca,VEN,25,Caracas,190.72.106.230,,,0,,1.0,300
45349007,53389,5,0,5,0,feca,VEN,04,Maracay,190.77.104.48,,,0,,1.0,300
45349172,53438,25,1,9,0,feca,USA,NY,New York,107.170.145.187,,,0,,0.8889,375
45352650,E155C7E640983472CE3844F281772807,5,0,5,0,neodev,VEN,04,Maracay,200.229.154.217,,,0,,1.0,0
45353389,54472,5,0,5,0,feca,VEN,15,Agua Fria,190.202.252.160,,,0,,1.0,0
45353963,54610,5,0,5,0,feca,VEN,19,Altagracia,190.203.234.241,,,0,,1.0,0
45354416,54694,5,3,5,0,feca,COL,19,Villavicencio,181.51.34.27,,,0,,0.4,0
45356557,55293,0,0,0,0,feca,,,,,,,0,,1.0,0
45356720,55045,15,0,7,0,feca,RUS,48,Moscow,79.165.65.86,,,0,,1.0,300
45358665,55875,0,0,0,0,feca,,,,,,,0,,1.0,0
45358800,55926,5,0,5,0,feca,USA,NJ,Clifton,104.131.19.173,,,0,,1.0,300
45360907,BD57DEF967E1ECD68FB2D67A827566BC,0,0,0,0,neodev,,,,,,,0,,1.0,0
45361043,56520,5,0,5,0,feca,VEN,23,Barrio La Vega,190.207.31.225,,,0,,1.0,0
45361408,56632,5,0,5,0,feca,IND,07,New Delhi,139.167.38.236,,,0,,1.0,300
45361462,56653,5,0,5,0,feca,EGY,05,Tanta,156.217.105.255,,,0,,1.0,300
45362222,56895,15,0,7,0,feca,VEN,23,Maracaibo,186.94.27.185,,,0,,1.0,300
45364170,57493,25,0,9,0,feca,VEN,25,Caracas,186.167.248.72,,,0,,1.0,500
45364190,57498,5,0,5,0,feca,VEN,25,Caracas,186.90.30.170,,,0,,1.0,0
45366841,58358,5,0,5,0,feca,USA,NJ,Clifton,104.131.66.8,,,0,,1.0,300
45367490,58591,35,0,11,0,feca,VEN,25,Caracas,186.167.251.2,,,0,,1.0,500
45369365,55843,20,0,8,0,feca,USA,NJ,Clifton,104.236.213.230,,,0,,1.0,600
45370030,59254,35,0,11,0,feca,VEN,25,Caracas,186.167.245.10,,,0,,1.0,375
45372514,58374,5,0,5,0,feca,VEN,04,Barrio Campo Alegre,186.89.195.84,,,0,,1.0,300
45372545,59942,5,0,5,0,feca,VEN,13,Barquisimeto,201.249.110.13,,,0,,1.0,0
45372577,59930,5,0,5,0,feca,USA,NJ,Clifton,104.131.19.173,,,0,,1.0,0
45372602,59955,30,0,10,0,feca,USA,TX,Dallas,198.96.95.166,,,0,,1.0,360
45377341,F306A65897EE9F3B0190D045FA0FE982,5,0,5,0,neodev,VEN,23,Maracaibo,186.88.194.170,,,0,,1.0,300
45377449,61152,5,1,5,0,feca,VEN,07,Altamira,186.14.130.102,,,0,,0.8,0
45379964,61928,0,0,0,0,feca,,,,,,,0,,1.0,0
45380892,15103460,15,0,7,0,clixsense,PER,15,Lima,179.6.195.192,,,0,,1.0,300
45380995,62179,5,0,5,0,feca,VEN,25,Caracas,201.210.37.189,,,0,,1.0,0
45381261,62190,5,0,5,0,feca,VEN,25,Caracas,186.93.93.253,,,0,,1.0,0
45382476,62545,5,0,5,0,feca,VEN,25,Caracas,186.167.248.118,,,0,,1.0,300
45384252,62965,15,0,7,0,feca,VEN,25,Caracas,186.167.242.39,,,0,,1.0,300
45389338,64350,10,0,6,0,feca,VEN,06,Puerto Ordaz,190.198.132.205,,,0,,1.0,300
45390539,419B5A68075A786BCE3844F281772807,5,0,5,0,neodev,VEN,23,Bachaquero,186.93.250.130,,,0,,1.0,0
45391062,64772,30,0,10,0,feca,VEN,25,Caracas,186.88.6.150,,,0,,1.0,360
45391493,64919,5,0,5,0,feca,VEN,25,Caracas,186.167.250.100,,,0,,1.0,0
45395923,65998,0,0,0,0,feca,,,,,,,0,,1.0,0
45397175,A10FD194352FA78A2C49F30A9F655560,0,0,0,0,neodev,,,,,,,0,,1.0,0
45399592,60501310,5,0,5,0,clixsense,MAR,50,Berrechid,41.251.223.211,,,0,,1.0,300
45400399,66950,10,0,6,0,feca,USA,FL,Miami,173.44.48.28,,,0,,1.0,600
45400684,67017,10,0,6,0,feca,VEN,04,Villa De Cura,201.208.121.220,,,0,,1.0,300
45400803,16087BFE36DB6C0FDEF77F94FE295A6E,5,0,5,0,neodev,VEN,02,Bergantín,190.207.83.90,,,0,,1.0,0
45402344,59784711,20,0,8,0,clixsense,VEN,25,Caracas,181.225.57.1,,,0,,1.0,300
45403966,67853,5,0,5,0,feca,USA,IL,Chicago,192.80.185.19,,,0,,1.0,0
45404134,67938,5,0,5,0,feca,VEN,25,Caracas,186.167.242.62,,,0,,1.0,300
45404267,68050,0,0,0,0,feca,,,,,,,0,,1.0,0
45404970,68475,15,0,7,0,feca,VEN,25,Caracas,186.167.244.86,,,0,,1.0,300
45405012,68474,5,0,5,0,feca,VEN,13,Barquisimeto,186.95.181.96,,,0,,1.0,300
45405527,68809,15,0,7,0,feca,VEN,16,Alto De Los Godos,190.200.15.215,,,0,,1.0,300
45405791,69028,25,1,9,0,feca,VEN,15,Guarenas,190.198.213.119,,,0,,0.8889,400
45407472,69999,5,0,5,0,feca,VEN,25,Caracas,186.167.242.80,,,0,,1.0,0
45408234,68149,5,0,5,0,feca,VEN,02,Bergantín,186.89.212.85,,,0,,1.0,0
45408376,4E0BBE96214E8BE9918922EDCDEE9BBA,5,0,5,0,neodev,VEN,06,Puerto Ordaz,186.90.95.121,,,0,,1.0,0
45408569,C90DC23FE1C8178F8FB2D67A827566BC,20,0,8,0,neodev,VEN,13,Barquisimeto,200.75.106.176,,,0,,1.0,300
45408870,70564,5,0,5,0,feca,USA,WA,Seattle,207.188.178.87,,,0,,1.0,300
45408875,70573,5,0,5,0,feca,VEN,06,Puerto Ordaz,190.198.132.205,,,0,,1.0,0
45409486,4141979CC4BD1B131C4225EF31E8C1E3,20,0,8,0,neodev,VEN,04,Maracay,190.77.101.90,,,0,,1.0,300
45409889,02C195765E3F3D90D73D67AA042E19A6,23,0,9,0,neodev,VEN,04,Maracay,200.93.66.104,,,0,,1.0,400
45411312,6C1BB3E191C46E26EEFE8AB986B65DBB,40,0,12,0,neodev,VEN,04,Maracay,190.77.101.90,,,0,,1.0,480
45411522,71357,5,0,5,0,feca,VEN,13,Barquisimeto,190.142.99.194,,,0,,1.0,0
45413338,71985,5,0,5,0,feca,USA,NJ,Clifton,104.236.74.212,,,0,,1.0,300
45413547,64596768,15,1,7,0,clixsense,USA,NJ,Clifton,104.236.55.136,,,0,,0.8571,300
45416884,73261,5,0,5,0,feca,VEN,25,Caracas,186.167.245.119,,,0,,1.0,0
45418717,73737,5,0,5,0,feca,VEN,08,San Carlos,186.95.63.175,,,0,,1.0,300
45418772,73807,35,1,11,0,feca,VEN,25,Caracas,186.167.244.103,,,0,,0.9091,525
45418825,73840,5,0,5,0,feca,VEN,13,Barquisimeto,200.84.24.52,,,0,,1.0,300
45419795,50DCED134548C1A330A97108728B0765,5,0,5,0,neodev,VEN,25,Caracas,186.167.248.80,,,0,,1.0,0
45419838,74080,5,0,5,0,feca,VEN,25,Caracas,190.74.202.215,,,0,,1.0,0
45419876,74102,15,0,7,0,feca,VEN,25,Caracas,200.84.33.253,,,0,,1.0,300
45420603,74317,5,0,5,0,feca,VEN,25,Caracas,200.93.6.171,,,0,,1.0,300
45421536,73948,45,0,13,0,feca,VEN,15,Agua Fria,200.84.43.169,,,0,,1.0,480
45422525,74690,5,0,5,0,feca,VEN,25,Caracas,190.74.202.215,,,0,,1.0,0
45422805,74746,20,0,8,0,feca,VEN,20,San Cristóbal,190.36.185.174,,,0,,1.0,300
45423181,74786,5,0,5,0,feca,IND,10,Rohtak,157.36.250.6,,,0,,1.0,0
45423187,74852,10,0,6,0,feca,USA,FL,Miami,173.44.48.10,,,0,,1.0,300
45427132,75658,5,0,5,0,feca,VEN,04,Maracay,186.92.116.246,,,0,,1.0,300
45428102,3459AD57259EF7AA3BE56A74FD3D6324,5,5,5,0,neodev,VEN,16,Alto De Los Godos,201.242.240.52,,,0,,0.0,0
45429067,7B0A919CC734A6591469C240903A77DC,0,0,0,0,neodev,,,,,,,0,,1.0,0
45429165,76324,5,0,5,0,feca,PER,15,Lima,190.239.101.195,,,0,,1.0,0
45429356,76387,20,0,8,0,feca,USA,NY,New York,162.243.127.7,,,0,,1.0,300
45429492,76415,5,0,5,0,feca,USA,NJ,Clifton,104.131.176.234,,,0,,1.0,300
45431751,25B8B6F2BCE971E5274850ECB9537659,5,0,5,0,neodev,VEN,13,Barquisimeto,201.249.104.137,,,0,,1.0,300
45435813,78753,5,0,5,0,feca,VEN,25,Caracas,186.90.150.17,,,0,,1.0,300
45436700,78936,5,1,5,0,feca,VEN,04,Maracay,201.208.12.186,,,0,,0.8,0
45437943,79273,0,0,0,0,feca,,,,,,,0,,1.0,0
45437959,79286,5,0,5,0,feca,VEN,04,Maracay,190.77.104.48,,,0,,1.0,300
45438257,79417,5,0,5,0,feca,VEN,19,Altagracia,190.203.234.241,,,0,,1.0,300
45438289,79414,15,0,7,0,feca,VEN,25,Caracas,186.167.245.119,,,0,,1.0,300
45438352,79423,5,0,5,0,feca,VEN,25,Caracas,190.72.123.23,,,0,,1.0,300
45438499,79513,5,0,5,0,feca,VEN,19,Altagracia,190.75.9.135,,,0,,1.0,0
45438531,79536,5,0,5,0,feca,USA,MD,Silver Spring,65.249.163.154,,,0,,1.0,0
45438638,79586,0,0,0,0,feca,,,,,,,0,,1.0,0
45438807,79656,35,0,11,0,feca,USA,TX,Dallas,198.96.95.159,,,0,,1.0,450
45439116,79816,5,0,5,0,feca,USA,TX,Dallas,198.96.95.141,,,0,,1.0,300
45439147,79671,0,0,0,0,feca,,,,,,,0,,1.0,0
45439990,80142,5,0,5,0,feca,VEN,13,Barquisimeto,186.91.236.62,,,0,,1.0,0
45440043,80110,20,0,8,0,feca,USA,NJ,Clifton,104.236.53.155,,,0,,1.0,300
45440091,80172,5,0,5,0,feca,VEN,25,Caracas,186.167.243.147,,,0,,1.0,0
45440286,D78A7297B5DFD6C287D9602DE7E4D81B,5,0,5,0,neodev,VEN,25,Caracas,186.167.250.98,,,0,,1.0,0
45440943,79949,5,0,5,0,feca,USA,NJ,Clifton,104.236.74.212,,,0,,1.0,300
45441492,80630,25,0,9,0,feca,COL,34,Bogota,167.0.159.169,,,0,,1.0,375
45443051,81361,5,1,5,0,feca,USA,NJ,Clifton,104.236.195.72,,,0,,0.8,0
45443055,81161,5,0,5,0,feca,USA,NJ,Clifton,104.236.55.136,,,0,,1.0,300
45443787,81577,5,0,5,0,feca,VEN,25,Caracas,138.122.4.61,,,0,,1.0,300
45444828,81920,5,3,5,0,feca,VEN,07,Valencia,201.210.71.223,,,0,,0.4,300
45447221,65498453,25,0,9,0,clixsense,USA,VA,Reston,162.210.192.157,,,0,,1.0,300
45448557,83261,5,0,5,0,feca,VEN,04,Maracay,186.92.116.246,,,0,,1.0,0
45448676,83380,5,0,5,0,feca,VEN,25,Caracas,186.167.251.238,,,0,,1.0,0
45448722,83374,5,1,5,0,feca,VEN,13,Barquisimeto,190.142.99.194,,,0,,0.8,300
45449683,83740,5,0,5,0,feca,VEN,07,Valencia,200.84.132.212,,,0,,1.0,300
45449826,83792,0,0,0,0,feca,,,,,,,0,,1.0,0
45449830,83793,5,0,5,0,feca,VEN,04,Cagua,190.72.2.163,,,0,,1.0,0
45450049,83916,5,0,5,0,feca,IND,10,Sonipat,157.36.166.155,,,0,,1.0,0
45450615,84041,5,0,5,0,feca,EGY,11,Cairo,41.36.180.249,,,0,,1.0,300
45450656,84031,10,0,6,0,feca,USA,IL,Chicago,23.81.152.101,,,0,,1.0,300
45450976,84254,5,0,5,0,feca,USA,AZ,Chandler,23.81.95.137,,,0,,1.0,0
45451579,84566,0,0,0,0,feca,,,,,,,0,,1.0,0
45453931,65600530,15,0,7,0,clixsense,USA,DE,"",108.59.0.37,,,0,,1.0,300
45453988,85407,5,1,5,0,feca,USA,WA,Kent,173.205.92.77,,,0,,0.8,300
45455492,85819,5,1,5,0,feca,VEN,18,Acarigua,190.207.241.59,,,0,,0.8,300
45455702,86061,10,0,6,0,feca,VEN,04,Cagua,186.92.88.215,,,0,,1.0,300
45455719,86064,10,0,6,0,feca,VEN,06,Puerto Ordaz,190.198.132.205,,,0,,1.0,300
45459209,86875,10,0,6,0,feca,USA,GA,Atlanta,107.150.30.114,,,0,,1.0,300
45459687,86616,20,0,8,0,feca,ARG,07,Buenos Aires,201.255.7.29,,,0,,1.0,300
45461484,87636,10,0,6,0,feca,USA,NJ,Clifton,104.131.75.86,,,0,,1.0,300
45462104,87805,5,0,5,0,feca,VEN,18,Araure,200.109.199.70,,,0,,1.0,0
45462368,43BDA9898AFCF1ECBE5B53C0735AAA92,35,0,11,0,neodev,VEN,02,Bergantín,186.89.212.125,,,0,,1.0,360
45465670,88719,25,0,9,0,feca,VEN,06,Puerto Ordaz,190.200.105.156,,,0,,1.0,600
45466400,88932,5,0,5,0,feca,ARG,07,Buenos Aires,181.44.60.117,,,0,,1.0,300
45467321,89179,5,0,5,0,feca,VEN,19,Altagracia,190.203.234.241,,,0,,1.0,0
45469267,81211,35,0,11,0,feca,VEN,07,Puerto Cabello,190.202.173.61,,,0,,1.0,360
45469925,89959,5,0,5,0,feca,IND,10,Rohtak,157.36.86.250,,,0,,1.0,0
45470215,90021,25,0,9,0,feca,USA,NJ,Clifton,104.131.66.8,,,0,,1.0,300
45472273,2FC8AB8007CFDB96918922EDCDEE9BBA,10,0,6,0,neodev,VEN,07,Valencia,190.206.110.125,,,0,,1.0,300
45478569,93448,20,0,8,0,feca,USA,NJ,Clifton,104.131.188.187,,,0,,1.0,300
45479427,66092997,0,0,0,0,clixsense,,,,,,,0,,1.0,0
45479900,93964,5,0,5,1,feca,VEN,25,Caracas,186.167.242.1,,,0,,1.0,300
45482510,66153043,5,0,5,0,clixsense,VEN,15,Aragüita,190.198.208.155,,,0,,1.0,0
45485633,95562,5,0,5,0,feca,VEN,04,Barrio Campo Alegre,186.89.195.84,,,0,,1.0,0
45485887,66196757,5,0,5,0,clixsense,VEN,25,Caracas,190.73.12.45,,,0,,1.0,0
45486112,66207155,5,2,5,0,clixsense,VEN,18,Araure,200.109.199.70,,,0,,0.6,0
45486246,95961,5,0,5,0,feca,VEN,13,Barquisimeto,190.142.181.24,,,0,,1.0,300
45486412,65720009,0,0,0,0,clixsense,,,,,,,0,,1.0,0
45486426,95834,20,0,8,0,feca,RUS,38,Krasnodar,213.138.81.225,,,0,,1.0,300
45486522,96133,5,0,5,0,feca,VEN,04,Barrio Campo Alegre,186.89.195.84,,,0,,1.0,300
45487337,D7004E1DD1C283A1B54F3332206396E9,5,1,5,0,neodev,VEN,06,Puerto Ordaz,190.198.94.24,,,0,,0.8,300
45487498,96946,25,1,9,0,feca,VEN,13,Barquisimeto,190.153.126.8,,,0,,0.8889,400
45489128,95661,5,0,5,0,feca,VEN,07,Valencia,190.38.160.108,,,0,,1.0,300
45489600,97157,5,0,5,0,feca,USA,NJ,Clifton,104.236.195.147,,,0,,1.0,300
45489750,97923,5,0,5,0,feca,VEN,21,Chimpire,190.207.128.44,,,0,,1.0,300
45491368,98286,5,0,5,0,feca,VEN,20,San Cristóbal,190.75.132.178,,,0,,1.0,300
45491678,98549,5,0,5,0,feca,USA,NY,New York,107.170.186.79,,,0,,1.0,300
45491807,98588,20,0,8,0,feca,VEN,23,Maracaibo,186.88.206.235,,,0,,1.0,300
45492090,98691,20,0,8,0,feca,VEN,07,Altamira,190.203.47.68,,,0,,1.0,400
45492129,98709,5,0,5,0,feca,VEN,03,Arichuna,190.78.13.35,,,0,,1.0,0
45493754,99123,5,0,5,0,feca,VEN,13,Barquisimeto,190.200.162.249,,,0,,1.0,300
45494091,99198,5,0,5,0,feca,VEN,04,Cagua,190.72.31.14,,,0,,1.0,300
45494139,99205,5,0,5,0,feca,PER,13,Trujillo,179.7.194.69,,,0,,1.0,0
45494674,99413,5,0,5,0,feca,GBR,"","",94.237.53.67,,,0,,1.0,300
45494797,99446,0,0,0,0,feca,,,,,,,0,,1.0,0
45494845,99472,5,0,5,0,feca,VEN,17,Porlamar,190.78.98.18,,,0,,1.0,300
45495040,66407075,10,0,6,0,clixsense,USA,TX,Dallas,209.107.214.176,,,0,,1.0,300
45495678,99746,45,0,13,0,feca,VNM,44,Hanoi,113.189.226.128,,,0,,1.0,480
45495856,99890,15,0,7,0,feca,VEN,16,Alto De Los Godos,190.200.15.215,,,0,,1.0,450
45498138,100580,5,0,5,0,feca,USA,FL,Miami,192.240.98.163,,,0,,1.0,0
45499300,100737,5,0,5,0,feca,VEN,15,Aragüita,190.198.208.155,,,0,,1.0,0
45500898,101260,5,0,5,0,feca,RUS,65,Tolyatti,2.95.179.163,,,0,,1.0,0
45502627,60244131,5,0,5,0,clixsense,VEN,25,Caracas,186.92.186.126,,,0,,1.0,300
45503888,7970CE1E986EDA9BBD4231B0CD821AB6,5,0,5,0,neodev,VEN,26,Maiquetía,201.242.57.244,,,0,,1.0,300
45505497,96420,0,0,0,0,feca,,,,,,,0,,1.0,0
45505934,33036,5,0,5,0,feca,VEN,13,Barquisimeto,200.84.21.90,,,0,,1.0,300
45506112,102435,5,0,5,0,feca,VEN,04,Barrio Campo Alegre,201.209.185.16,,,0,,1.0,300
45506765,102547,10,0,6,0,feca,VEN,06,Puerto Ordaz,190.200.105.156,,,0,,1.0,300
45507644,102768,25,0,9,0,feca,VEN,25,Caracas,186.167.251.64,,,0,,1.0,375
45510830,103433,20,0,8,0,feca,USA,NJ,Clifton,104.236.213.230,,,0,,1.0,300
45511766,103680,25,0,9,0,feca,ARG,05,Cordoba,190.231.45.190,,,0,,1.0,375
45514657,104279,0,0,0,0,feca,,,,,,,0,,1.0,0
45515678,104560,5,0,5,0,feca,USA,NJ,Clifton,104.236.55.136,,,0,,1.0,0
45518486,105291,0,0,0,0,feca,,,,,,,0,,1.0,0
45519692,A18D32FE3B5D2A0999DD719F52F9B821,5,0,5,0,neodev,VEN,14,Mérida,186.93.234.0,,,0,,1.0,300
45527918,107351,5,0,5,0,feca,VEN,26,Maiquetía,201.242.57.244,,,0,,1.0,0
45531463,5A7ADC2A8332AFC0EBC9CC3502AAAE3A,5,0,5,0,neodev,VEN,25,Caracas,186.167.251.235,,,0,,1.0,0
45532009,106781,5,0,5,0,feca,VEN,26,Maiquetía,201.242.57.244,,,0,,1.0,300
45534074,67182618,15,0,7,0,clixsense,VEN,25,Caracas,186.167.243.119,,,0,,1.0,300
45534700,60048963,25,0,9,0,clixsense,USA,TX,Dallas,198.96.95.236,,,0,,1.0,400
45534893,67199081,5,0,5,0,clixsense,UKR,26,Zaporozhye,146.158.58.191,,,0,,1.0,0
45534970,108645,5,0,5,0,feca,VEN,23,Maracaibo,186.185.223.115,,,0,,1.0,300
45534988,108651,20,0,8,0,feca,USA,TX,Dallas,144.202.72.202,,,0,,1.0,450
45535049,108668,5,0,5,0,feca,VEN,15,Agua Fria,190.202.221.223,,,0,,1.0,0
45535393,108790,5,2,5,0,feca,USA,IL,Elk Grove Village,149.28.113.87,,,0,,0.6,0
45535954,108915,15,0,7,0,feca,USA,FL,Saint Petersburg,72.187.235.121,,,0,,1.0,450
45535996,108905,20,0,8,0,feca,USA,VA,Manassas,23.105.0.162,,,0,,1.0,450
45537461,109339,40,0,12,0,feca,USA,AZ,Phoenix,209.50.48.147,,,0,,1.0,480
45540623,109972,10,1,6,0,feca,VEN,25,Caracas,186.185.42.0,,,0,,0.8333,300
45540936,110085,45,0,13,0,feca,VEN,25,Caracas,190.74.202.215,,,0,,1.0,400
45540964,110091,10,0,6,0,feca,VEN,13,Barquisimeto,201.249.110.13,,,0,,1.0,300
45541039,110123,10,0,6,0,feca,USA,NJ,Clifton,104.236.213.230,,,0,,1.0,300
45541165,110151,0,0,0,0,feca,,,,,,,0,,1.0,0
45541175,110168,5,0,5,0,feca,VEN,15,Agua Fria,181.208.39.244,,,0,,1.0,0
45541178,110203,5,0,5,0,feca,VEN,25,Caracas,186.89.155.83,,,0,,1.0,0
45541352,110309,10,1,6,0,feca,VEN,25,Caracas,201.210.54.22,,,0,,0.8333,300
45541625,110443,5,0,5,0,feca,VEN,19,Altagracia,190.203.234.241,,,0,,1.0,300
45541980,110657,5,0,5,0,feca,COL,21,Cucuta,181.54.122.67,,,0,,1.0,300
45542015,110688,5,0,5,0,feca,VEN,16,Alto De Los Godos,190.200.5.128,,,0,,1.0,300
45542518,110795,5,0,5,0,feca,VEN,02,Barcelona,190.122.220.221,,,0,,1.0,0
45542607,110271,5,0,5,0,feca,VEN,02,Bergantín,190.203.241.246,,,0,,1.0,0
45543121,110978,25,1,9,0,feca,VEN,04,Maracay,190.38.38.226,,,0,,0.8889,500
45543387,111063,5,0,5,0,feca,VEN,26,La Guaira,190.75.93.24,,,0,,1.0,0
45543486,67374964,5,0,5,0,clixsense,VEN,07,Valencia,190.206.110.125,,,0,,1.0,0
45543728,67378995,20,1,8,0,clixsense,VEN,19,Agua Fría,190.207.54.95,,,0,,0.875,300
45544370,D8BB2F88CC4C59C28C872C89F84C52C0,5,1,5,0,neodev,VEN,04,Cagua,190.78.28.80,,,0,,0.8,300
45545128,111533,20,0,8,0,feca,USA,AZ,Phoenix,23.81.61.180,,,0,,1.0,300
45545208,111555,15,0,7,0,feca,USA,AZ,Phoenix,23.81.61.77,,,0,,1.0,300
45547815,112296,0,0,0,0,feca,,,,,,,0,,1.0,0
45548158,112505,10,1,6,0,feca,VEN,12,Valle De La Pascua,190.75.32.193,,,0,,0.8333,300
45548277,112541,10,0,6,0,feca,VEN,05,Barinas,190.207.251.103,,,0,,1.0,300
45548736,67450512,5,0,5,0,clixsense,UKR,07,Charkow,212.55.91.249,,,0,,1.0,0
45549897,112970,5,0,5,0,feca,VEN,25,Caracas,186.167.243.238,,,0,,1.0,0
45550683,113162,0,0,0,0,feca,,,,,,,0,,1.0,0
45551881,113507,10,0,6,0,feca,VEN,02,Bergantín,186.89.247.146,,,0,,1.0,300
45553691,112720,5,0,5,0,feca,USA,WA,Seattle,23.106.196.7,,,0,,1.0,0
45554405,114231,5,0,5,0,feca,USA,"","",66.165.239.58,,,0,,1.0,300
45555301,113396,5,0,5,0,feca,VEN,16,Alto De Los Godos,200.82.162.15,,,0,,1.0,300
45558223,48C043C416A11FEE16C8E61001D64B85,5,0,5,0,neodev,VEN,04,Barbacoas,190.72.30.243,,,0,,1.0,300
45558436,115274,15,0,7,0,feca,VEN,02,Bergantín,190.75.17.36,,,0,,1.0,300
45559584,115554,5,0,5,0,feca,VEN,13,Barquisimeto,190.200.162.249,,,0,,1.0,300
45561397,115917,5,0,5,0,feca,USA,TX,Dallas,198.96.95.180,,,0,,1.0,300
45565503,116815,5,0,5,1,feca,USA,FL,Miami,38.132.120.94,,,0,,1.0,0
45567865,117264,0,0,0,0,feca,,,,,,,0,,1.0,0
45570995,117957,20,0,8,0,feca,VEN,04,Turmero,201.242.32.33,,,0,,1.0,300
45571124,118022,5,0,5,1,feca,VEN,21,Chimpire,200.109.201.86,,,0,,1.0,0
45571465,482DC7BC10CEC938228BDA32B94EEF9C,5,0,5,0,neodev,VEN,23,Buena Vista,190.38.11.236,,,0,,1.0,0
45576806,119472,5,0,5,0,feca,VEN,23,Maracaibo,190.201.85.208,,,0,,1.0,300
45578393,68135210,10,0,6,0,clixsense,VEN,25,Caracas,186.92.186.126,,,0,,1.0,300
45578457,C299025FCB64B2886E334AF42C1D2A3F,5,0,5,0,neodev,VEN,25,Caracas,190.79.125.222,,,0,,1.0,300
45578863,68145997,5,0,5,0,clixsense,VEN,02,Bergantín,190.203.250.14,,,0,,1.0,0
45580071,112683,0,0,0,0,feca,,,,,,,0,,1.0,0
45580154,68175669,5,0,5,0,clixsense,VEN,04,Maracay,200.229.154.217,,,0,,1.0,300
45580537,120531,5,0,5,0,feca,VEN,07,Valencia,190.205.246.53,,,0,,1.0,300
45581310,68200811,20,0,8,0,clixsense,ARG,07,Buenos Aires,201.255.7.29,,,0,,1.0,300
45581492,120727,5,3,5,0,feca,VEN,06,Puerto Ordaz,190.200.105.156,,,0,,0.4,0
45581496,120724,5,0,5,0,feca,VEN,04,Barrio Campo Alegre,201.209.185.16,,,0,,1.0,0
45581500,120734,5,0,5,0,feca,COL,02,Medellin,181.137.231.77,,,0,,1.0,0
45582577,121054,20,1,8,0,feca,VEN,25,Caracas,186.93.93.253,,,0,,0.875,300
45583634,738F0A888A85C30BAA86FF6CD252D13D,25,0,9,0,neodev,CHL,12,Santiago,190.100.44.66,,,0,,1.0,400
45583926,121093,0,0,0,0,feca,,,,,,,0,,1.0,0
45583942,121185,5,0,5,1,feca,COL,02,Medellin,201.184.183.90,,,0,,1.0,300
45585149,68284912,5,0,5,0,clixsense,PER,16,Iquitos,181.176.36.73,,,0,,1.0,0
45586176,121959,5,0,5,0,feca,USA,NY,New York,162.243.246.160,,,0,,1.0,0
45586658,122168,10,0,6,0,feca,USA,TX,Dallas,198.96.95.134,,,0,,1.0,300
45586718,122194,5,0,5,0,feca,USA,WA,Seattle,207.188.178.87,,,0,,1.0,300
45589088,122871,0,0,0,0,feca,,,,,,,0,,1.0,0
45589475,95730612D104AD8B807A1C1B93AA3314,0,0,0,0,neodev,,,,,,,0,,1.0,0
45592604,123545,0,0,0,0,feca,,,,,,,0,,1.0,0
45596801,124132,10,0,6,0,feca,BIH,02,Doboj,62.68.111.6,,,0,,1.0,300
45596847,124160,15,0,7,0,feca,BRA,27,Iacri,177.138.184.247,,,0,,1.0,300
45596867,124178,5,0,5,0,feca,ARG,05,Cordoba,190.231.45.190,,,0,,1.0,300
45596873,124183,0,0,0,0,feca,,,,,,,0,,1.0,0
45596901,124192,15,0,7,0,feca,USA,AZ,Phoenix,23.81.49.77,,,0,,1.0,300
45597295,124412,10,0,6,0,feca,USA,NJ,Clifton,104.131.110.123,,,0,,1.0,300
45597315,124406,40,0,12,0,feca,USA,TX,Dallas,198.96.95.252,,,0,,1.0,420
45597373,124472,20,0,8,0,feca,USA,IL,Chicago,191.96.97.58,,,0,,1.0,300
45597395,124478,5,0,5,0,feca,USA,AZ,Phoenix,23.81.55.20,,,0,,1.0,0
45597655,124640,20,0,8,0,feca,RUS,54,Omsk,81.23.204.108,,,0,,1.0,300
45597791,124715,20,0,8,0,feca,USA,NJ,Clifton,104.236.233.182,,,0,,1.0,300
45598054,124879,15,0,7,0,feca,USA,IL,Chicago,23.83.92.34,,,0,,1.0,300
45598220,124989,15,0,7,0,feca,USA,NJ,Clifton,104.131.176.234,,,0,,1.0,300
45598260,125018,5,0,5,0,feca,USA,NJ,Clifton,104.236.53.155,,,0,,1.0,0
45598263,125009,0,0,0,0,feca,,,,,,,0,,1.0,0
45598367,124922,10,1,6,0,feca,USA,NJ,Clifton,104.236.195.147,,,0,,0.8333,300
45598911,125358,5,0,5,0,feca,USA,NJ,Clifton,104.236.233.182,,,0,,1.0,0
45599045,125459,5,0,5,0,feca,USA,NJ,Clifton,104.131.75.86,,,0,,1.0,0
45599067,68498862,5,0,5,0,clixsense,USA,WA,Kent,173.205.93.179,,,0,,1.0,300
45599095,125519,0,0,0,0,feca,,,,,,,0,,1.0,0
45599388,125746,10,0,6,0,feca,USA,NY,New York,162.243.127.7,,,0,,1.0,300
45599411,125561,5,1,5,0,feca,USA,FL,Miami,37.120.157.204,,,0,,0.8,300
45599442,125734,5,0,5,0,feca,USA,NJ,Clifton,104.131.176.234,,,0,,1.0,300
45599566,125861,5,0,5,0,feca,USA,CO,Fort Collins,8.30.144.54,,,0,,1.0,300
45599570,125862,15,0,7,0,feca,USA,FL,Miami,173.44.48.29,,,0,,1.0,300
45599727,125873,0,0,0,0,feca,,,,,,,0,,1.0,0
45600048,126140,5,0,5,0,feca,USA,NY,New York,162.243.246.160,,,0,,1.0,0
45600074,126155,0,0,0,0,feca,,,,,,,0,,1.0,0
45600151,126201,5,1,5,0,feca,USA,CO,Denver,23.237.16.27,,,0,,0.8,0
45600332,68506292,10,0,6,1,clixsense,VEN,04,Villa De Cura,186.95.75.171,,,0,,1.0,300
45600475,126414,0,0,0,0,feca,,,,,,,0,,1.0,0
45601165,126764,5,0,5,0,feca,USA,NJ,Clifton,104.236.195.147,,,0,,1.0,0
45601445,126918,5,3,5,0,feca,USA,WA,Seattle,173.192.191.169,,,0,,0.4,300
45601722,124935,10,0,6,0,feca,EGY,17,Assiut,197.36.243.44,,,0,,1.0,300
45601841,127156,15,0,7,0,feca,USA,AZ,Mesa,23.83.130.181,,,0,,1.0,450
45602292,127410,5,3,5,0,feca,USA,NY,New York,23.108.24.71,,,0,,0.4,300
45602600,127588,0,0,0,0,feca,,,,,,,0,,1.0,0
45602859,127676,5,0,5,0,feca,USA,NV,185.242.5.0/24,185.242.5.99,,,0,,1.0,0
45603510,128177,0,0,0,0,feca,,,,,,,0,,1.0,0
45604171,128332,25,0,9,0,feca,ECU,18,Quito,201.183.144.205,,,0,,1.0,375
45604336,AE6F5818230C6BEE999200CE4C413AA0,5,3,5,0,neodev,USA,FL,Saint Petersburg,72.187.235.121,,,0,,0.4,300
45604876,128523,5,0,5,1,feca,VEN,25,Caracas,190.206.20.231,,,0,,1.0,300
45605493,128651,5,0,5,0,feca,VEN,19,Altagracia,186.89.234.49,,,0,,1.0,0
45605891,128790,45,2,13,0,feca,USA,FL,Apollo Beach,23.111.188.5,,,0,,0.8462,540
45606900,3B0A62B750856A04999200CE4C413AA0,30,0,10,0,neodev,COL,02,Medellin,181.51.32.187,,,0,,1.0,375
45609874,129576,0,0,0,0,feca,,,,,,,0,,1.0,0
45610734,129763,5,4,5,0,feca,VEN,25,Caracas,186.167.249.87,,,0,,0.2,0
45611444,129913,0,0,0,0,feca,,,,,,,0,,1.0,0
45613266,130301,5,0,5,0,feca,VEN,02,Bergantín,190.205.157.143,,,0,,1.0,300
45615834,68870828,5,0,5,0,clixsense,VEN,25,Caracas,190.37.28.117,,,0,,1.0,0
45617178,131257,0,0,0,0,feca,,,,,,,0,,1.0,0
45618144,59891522,5,0,5,0,clixsense,VEN,25,Caracas,186.89.6.20,,,0,,1.0,300
45618840,131657,5,1,5,0,feca,VEN,25,Caracas,201.208.197.150,,,0,,0.8,0
45619548,68962747,10,1,6,0,clixsense,COL,34,Bogota,181.57.249.178,,,0,,0.8333,300
45619688,68965007,0,0,0,0,clixsense,,,,,,,0,,1.0,0
45619951,131888,15,0,7,0,feca,VEN,25,Caracas,186.167.251.13,,,0,,1.0,300
45620844,132112,5,4,5,0,feca,VEN,04,Turmero,45.236.28.248,,,0,,0.2,0
45621096,69003636,5,0,5,0,clixsense,USA,NJ,Clifton,104.236.213.230,,,0,,1.0,300
45622113,132377,5,0,5,0,feca,VEN,25,Caracas,186.89.152.164,,,0,,1.0,300
45624749,69111205,5,0,5,0,clixsense,USA,NJ,Clifton,104.236.53.155,,,0,,1.0,0
45625789,69142695,25,0,9,1,clixsense,VEN,11,Agua Salada,186.92.196.177,,,0,,1.0,300
45627530,69181023,5,0,5,0,clixsense,UKR,07,Charkow,212.55.91.249,,,0,,1.0,300
45627690,133730,5,0,5,0,feca,VEN,13,Barquisimeto,186.188.104.89,,,0,,1.0,300
45627834,133777,30,0,10,0,feca,USA,FL,Miami,38.132.120.90,,,0,,1.0,400
45627857,133789,0,0,0,0,feca,,,,,,,0,,1.0,0
45627903,133797,45,1,13,0,feca,VEN,07,Valencia,201.243.192.137,,,0,,0.9231,525
45628304,68BB4A95FABCE480E0643075F37BEF58,5,0,5,0,neodev,USA,VA,Woodbridge,207.244.89.75,,,0,,1.0,300
45628428,132501,5,0,5,0,feca,USA,NJ,Clifton,104.236.53.155,,,0,,1.0,300
45628956,69224537,0,0,0,0,clixsense,,,,,,,0,,1.0,0
45631475,134673,15,0,7,0,feca,VEN,11,Agua Salada,190.39.127.84,,,0,,1.0,300
45633436,E87241EF6391AF23826BDFD07EE23BF9,10,0,6,0,neodev,VEN,11,Agua Salada,190.75.162.127,,,0,,1.0,300
45633481,135134,10,0,6,0,feca,VEN,17,Porlamar,190.36.43.104,,,0,,1.0,300
45633693,135210,5,1,5,0,feca,VEN,15,Guatire,200.93.100.80,,,0,,0.8,0
45634180,135356,5,0,5,0,feca,USA,NY,New York,107.170.145.187,,,0,,1.0,0
45634489,69391368,5,0,5,0,clixsense,USA,NJ,Clifton,138.197.26.186,,,0,,1.0,0
45634560,69393072,5,0,5,0,clixsense,VEN,25,Caracas,190.205.172.30,,,0,,1.0,300
45634910,135491,5,0,5,0,feca,USA,NY,New York,162.243.246.160,,,0,,1.0,300
45636027,135714,5,0,5,1,feca,USA,NJ,Clifton,104.131.75.86,,,0,,1.0,300
45637507,136063,5,0,5,0,feca,USA,NJ,Clifton,104.236.205.233,,,0,,1.0,0
45637961,136299,5,0,5,0,feca,VEN,03,Achaguas,190.78.23.180,,,0,,1.0,0
45639896,136820,5,0,5,0,feca,VEN,04,Maracay,190.38.212.195,,,0,,1.0,0
45640676,CEF15EBF6E7EFED7F9D662152EE91CFF,0,0,0,0,neodev,,,,,,,0,,1.0,0
45642167,79BB873AE8C60A5913B45070835AF903,5,0,5,0,neodev,VEN,07,Altamira,186.14.130.20,,,0,,1.0,300
45644667,137984,5,0,5,0,feca,VEN,23,Maracaibo,186.185.230.196,,,0,,1.0,300
