File Name,age_low,age_high,smile_value,smile_confidence,gender_value,gender_confidence,top_emotion
00806e16-a6c4-4c2a-bed8-6ef423916630.jpg,22,34,True,99.13685607910156,Male,98.75377655029297,HAPPY
011b3a9d-ed90-4815-af9f-e0a06c1ac861.jpg,22,34,False,54.81708526611328,Female,54.540245056152344,FEAR
016f0241-bad4-491c-8438-618105ec9b0b.jpg,32,48,False,98.47048950195312,Male,99.62948608398438,CALM
016fff33-a7fa-4cc7-b008-56809963b916.jpg,45,63,True,99.7580795288086,Female,99.74113464355469,HAPPY
01722338-5e32-4a29-a888-0169e7e461ef.jpg,22,34,False,96.83621215820312,Male,86.56455993652344,CALM
01b76faa-cceb-4cc3-896e-8683c0f0cdd2.jpg,22,34,True,98.89991760253906,Female,99.0882568359375,HAPPY
01b80bc7-2fcb-4981-91ba-ae2f68cd96bb.jpg,22,34,True,93.69869232177734,Female,97.19737243652344,HAPPY
01efa7b8-49d7-47eb-a4b1-fdac65357e49.jpg,17,29,False,53.13311767578125,Male,50.60455322265625,ANGRY
028ca635-f913-4818-a2e6-0910d5707142.jpg,3,11,False,88.60227966308594,Female,71.7720947265625,SAD
02ca822f-9478-4478-a9a6-4fa54a25eea6.jpg,22,34,False,92.84315490722656,Male,98.93974304199219,CALM
032198cd-3686-4c90-aab7-0611e93d81da.jpg,20,32,True,97.2386245727539,Female,99.41900634765625,HAPPY
035d07ca-4876-4ddc-895f-221bf4c1674f.jpg,37,55,True,96.74951171875,Male,95.29407501220703,HAPPY
0418ccc6-c69c-4214-8242-9b0d5b603754.jpg,23,37,False,78.82025146484375,Female,76.89496612548828,DISGUSTED
041f46b4-1ade-4321-b095-62d9f9f77103.jpg,21,33,True,57.13251876831055,Female,98.88418579101562,CONFUSED
0437ddcf-7ecf-4e22-a612-5642b457d2a4.jpg,14,26,False,50.44639205932617,Male,50.33963394165039,SAD
04b433f6-bb8e-4a89-85d7-f1fd01175cfa.jpg,16,28,False,99.73896026611328,Female,97.86195373535156,CALM
04fb33f1-d84c-4f8b-a70f-c1164f14c6f5.jpg,19,31,False,69.41568756103516,Female,94.77638244628906,FEAR
05043174-7a32-45c3-afb5-a7e735f554ad.jpg,13,23,True,57.96495056152344,Female,97.92877960205078,HAPPY
05253ca8-af8d-4983-abf0-e38ed84216ae.jpg,23,35,False,54.83771514892578,Male,54.81993103027344,CALM
05270bbb-eff1-4da0-8de4-ef66eca792db.jpg,31,47,True,99.88653564453125,Male,97.1666488647461,HAPPY
05db2b18-1436-4f7f-84e0-ab650962d2f8.jpg,22,34,True,98.19863891601562,Female,99.03076934814453,HAPPY
062bc254-6ca3-4da3-a6f8-51d0b368588e.jpg,26,42,True,99.64723205566406,Female,98.64191436767578,HAPPY
06690457-f88a-491f-a3c5-d775ccde5422.jpg,18,30,True,92.22907257080078,Female,99.7254638671875,HAPPY
0676ec99-dd68-4766-984a-eb15e0f56f18.jpg,33,49,True,51.00883865356445,Male,96.77240753173828,HAPPY
06ce73a8-7efd-4f42-bcf6-184c7618b54b.jpg,24,38,True,80.77916717529297,Male,77.52117156982422,HAPPY
078b0691-081c-40df-a7c0-3de3731f57d3.jpg,39,57,True,99.8683853149414,Male,97.9453125,HAPPY
07b984f9-739c-4cf3-81c8-285573ffa243.jpg,29,45,True,54.535179138183594,Male,54.98014831542969,HAPPY
07f84d8d-bf97-46d2-9a4d-84d296559a4f.jpg,10,20,False,99.26851654052734,Female,98.04640197753906,CALM
081e9ff2-96e4-4e88-8810-d02e05408b68.jpg,16,28,True,97.74119567871094,Female,99.46415710449219,HAPPY
08b01255-51df-4d8e-bea2-2a1a35c05863.jpg,22,34,False,93.10501861572266,Female,50.93998718261719,FEAR
08b561e2-3cfb-43fa-a6e9-7adab1702f6f.jpg,12,22,True,97.90596008300781,Female,99.67909240722656,HAPPY
098226dd-7cc2-4907-801d-5dde4ad7327e.jpg,41,59,True,80.7859115600586,Male,98.24725341796875,HAPPY
09eaaf06-fadc-4287-8404-c783baf6d4ec.jpg,28,44,False,99.80220794677734,Male,99.00858306884766,CALM
0aa6b3cd-bcb2-4089-a5b9-97b4e0589ace.jpg,18,30,True,97.72865295410156,Female,99.8642349243164,HAPPY
0b1eb708-3fda-4e0b-9944-26946b16c931.jpg,14,26,True,70.11446380615234,Female,99.2293930053711,HAPPY
0b3f2e20-74a7-4995-b2d9-9485554abd33.jpg,33,49,True,99.44188690185547,Female,98.90731811523438,HAPPY
0b78ea29-d282-44de-897b-05b5a63a3e10.jpg,19,31,False,95.4464111328125,Male,81.41712188720703,CALM
0c319056-acd4-4e42-bb0e-abaa4d7ea450.jpg,34,50,False,91.63459777832031,Male,97.91875457763672,CALM
0c352ecc-30d0-4a93-8559-a67de89bdf7c.jpg,22,34,True,99.54873657226562,Female,99.08590698242188,HAPPY
0c3fb78f-4c09-48d2-a58d-0a7c9f0d4b23.jpg,32,48,True,98.19547271728516,Male,98.86217498779297,HAPPY
0c5e9a27-aa77-4ec3-81cb-bea87c5e2043.jpg,22,34,True,99.52436065673828,Female,99.68004608154297,HAPPY
0cfa0a5f-0367-49f2-b927-5f4bb6d24c53.jpg,22,34,False,94.81121826171875,Female,98.2440185546875,CALM
0d6e7fdd-3705-45e2-8b14-f2d79b834830.jpg,22,34,False,71.09923553466797,Male,98.66841125488281,CALM
0d6f9880-6c5c-4ede-ad4b-43ac051fc457.jpg,21,33,True,99.824462890625,Female,57.263607025146484,HAPPY
0d779008-a939-48b7-8ea1-094157d07775.jpg,34,50,True,99.23680114746094,Male,98.97394561767578,HAPPY
0d8ebe54-9f82-4b17-b12e-3bd1389dc49b.jpg,22,34,True,98.86573028564453,Female,98.86880493164062,HAPPY
0dd8142e-0e22-483d-8bff-c0e1bf622d90.jpg,12,22,True,98.3626937866211,Male,98.47483825683594,HAPPY
0ddb47f2-285c-4542-bc07-f521d05749c2.jpg,20,32,False,96.23099517822266,Male,94.11565399169922,FEAR
0e5c0e2a-a930-46b4-9cf9-4001d78b8343.jpg,22,34,True,99.1910400390625,Male,99.77971649169922,HAPPY
0ed63417-b144-4a9a-980f-ca5f455b0349.jpg,30,46,True,97.99724578857422,Male,89.80850982666016,HAPPY
0f0803a1-e011-462d-9ddf-8b8558410714.jpg,30,46,False,54.4269905090332,Female,54.890716552734375,CALM
0f0c3df4-d995-4145-b757-e0109f127580.jpg,29,45,True,92.48297119140625,Male,99.60485076904297,HAPPY
0f20394d-cb16-4dbc-bd2c-5dec2d0bd88b.jpg,25,39,False,99.78743743896484,Male,89.99913024902344,SAD
0f5b2f80-d322-4546-8e9c-e7d7728577c9.jpg,31,47,True,99.97493743896484,Female,99.95797729492188,HAPPY
0f954d5b-f4f5-476d-876a-bd05f019b578.jpg,32,48,True,97.87775421142578,Male,94.28657531738281,HAPPY
0fad5be6-1a08-4c65-a725-f2d55e0ff60b.jpg,17,29,False,71.82050323486328,Female,94.64014434814453,HAPPY
0fbc0238-30a7-41c9-9797-5e87d9ad303f.jpg,13,25,False,51.42825698852539,Male,52.70783233642578,HAPPY
0fea47d3-c049-44e1-8abb-770fe25857c5.jpg,22,34,True,99.42980194091797,Female,99.72278594970703,HAPPY
0ff52dfa-b055-4d4f-a20d-e8d4b65227a6.jpg,23,35,False,98.71912384033203,Male,99.69005584716797,CALM
107535a8-f1e1-4829-9666-12c0275c2455.jpg,22,34,True,99.31543731689453,Male,99.53941345214844,HAPPY
1085e9d5-40ad-4cc3-801a-7db8a1378911.jpg,22,34,True,99.5102767944336,Male,96.00891876220703,HAPPY
109855ac-5ebd-4c86-b594-b364e6db73e2.jpg,36,54,True,96.42948913574219,Male,95.90218353271484,HAPPY
10de9fb1-69a9-417e-8ba5-decfd2d1fa1b.jpg,16,28,True,99.7085952758789,Female,99.65081787109375,HAPPY
10e8b46e-bdd6-481e-9c59-059aa93b471f.jpg,32,48,False,92.7885971069336,Male,98.95538330078125,CALM
1126d6e2-02f6-4dd6-a9ae-d4d28dab9e22.jpg,22,34,False,91.97260284423828,Male,98.00397491455078,SURPRISED
112c5a81-16cb-4296-a09a-ac2a75b79cc2.jpg,32,48,True,92.38666534423828,Male,99.03484344482422,HAPPY
117b83fe-62a9-4c01-8e2f-7d89de1b7e31.jpg,11,21,False,54.77769470214844,Male,52.5421142578125,CALM
11e2f970-2721-4e96-8dac-e375a2087b8a.jpg,22,34,True,90.6807861328125,Male,95.04248809814453,HAPPY
12e4b8b5-bb2b-41f7-adf2-e199b29125e6.jpg,22,34,False,98.92752838134766,Male,99.7266616821289,CALM
131f6616-3f72-431f-96bb-23308fc4db90.jpg,19,31,True,98.75623321533203,Male,98.7873764038086,HAPPY
13824867-5d20-4922-a2ff-9fafabe4d3d3.jpg,26,42,False,98.65821838378906,Male,99.43495178222656,ANGRY
1437b3fb-5fe2-4fad-9454-976bb84f7c19.jpg,22,34,True,70.25877380371094,Male,93.3538589477539,HAPPY
146b7259-bb68-4fda-8c82-b85876c96210.jpg,18,30,False,98.10615539550781,Female,99.90703582763672,CALM
149b6b3f-4555-477c-acbd-a3ee2d37f5b5.jpg,17,29,False,98.66740417480469,Male,98.29413604736328,CALM
150fbefa-f624-4070-91b7-79a5ac09b3d7.jpg,23,37,False,98.17359161376953,Male,91.31237030029297,CALM
157e8241-3dd9-4ccc-88ad-152cb1e848be.jpg,12,22,False,99.21401977539062,Female,94.18447875976562,CALM
15c139f9-2e38-4922-8063-dd459704f901.jpg,21,33,True,99.98562622070312,Male,97.88886260986328,HAPPY
15ed7ad9-22d3-475e-9738-da05b4420974.jpg,22,34,True,98.3858871459961,Male,99.8982162475586,HAPPY
16dd72df-ef83-45bd-b642-5d96c4ab2227.jpg,22,34,False,99.03325653076172,Male,99.30009460449219,CALM
172c249b-12cb-41cb-b9b2-b99e22e8649e.jpg,21,33,True,91.41775512695312,Male,95.3885269165039,HAPPY
1791a607-64b8-4383-9826-2b50677c8d70.jpg,17,29,True,95.81925964355469,Female,99.48078155517578,HAPPY
179757b6-3019-4da6-89d7-9e9d7ec2a51e.jpg,22,34,True,98.74007415771484,Female,99.7286148071289,HAPPY
179829af-3314-4426-bae7-642fcba94f5e.jpg,21,33,True,97.53828430175781,Female,99.71868133544922,HAPPY
17e48f8b-b599-49cb-ba30-198c096285a8.jpg,18,30,True,58.03065872192383,Female,99.8670654296875,HAPPY
18061b53-74bc-414a-a4d4-9e35be431f48.jpg,16,28,False,99.8418960571289,Male,99.76017761230469,CALM
1837b1a1-4650-41fa-9bde-76408be5b4c8.jpg,22,34,True,98.51741027832031,Female,99.7243881225586,HAPPY
18858453-6a9f-4838-be67-06d1aeb0cd72.jpg,22,34,True,99.21565246582031,Female,99.65186309814453,HAPPY
18a3fb42-36d1-4788-8eaf-21ee9a867484.jpg,26,42,True,99.80384826660156,Female,95.41575622558594,HAPPY
18fbeae6-0c17-4078-a696-c3932fd4fba5.jpg,13,23,True,97.6072998046875,Male,87.66264343261719,HAPPY
194fc419-b841-46ea-8a4b-8891f9d49e2d.jpg,33,49,True,98.4351806640625,Female,97.67074584960938,ANGRY
1962c2e0-5e39-4b71-9b9c-7c801f54ee34.jpg,20,32,True,93.52930450439453,Female,56.3748779296875,HAPPY
199d127c-0017-4d56-bf77-cf6c30dce69c.jpg,20,32,True,54.80369186401367,Female,54.77773666381836,HAPPY
1a0ec0bb-5c7b-40e1-a37e-96c779c8fe32.jpg,21,33,True,98.10943603515625,Female,98.04208374023438,HAPPY
1a11f1df-54aa-458e-bf3c-418c8a5f45e2.jpg,22,34,True,73.22130584716797,Male,98.24447631835938,FEAR
1a2e17bb-c824-41b4-bfd3-8b877df60724.jpg,18,30,False,62.37533187866211,Female,98.05174255371094,CALM
1b19f522-aa60-471c-b8cc-235d7ad33eba.jpg,22,34,True,99.90143585205078,Female,99.81270599365234,HAPPY
1b6bf47f-db39-47a0-b671-a4bba810df63.jpg,19,31,True,98.99565887451172,Female,87.51238250732422,HAPPY
1b8464f5-5d4e-47a3-af81-dc65a1abceb0.jpg,22,34,False,99.77388000488281,Female,94.36885070800781,CALM
1baf9e9a-913d-4194-8120-b1c6763f6c21.jpg,3,9,False,98.33792114257812,Female,99.14643096923828,CALM
1bd98cc6-a6d0-4165-b376-90038001cff5.jpg,32,48,True,95.98583221435547,Male,99.4432144165039,HAPPY
1bdecb6f-4183-432d-8cb5-f6f09661dc5c.jpg,16,28,True,93.00160217285156,Female,99.68816375732422,HAPPY
1c020154-7251-4ba5-9c80-110a673c63b2.jpg,29,45,False,50.3744010925293,Male,50.283485412597656,SAD
1c14a81c-9105-4397-b178-418430340565.jpg,31,47,True,98.48260498046875,Female,99.44454193115234,HAPPY
1c733443-d34b-4358-8dea-6e0c2eea538a.jpg,2,8,False,99.7059555053711,Male,87.37667083740234,CALM
1c914f5a-5a23-4597-b697-029f5ef6b3ae.jpg,32,48,True,93.96720123291016,Male,84.03242492675781,HAPPY
1cf79bdf-1992-4666-96ad-006f3ca93487.jpg,22,34,True,59.02360153198242,Female,99.40260314941406,HAPPY
1d9c65a2-1515-43ee-b0a0-508bd171dbee.jpg,25,39,True,75.31421661376953,Male,98.6412353515625,HAPPY
1dbbfbb6-5fca-4df1-ad7b-59eb3dd3d348.jpg,42,60,True,99.9195785522461,Male,98.9918441772461,HAPPY
1dd11aac-653f-448a-bd93-b4c132d89cce.jpg,20,32,False,79.71308135986328,Male,85.80375671386719,CALM
1dd612d1-4ca4-478d-b5d4-6d0b1fab7535.jpg,23,35,False,99.66009521484375,Male,99.85086059570312,CALM
1e0d459f-6cc7-4fd2-9ab3-ad9ab2bcada9.jpg,33,49,True,93.88113403320312,Male,71.88676452636719,HAPPY
1e480b30-8240-4927-a5c8-6207b329a1f4.jpg,17,29,True,98.00200653076172,Female,95.52481842041016,HAPPY
1e7d8ccf-fba6-4fc4-bf8d-132b3597f63a.jpg,22,34,False,98.81529998779297,Male,72.62882232666016,CALM
1eb7dc23-5901-4a36-af43-4f59554227a2.jpg,17,29,True,97.71417999267578,Female,99.43075561523438,HAPPY
1f209569-8fe1-4795-a891-826a6d156206.jpg,13,25,True,96.56179809570312,Female,99.47862243652344,HAPPY
1fd17cac-0803-4efe-aecd-7d875961c662.jpg,22,34,False,98.02984619140625,Male,99.62930297851562,CALM
1ff2ad07-c348-46e2-ab05-f8cd7a8e804c.jpg,22,34,False,97.69007110595703,Male,82.83708190917969,FEAR
1ff8edd9-7741-400c-9ca0-d17c4296ccc7.jpg,23,37,True,90.85587310791016,Female,96.70211029052734,HAPPY
20430519-0de4-4116-93f6-87de78f8aadd.jpg,42,60,True,99.44439697265625,Female,57.34324645996094,HAPPY
20b248f9-c18b-49e3-b146-2435fbd89314.jpg,29,45,False,99.02647399902344,Male,98.27266693115234,CALM
20faf11e-3991-4f59-9508-e6b124f06042.jpg,22,34,False,99.06236267089844,Female,75.3892822265625,SAD
213397bf-8550-4a81-af92-291cd294a144.jpg,25,39,False,95.9541244506836,Male,99.05514526367188,CALM
2170cb44-a246-4d4d-9207-0ece922e2d08.jpg,25,39,True,99.78965759277344,Female,99.95552062988281,HAPPY
217ecde2-f47f-4fdc-af5b-1ee12bac5177.jpg,13,23,False,96.5906982421875,Male,79.144287109375,CALM
21d6241a-c890-4ef1-859a-09cbedd30b4e.jpg,39,57,False,50.403385162353516,Male,50.484615325927734,SURPRISED
2204fe87-ec36-4d92-92fb-3f3a96332824.jpg,22,34,True,99.93072509765625,Female,99.41548919677734,HAPPY
224b1ad5-e72e-41df-a330-8a21fdabb9c5.jpg,26,40,False,98.59275817871094,Male,95.89096069335938,SURPRISED
2285cef7-8265-48ec-bf39-fb53c220a9fb.jpg,22,34,False,98.43553924560547,Female,99.7945785522461,CALM
22cada9f-5b2d-42b7-aa07-4daa79add4fa.jpg,13,23,True,99.5325927734375,Female,99.40570068359375,HAPPY
22d1f912-049b-4fa3-b95b-4ce26a63e8cf.jpg,27,43,True,96.94754028320312,Male,79.88480377197266,HAPPY
22f37805-3a3c-4975-8b31-1aad55e0361e.jpg,22,34,True,99.53308868408203,Male,98.0080337524414,HAPPY
22f40761-8186-408c-a9ba-2a98abecc2ff.jpg,19,31,False,54.06056594848633,Male,54.81855773925781,FEAR
233d1280-df14-4c0d-b3c0-55c9af9ca1d3.jpg,5,15,True,58.36494064331055,Female,99.71573638916016,HAPPY
23b3ffb3-d05a-4963-a7db-4fcc76d5ce94.jpg,32,48,True,97.6751708984375,Male,99.23146057128906,HAPPY
23defa53-6582-480d-9ce3-d8d1cd9be7f6.jpg,22,34,True,97.86571502685547,Male,92.06381225585938,HAPPY
24023f2c-6ac5-4e06-9a25-da906424a158.jpg,39,57,True,99.86882781982422,Female,99.98302459716797,HAPPY
24d75c35-745a-4278-882f-ef88dc46c6fa.jpg,22,34,True,92.6414794921875,Male,99.18966674804688,HAPPY
2519064b-80d9-4550-abe7-6f49a62e0412.jpg,22,34,False,90.21709442138672,Male,98.97334289550781,CALM
254e294d-3da2-4093-a7ee-80a575393aa7.jpg,32,48,True,96.63459777832031,Male,97.39112091064453,HAPPY
2555005f-cb86-454b-b98a-550e11248fe0.jpg,27,43,True,89.95349884033203,Male,95.68231201171875,HAPPY
2560ce48-e9ef-4608-a72b-f1a650809409.jpg,32,48,True,51.713775634765625,Male,54.09474182128906,HAPPY
258b7880-b854-4a05-93b5-cd631f7c3223.jpg,30,46,True,99.90868377685547,Female,99.68626403808594,HAPPY
25dcf005-a500-4042-bb4e-243820c20f8d.jpg,22,34,False,89.40335845947266,Male,94.68778228759766,CALM
265d9840-d846-4d52-97ab-65940c4b14e7.jpg,46,64,True,97.07144165039062,Male,99.42999267578125,HAPPY
265f6526-542b-4f52-84a9-5c38f2838584.jpg,17,29,True,99.74436950683594,Female,65.75311279296875,HAPPY
26882ad4-a4c8-410c-be5e-3b87df8df707.jpg,36,54,False,99.64347839355469,Male,72.2413558959961,CALM
26c319d4-66fe-4c84-a676-3329e96f4f85.jpg,22,34,True,95.71878051757812,Female,99.67511749267578,HAPPY
26cee6ec-0488-47d4-8fd2-1d08da1a10cb.jpg,26,42,True,98.66645050048828,Male,99.20113372802734,HAPPY
26d7b7ce-4afc-4368-971e-16eda44a7dbe.jpg,0,3,False,99.81671142578125,Male,99.27816772460938,CALM
2837b9d4-84e2-46d2-91b8-06237d5b3547.jpg,22,34,True,97.59413146972656,Female,99.90167236328125,HAPPY
28ad39b1-4eea-49fb-a165-efd4bb8b65af.jpg,23,35,False,99.86911010742188,Male,99.66023254394531,CALM
28e5626a-4aac-4ea1-a491-4ce3fbefb4e1.jpg,30,46,True,99.13034057617188,Male,98.82906341552734,HAPPY
2954ef98-248a-42fa-8cfd-9c8a550ae13c.jpg,16,28,True,98.33257293701172,Female,96.92289733886719,HAPPY
298f564f-2fe5-4234-91a1-ad896a30cb41.jpg,40,58,True,99.01911926269531,Male,98.4946517944336,HAPPY
2a25d49a-10d6-482e-b0b0-e3062604b45d.jpg,23,37,True,84.76364135742188,Female,99.82920837402344,HAPPY
2a277d38-420b-48c5-b51e-225cb185be8f.jpg,32,48,False,91.5466537475586,Male,98.78739166259766,CALM
2a3aac47-c4c8-4419-8337-ebbd4a9cbfc8.jpg,22,34,True,76.64425659179688,Male,96.21504211425781,HAPPY
2a758235-8aef-49ed-abcf-2de65bac7af5.jpg,31,47,False,54.512142181396484,Male,50.82132339477539,FEAR
2a7737de-2c4c-4003-9a6e-1e16f307222d.jpg,16,28,False,99.50603485107422,Female,93.13813018798828,SAD
2a790aa3-db11-4ec7-bc45-5ec24209301e.jpg,13,23,False,76.18547821044922,Male,99.7313461303711,HAPPY
2a9746c7-8a51-47dc-962c-ef05557b7a19.jpg,29,45,True,98.78385925292969,Male,99.74494171142578,HAPPY
2aa2d4ba-047e-473a-b5c6-c1ec9485cdad.jpg,16,28,True,51.39933395385742,Female,95.52948760986328,HAPPY
2b4ccc61-e5bc-49ac-86a3-57ce4d38a639.jpg,26,40,False,78.79381561279297,Male,99.91187286376953,CALM
2c9c1243-6a7b-440e-abb6-20b282db939d.jpg,20,32,False,54.84672927856445,Male,53.177791595458984,CALM
2cd043c3-a38a-4f56-b254-95d6512062d2.jpg,22,34,True,99.47273254394531,Female,99.73446655273438,HAPPY
2dc08107-70af-492f-bb9c-cfd7ef61913c.jpg,23,35,True,88.27998352050781,Female,98.53751373291016,HAPPY
2dc4b4db-f7e7-4945-abbe-3dc65d5fa309.jpg,30,46,False,50.478981018066406,Male,50.45011520385742,CALM
2dc84973-dcf8-4216-9ed0-991f5fcc186f.jpg,34,50,True,80.51815032958984,Female,97.29075622558594,ANGRY
2f6a19fb-f417-4a6a-9e71-7059345e97b2.jpg,22,34,False,99.56121826171875,Female,99.87255859375,CALM
2f9eac28-c1d6-4a4c-9f8a-b6f9f510eb56.jpg,31,47,True,54.7994270324707,Male,54.21904754638672,HAPPY
2ff99384-0d2b-4fe3-a808-a353338ddfa8.jpg,22,34,True,94.99089813232422,Female,99.00263214111328,HAPPY
302ad539-cb57-44b9-9c31-c50b5c115ddb.jpg,23,37,False,98.4622802734375,Male,99.15876007080078,CALM
30b9b1a5-9323-470d-8293-eae468c3c09e.jpg,16,28,False,99.89906311035156,Male,88.8584213256836,CALM
30f963d2-66d8-45cf-a601-abcf686111d8.jpg,18,30,True,99.42292022705078,Female,72.91645812988281,HAPPY
3116ec41-0125-4a5d-852c-2d3d15e3dd0c.jpg,39,57,True,99.7270278930664,Male,83.07596588134766,HAPPY
31dcb4e7-911b-45bc-a0b0-643e01445e4c.jpg,31,47,True,88.23712158203125,Male,99.63037872314453,HAPPY
32008ea9-1f8d-48e9-ba65-576eca6f2e90.jpg,22,34,True,86.47840118408203,Female,97.97728729248047,HAPPY
328f936c-368e-492d-abe0-eb0b0e0fbf20.jpg,23,35,False,97.7403793334961,Female,99.55941772460938,SAD
33c40058-760b-482f-88e3-4d6bbfac6898.jpg,12,22,False,53.64664840698242,Male,53.60849380493164,CALM
33fb280e-5a23-4fc1-a655-762dbf68c1ad.jpg,22,34,True,54.941017150878906,Female,54.9018669128418,HAPPY
340d2347-d790-4494-863c-c443d0b3a826.jpg,26,42,False,94.22721862792969,Female,95.16121673583984,ANGRY
340ec236-f1d7-4c48-9214-a50c16b075d7.jpg,22,34,True,97.26274108886719,Female,99.44835662841797,HAPPY
34202cee-1a17-413d-acfc-73f2eeb15130.jpg,22,34,True,99.95384216308594,Male,99.4902114868164,HAPPY
3443fbbf-de1d-4e4f-8782-8aa901abb54c.jpg,18,30,False,97.6875,Female,99.954833984375,SAD
345c9e00-5433-4556-a10a-cc118558a65b.jpg,26,40,True,99.95451354980469,Male,99.87654876708984,HAPPY
34932a8f-b0a9-46e1-a44a-95b553e84c7c.jpg,24,38,True,99.70677185058594,Female,99.74250030517578,HAPPY
34b25d88-5c4d-4c66-9f4e-7bc322134bed.jpg,51,69,False,78.40054321289062,Male,99.63529205322266,ANGRY
354a3cf3-f17c-48c8-b0f6-f0854e22a5ca.jpg,15,27,True,64.51030731201172,Male,63.814605712890625,HAPPY
35742967-38db-4633-bda5-6821a5365e93.jpg,23,35,True,99.69666290283203,Female,99.6442642211914,HAPPY
35c08a32-dd0b-42a5-a98f-ac83b7f4ac49.jpg,31,47,True,51.50581741333008,Female,51.1993522644043,HAPPY
364b6115-dfd5-4605-b631-54bad97138d2.jpg,26,40,True,97.11463165283203,Female,99.4875259399414,HAPPY
36777997-d077-446a-a525-dfda201b75b8.jpg,14,26,False,98.6678695678711,Female,82.60353088378906,CALM
368d9aef-4fd3-4e2b-ad57-0da5c54ad4d4.jpg,6,16,True,53.74714660644531,Female,54.92047119140625,HAPPY
36d484d8-08fc-47ad-ae23-e2e6aa52e815.jpg,22,34,True,99.76848602294922,Female,99.75483703613281,HAPPY
37082676-65dc-4c2c-87d3-ce6fa0aed1e9.jpg,32,48,False,87.00420379638672,Male,99.67852020263672,CALM
3724c0a1-55d8-442d-99dc-b6146b256e87.jpg,21,33,True,80.14146423339844,Male,97.31417083740234,HAPPY
372ea187-3795-42ff-aaf1-2abf172c17dc.jpg,24,38,True,92.13793182373047,Male,99.20614624023438,HAPPY
376314bc-1268-418d-b584-1da60f76ae75.jpg,22,34,False,97.86544036865234,Male,97.52005767822266,CALM
376af0da-29f7-48ee-ba7b-866410c673ac.jpg,23,35,True,97.90008544921875,Female,96.31690979003906,HAPPY
376fc57a-c1d2-4737-be0f-fd3fec721d89.jpg,39,57,True,64.93544006347656,Male,98.7811050415039,HAPPY
37e46549-6d7f-4a61-8ee8-a9afdbfba740.jpg,22,34,True,81.14459991455078,Male,98.81322479248047,HAPPY
38427245-ae9a-4043-ae80-11023b92109f.jpg,24,38,True,97.36302947998047,Male,92.51273345947266,HAPPY
384c9bd8-4545-4a1b-811b-40cd2c558caa.jpg,22,34,True,99.851806640625,Female,99.98542785644531,HAPPY
39010226-e11a-4ffa-af52-33e52cb088c5.jpg,22,34,True,98.56909942626953,Female,99.88385772705078,HAPPY
39331fa5-0c01-4978-81fa-609c5acdc43a.jpg,22,34,True,54.93284606933594,Male,53.27960205078125,HAPPY
393c3740-e933-4a93-b7fd-dea4105d8ae4.jpg,16,28,False,61.47519302368164,Male,96.5039291381836,HAPPY
39457bde-ba44-4178-9eb1-85eb4ac0ea79.jpg,22,34,True,95.14071655273438,Male,96.34708404541016,HAPPY
3947fbc4-291d-40fa-9a95-3d8377882dd6.jpg,13,25,False,99.13015747070312,Male,85.94151306152344,CALM
39b8bb12-0c74-4d7e-a5ca-2efba16772bf.jpg,24,38,False,98.65941619873047,Male,99.5182876586914,SURPRISED
3a6af0c9-5319-4227-8124-ab9838f56ad9.jpg,16,28,False,65.8580551147461,Female,61.12149429321289,HAPPY
3af821a8-4d5e-4fbe-84ec-e04b07b1c62b.jpg,23,35,True,99.84573364257812,Female,99.6882553100586,HAPPY
3b073ca4-73a5-4c62-b559-22a15a0e6b71.jpg,15,27,True,99.71985626220703,Male,86.82958984375,HAPPY
3b110393-9bc2-44a2-9133-e5ccd3e78ee3.jpg,22,34,False,52.737796783447266,Female,54.992366790771484,CALM
3b27ada3-0667-4f28-93b0-b59ceff25fb1.jpg,32,48,False,54.28788757324219,Male,53.03443145751953,SAD
3b53dc0a-f603-45d7-80d5-e2f6ad970b15.jpg,12,22,False,96.95075988769531,Female,99.56692504882812,CALM
3bb5b4d1-dc25-4851-9cba-65525eb6b307.jpg,22,34,True,54.531246185302734,Male,54.557411193847656,HAPPY
3c0b40e6-e6a6-4cfc-b159-5e00b9f7f340.jpg,32,48,True,99.88125610351562,Female,99.02734375,HAPPY
3c9c7bf0-2140-4e86-9fcd-351fccb7479d.jpg,13,23,True,54.89985275268555,Female,54.91881561279297,HAPPY
3cc56b23-0380-45de-bb5b-b907cf4af2c1.jpg,12,22,True,95.95352935791016,Female,99.98329162597656,HAPPY
3d5c8057-6942-4be9-aab1-7c43c098997e.jpg,31,47,False,53.13106918334961,Male,50.27962875366211,SAD
3d5edf9c-6cfe-4997-b9d8-f30bb3e702be.jpg,22,34,True,92.7502670288086,Female,98.51239013671875,HAPPY
3d8618d5-f41a-45a6-bd4a-17f543854db5.jpg,22,34,True,99.21691131591797,Female,98.90803527832031,HAPPY
3db2137a-ee14-4a92-a01f-48a46e744af3.jpg,31,47,True,96.00299072265625,Female,99.71495056152344,HAPPY
3e2ab2c3-92cf-41ed-a89c-71905e1a8209.jpg,28,44,False,98.69441223144531,Male,97.58538818359375,SAD
3e7f48e4-e6e3-48b5-92ae-9d4a93bd397a.jpg,30,46,True,79.843505859375,Male,99.73003387451172,HAPPY
3fadded3-2467-4249-a575-988f3acea85e.jpg,23,35,True,98.3880844116211,Male,98.85252380371094,HAPPY
4007e80c-35eb-4a72-953b-8977acee55ae.jpg,39,57,True,97.60885620117188,Male,97.78997802734375,HAPPY
4093af40-d964-4886-bae6-28c2d0717b92.jpg,13,25,False,62.896854400634766,Male,99.20369720458984,HAPPY
40b01908-d4a2-42e7-ae78-6d3f58f43e38.jpg,13,25,True,95.90066528320312,Female,99.97480773925781,HAPPY
40fd03ca-130b-43f7-ab6a-c7a6312a7a26.jpg,22,34,False,92.20140075683594,Male,97.8749008178711,CALM
4100bcfb-fc15-4ae2-a946-3f038f254be8.jpg,13,25,True,50.082252502441406,Female,99.48240661621094,HAPPY
4118efef-39bd-4904-be1a-9bc9b776c7a9.jpg,26,42,True,97.32775115966797,Female,99.66301727294922,HAPPY
4121f657-e120-45af-9309-aee8c1b5dd42.jpg,17,29,False,96.23933410644531,Female,54.73454666137695,CALM
415141d6-c9ee-4eb5-865a-99cac098dcf1.jpg,29,45,False,87.68807983398438,Male,99.7824935913086,CALM
4157a660-093c-4129-9ebd-9055b550f0d9.jpg,22,34,True,99.71231842041016,Male,99.96186828613281,HAPPY
417f1b20-b06b-4888-aa8a-6d37b71bf046.jpg,22,34,False,53.58527755737305,Male,52.83636474609375,ANGRY
418784dd-1480-476d-a66b-596f2d0318f6.jpg,22,34,True,92.79412841796875,Male,96.64215087890625,HAPPY
41949047-c634-4e6d-a38a-6c95b8885a18.jpg,22,34,False,99.09358215332031,Female,98.54666900634766,CALM
41cad6d0-db72-42ce-b110-5b8c93bac1f7.jpg,24,38,True,94.29781341552734,Male,97.6163330078125,HAPPY
41d985a0-50e1-49da-83c0-07eeab29aa11.jpg,13,23,False,99.75001525878906,Male,98.57308197021484,CALM
42737b50-145c-4a22-addf-3cbd2983b6fb.jpg,22,34,False,70.7251205444336,Male,98.84131622314453,HAPPY
42f3239f-4e87-4f63-9b42-d6d0309bd43d.jpg,20,32,True,82.40060424804688,Female,99.64208984375,HAPPY
44299cbf-117a-4716-bc48-07da76b1727c.jpg,40,58,True,54.646759033203125,Male,54.81426239013672,HAPPY
443c92da-9a0c-4e41-9493-bcb85ba70397.jpg,22,34,True,96.47257995605469,Female,97.03852081298828,HAPPY
445eb7ae-ae19-460b-b58f-7152ec2ef350.jpg,18,30,True,63.73832702636719,Female,97.08780670166016,HAPPY
44f229f3-9049-43d9-99be-d5575f883309.jpg,16,28,False,85.47097778320312,Female,99.91048431396484,CALM
459c0688-766b-4532-9b56-f337d1a6cec6.jpg,21,33,False,94.65080261230469,Female,52.28178024291992,CALM
45ae79f1-5ddb-4c9e-b3f3-b158cb7b3f48.jpg,22,34,True,93.56452941894531,Female,97.38845825195312,HAPPY
4603da36-8119-43c7-b3fa-dc764af3136a.jpg,22,34,True,93.9799575805664,Female,99.41102600097656,HAPPY
4651f4bd-9039-42a3-843e-4014902913e7.jpg,22,34,True,98.35118865966797,Female,99.62702941894531,HAPPY
4662fc43-e427-4b2b-881d-d60df3534ca0.jpg,32,48,True,87.0986557006836,Female,98.45626068115234,HAPPY
4705fa0b-a6c7-4095-b025-8b589c411a5a.jpg,22,34,False,93.0656967163086,Male,94.71302795410156,CALM
4736bf89-dd35-4184-8ab9-ae8d3eefd50a.jpg,23,37,True,99.95112609863281,Male,94.94142150878906,HAPPY
47e2d42c-3779-47ec-948f-854ebe219b6e.jpg,22,34,True,99.184814453125,Male,99.46883392333984,HAPPY
47fd921c-c17e-4e37-936f-935af3343650.jpg,22,34,False,80.55574798583984,Male,78.82945251464844,CALM
48939cb9-ae23-4022-8dc7-78a58580a542.jpg,14,26,False,98.37828063964844,Female,98.59645080566406,CALM
48e9e2bb-0a7e-439a-b3c2-4b2dda64b1de.jpg,21,33,True,73.88949584960938,Male,98.05933380126953,HAPPY
48eabece-a10a-4a48-8a64-3e7f29504b03.jpg,42,60,True,99.70317077636719,Female,99.32686614990234,HAPPY
48f55ecc-1c5d-4609-ad19-5e8238fc0da7.jpg,24,38,False,71.3425064086914,Female,98.9715347290039,HAPPY
495772cc-d716-49fc-b438-a7523f630e91.jpg,18,30,True,82.4690170288086,Male,98.12260437011719,HAPPY
49eb67c1-0892-4b23-ad41-398f1164d02c.jpg,11,21,False,96.45878601074219,Male,99.76374816894531,CALM
4a3e1ebb-43d5-4cbf-a68e-eef754456da3.jpg,22,34,True,96.83280944824219,Male,96.9896469116211,HAPPY
4a97dd72-12d7-441f-8938-eb717e71aab7.jpg,12,22,True,86.4576416015625,Female,98.4411849975586,HAPPY
4aac80d1-ca68-4b55-a86b-5ed0d0bcf633.jpg,33,49,True,90.44002532958984,Male,98.68031311035156,HAPPY
4b2c1c3f-0db9-4c09-af9a-c189ac15314a.jpg,22,34,False,99.63516235351562,Male,97.64733123779297,CALM
4b37be7d-f4fc-4674-9128-347ecbbf287c.jpg,36,52,False,57.915531158447266,Female,99.86334228515625,HAPPY
4b624c03-7943-423c-85f9-404e52c27783.jpg,22,34,True,92.08318328857422,Female,99.57579040527344,HAPPY
4ba01b92-cb95-4417-8a14-554aac8467df.jpg,31,47,False,97.47042083740234,Female,54.484981536865234,SAD
4c261f77-b2fa-468a-9287-ca6bd7db814c.jpg,22,34,True,99.20807647705078,Female,99.00358581542969,HAPPY
4db1d102-90f7-41e2-a5c6-ae5fb68caa88.jpg,36,54,True,99.93209838867188,Male,98.96107482910156,HAPPY
4dc15c5d-b4c6-48b7-9760-943044c8691d.jpg,22,34,False,50.48598098754883,Male,98.69824981689453,HAPPY
4de7eae6-b4a2-4fb0-9993-281261b5259a.jpg,22,34,False,97.57971954345703,Male,94.78894805908203,CALM
4ef53fba-51c0-47f9-9e3c-a27691fd5ed4.jpg,16,28,True,99.67893981933594,Male,93.05410766601562,HAPPY
4ef8282a-cd1d-48e0-82b6-5f864a4b3fe0.jpg,24,38,True,96.78955078125,Male,93.33720397949219,HAPPY
4f05ca3b-883f-4bcd-b691-55928d9eae4f.jpg,13,23,True,99.70205688476562,Female,99.4868392944336,HAPPY
4f14de33-3f20-4126-975a-62d50c548da4.jpg,22,34,True,90.28246307373047,Male,98.29936981201172,HAPPY
4f8a6cc6-5128-49e7-bc53-7dae70a11a98.jpg,17,29,True,99.48638153076172,Male,98.5704116821289,HAPPY
4f8c29ac-1e93-4001-8a15-de437fef64e4.jpg,18,30,False,98.16368865966797,Female,56.307411193847656,CALM
4f9045cf-04cf-4b1b-a1b2-5f102d96adbe.jpg,13,23,False,98.531005859375,Female,97.51680755615234,CALM
4fa02ad8-a0b3-438a-ba42-bcf456e5079f.jpg,44,62,True,98.29655456542969,Male,99.02002716064453,HAPPY
4fae13f1-12cc-420e-85ec-d7ff6745e00d.jpg,24,38,True,98.0560073852539,Male,97.49073028564453,HAPPY
4fc37631-6848-4371-9d85-262f64770852.jpg,51,69,False,99.14646911621094,Male,99.29720306396484,CALM
505dde74-9c4e-4724-bdfd-a401e57bd7b2.jpg,22,34,False,89.5946044921875,Female,98.19410705566406,CALM
50afa035-bf1c-4ce4-baec-a161504d9afe.jpg,23,35,True,93.0123062133789,Female,99.67898559570312,HAPPY
50b905d7-16b9-4300-8eeb-916804844f6e.jpg,33,49,False,87.40473175048828,Male,99.04277801513672,CALM
50f74f0d-6876-4dfe-97db-783c6915348a.jpg,23,37,False,52.011173248291016,Female,50.64308547973633,FEAR
5121370f-b2a8-4be5-8e0b-650899b9e77c.jpg,22,34,False,50.4720458984375,Female,50.29627227783203,CALM
51459172-8134-4b69-9c00-ef64742f0d8c.jpg,19,31,False,98.6460952758789,Female,99.90900421142578,CALM
51542629-e27f-427f-a6dd-ad6e6246f358.jpg,36,52,True,55.45085525512695,Male,99.50851440429688,HAPPY
517eef75-97e1-48e4-95be-7a149fad347f.jpg,22,34,True,99.52222442626953,Male,97.73255920410156,HAPPY
51bd2cfa-22aa-4e70-ac73-4e6a4ad4fe96.jpg,31,47,True,54.320037841796875,Male,54.947452545166016,HAPPY
51c621ed-f1dc-4f69-bb60-f7fb8885a271.jpg,26,40,True,53.99868392944336,Male,54.94640350341797,HAPPY
51df3023-c927-4054-ad28-67db7c3ad8df.jpg,13,23,False,90.16789245605469,Male,98.94515991210938,CALM
52809081-2423-498a-8c4f-c9a9ee3ddc04.jpg,25,39,True,98.44386291503906,Male,92.82974243164062,HAPPY
52936e25-a156-41e7-a574-18b9b777e062.jpg,22,34,False,60.159706115722656,Female,93.31982421875,HAPPY
529f6611-d0da-4032-91c2-bb504a84ff79.jpg,22,34,False,99.5959701538086,Female,99.87821960449219,CALM
533804e2-d5a7-49e5-8293-f5af32de56e1.jpg,22,34,True,99.58930206298828,Female,99.9513168334961,HAPPY
53c18deb-e885-4447-9905-321ce9920cbe.jpg,10,20,False,52.56617736816406,Female,53.875667572021484,ANGRY
53c587bd-461f-464f-bc83-46ed71ffb4f7.jpg,32,48,True,99.40505981445312,Male,96.46256256103516,HAPPY
53de4f9c-09d4-41d0-8aeb-a490d89e4578.jpg,31,47,True,99.80519104003906,Male,95.15889739990234,HAPPY
5406c763-72eb-479a-9330-e50251eea12b.jpg,21,33,True,93.7287826538086,Female,99.95850372314453,HAPPY
540a8eaa-f590-46d2-8456-fa4c3ca50d13.jpg,23,35,True,80.28135681152344,Male,94.29637145996094,HAPPY
54443b28-799b-4520-833a-a3650b19799c.jpg,18,30,True,99.45314025878906,Female,99.47315216064453,HAPPY
54491f67-40e3-4b6d-a19e-40c86f3e5f81.jpg,26,40,True,97.56761932373047,Male,97.74324798583984,HAPPY
5477d977-4382-48c1-abbb-e74b54dab720.jpg,22,34,True,82.16459655761719,Male,99.32232666015625,HAPPY
553305d1-cb68-4b61-9b9d-08d8e1622f9e.jpg,16,28,False,96.22034454345703,Female,99.34992218017578,CALM
555c0aa6-4b74-4ef1-9177-373047b363be.jpg,21,33,False,93.28105163574219,Male,87.75716400146484,CALM
55ad70e1-4b91-47ef-9d2f-b6ad4c1f430e.jpg,16,28,False,99.2010269165039,Male,94.71373748779297,CALM
55f67d2e-a382-46d6-b774-3c717df101fc.jpg,23,35,True,99.96649932861328,Male,98.84957885742188,HAPPY
561c9d70-fc66-4f9e-9fef-cbb3bdbb1fc3.jpg,22,34,True,99.38116455078125,Male,99.87248992919922,HAPPY
562abaa1-d55f-4cde-8ade-886d944dd8f0.jpg,22,34,True,99.76192474365234,Male,96.99047088623047,HAPPY
5646726f-078c-4276-98f5-bbd0cbb3acf4.jpg,32,48,True,90.60050201416016,Female,99.81421661376953,HAPPY
56c90980-693d-4086-b225-be1b76d2ce5f.jpg,12,22,False,82.49837493896484,Female,94.06356048583984,CALM
57111de2-075d-4ce9-b0e0-c201fe9c41c2.jpg,22,34,False,54.153263092041016,Male,54.99018859863281,SURPRISED
579ed0d4-91ff-4bf1-b9f8-1c6f499df634.jpg,34,50,False,95.54656982421875,Male,99.0789794921875,CALM
58054b47-a535-44b5-89bd-f279a3173024.jpg,34,50,False,99.80322265625,Male,99.49012756347656,CALM
5848b410-1323-47c3-b2d2-1bfef4e228b9.jpg,27,43,False,50.75565719604492,Male,54.7679557800293,HAPPY
586df29d-2f77-4c13-8e13-fd68f7fd4af6.jpg,22,34,True,97.4653091430664,Female,99.97090911865234,HAPPY
5918d6c4-62ba-4a0b-ab30-83a9779679a6.jpg,29,45,True,96.12836456298828,Male,86.90633392333984,HAPPY
594854b6-7157-4ff5-8168-2e48b7b28a3a.jpg,33,49,True,99.44684600830078,Female,99.47557067871094,HAPPY
59bd5963-fd4b-4896-9fdd-dcfe8a560ca4.jpg,28,44,True,98.87680053710938,Female,99.38546752929688,HAPPY
59bead1f-e283-4ff4-a8ca-8138cc1a01b2.jpg,22,34,False,89.90193939208984,Male,98.64320373535156,CALM
59d510c2-cf9d-45f5-a10e-a36e3d8b17dd.jpg,15,27,False,79.67082977294922,Female,97.93644714355469,SAD
5ab38867-10dc-4d15-a7e0-a970fdf4a740.jpg,22,34,False,88.4743423461914,Male,99.8592529296875,CALM
5ae378d2-3027-42fc-95a2-de5f3c4d1c60.jpg,26,42,False,86.2514419555664,Male,98.62037658691406,CALM
5ae975c9-fe49-4445-87e1-5ff3b3bc8101.jpg,21,33,False,96.6629867553711,Male,98.80195617675781,FEAR
5b0678c4-7db8-435a-a4bc-466e871617bf.jpg,18,30,True,94.79702758789062,Male,99.15266418457031,HAPPY
5b669e6c-5269-4350-a988-7d9747ce12bb.jpg,23,35,True,99.54450225830078,Male,98.09317016601562,HAPPY
5b8102ea-b133-4f28-8488-8bc49f0671fa.jpg,23,35,False,98.99497985839844,Female,77.31532287597656,CALM
5b8535e1-d53f-46eb-815f-7d751e10bc1c.jpg,22,34,True,99.96358489990234,Male,99.94132995605469,HAPPY
5b9827ea-cddf-4515-860f-1eaf7fb7c259.jpg,13,25,False,92.49778747558594,Female,99.77642059326172,CALM
5be457dd-16dc-486f-afc1-a13db5630850.jpg,54,72,False,99.771240234375,Male,86.94693756103516,CALM
5c0acb8f-8c73-4569-8340-708d58dff71a.jpg,22,34,True,97.04090118408203,Male,93.16792297363281,HAPPY
5c11e77b-33f3-4f65-bd47-9176fa8aa226.jpg,38,56,True,93.8192367553711,Male,96.68196105957031,HAPPY
5c3fb2c4-2672-4421-a639-0ec2f6dfd163.jpg,22,34,False,71.74620819091797,Male,95.8572006225586,CALM
5c6a9e93-c8e9-4ec1-963b-6f74c65f9f26.jpg,25,39,True,54.59549331665039,Male,54.45033264160156,HAPPY
5c6cd67d-d6fb-4647-807c-acfbf71ed4f6.jpg,29,45,False,98.7771224975586,Male,98.54412841796875,CALM
5d02487b-7391-4ac4-b07b-427892136d2a.jpg,22,34,True,99.87794494628906,Female,99.90133666992188,HAPPY
5d1edddd-eaa4-4302-94f4-56b9aa0166cd.jpg,12,22,False,92.8673324584961,Female,99.87483978271484,FEAR
5d396fbd-1572-470c-b130-8363921e7652.jpg,23,35,False,90.67913055419922,Female,99.39458465576172,CALM
5d8597e2-8a01-4541-9385-60b6984b0abd.jpg,31,47,True,96.1856460571289,Male,86.74620056152344,HAPPY
5db8450c-382d-4b72-a7d6-00af48cf3c99.jpg,22,34,False,99.53153991699219,Female,54.04795837402344,CALM
5dc8fb4d-3f56-4e3f-91dc-4df9d335f31e.jpg,13,25,True,91.79349517822266,Male,96.44174194335938,HAPPY
5e1940da-f67a-44d1-9449-1b727bccae9b.jpg,52,70,False,99.96742248535156,Female,92.43901824951172,CALM
5e1f95a1-6512-46c3-9b7a-ae9a47d25388.jpg,39,57,False,99.5495376586914,Male,99.3652114868164,CONFUSED
5ebd8215-05e1-423e-887e-96f2c4f46a2b.jpg,24,38,False,85.1242904663086,Male,93.05103302001953,CALM
5f3ed689-3c30-456e-b23b-a30c59b03bcd.jpg,22,34,True,99.6225814819336,Female,99.57015991210938,HAPPY
5f53d583-66ab-4a32-9d1c-bb670e34fe39.jpg,32,48,True,95.25900268554688,Male,95.9837646484375,HAPPY
5fb18237-6d02-4432-864e-b6847a5e417e.jpg,23,35,True,99.8597412109375,Female,99.8823013305664,HAPPY
5fca96bb-6dda-4fe1-ae53-4416ea78ca6f.jpg,20,32,False,91.47737884521484,Female,64.13744354248047,CALM
6029c039-5aaa-43bd-a248-498ecc7b8c66.jpg,21,33,True,98.27002716064453,Male,98.57589721679688,HAPPY
60991308-d2d6-4003-ba2b-28017e26c99a.jpg,23,35,True,97.99457550048828,Male,91.11701965332031,HAPPY
60cd14e3-0eac-4608-8b68-a1e35edeb513.jpg,21,33,False,96.20897674560547,Female,98.03094482421875,CALM
6255738f-7b25-4616-bcef-0e3cd7342901.jpg,38,56,False,66.53401947021484,Female,99.16366577148438,CALM
62984cc3-da9f-40e9-b0c6-20fa007bd54e.jpg,26,42,True,71.84534454345703,Female,99.87067413330078,HAPPY
62d36c25-8e5e-4117-b2c9-ac85dddea618.jpg,22,34,False,87.64270782470703,Male,99.68045806884766,CALM
6331285e-b8bc-42f9-813d-045a90fe00fb.jpg,21,33,False,54.9933967590332,Male,54.857486724853516,CALM
636049a5-f03f-475b-8a73-9acb897f8c4c.jpg,23,35,False,50.488983154296875,Male,50.43381881713867,CALM
63b6b425-8df7-479f-a3a4-a4ab6054f3a7.jpg,11,21,False,92.3925552368164,Female,99.24236297607422,CALM
63e2e72a-5e8e-491e-9942-6deec69f8c54.jpg,20,32,True,83.97811889648438,Male,99.35295104980469,HAPPY
63fba019-6511-4793-abe6-a199a763ff8a.jpg,17,29,True,80.79305267333984,Female,86.2838363647461,HAPPY
6417ad2e-c6db-4574-a64d-58caffb05e01.jpg,18,30,True,95.6240463256836,Female,99.62759399414062,HAPPY
64432d99-abaa-45f1-b1d1-d4c8aaae35d8.jpg,2,8,False,99.54721069335938,Female,95.23860931396484,CONFUSED
64885c11-964b-45e8-b9b4-ceb22b1cb56a.jpg,19,31,True,96.4703140258789,Female,98.94685363769531,HAPPY
64f558aa-c988-4e0f-8381-ce29b9d25ed3.jpg,22,34,True,99.8454818725586,Female,99.8548355102539,HAPPY
65d662a8-a7cb-4604-9cae-4418c762912c.jpg,26,42,True,53.359710693359375,Male,54.39546203613281,HAPPY
6691a78e-e35f-4a8d-bd1d-a76d5e68a386.jpg,32,48,True,63.38384246826172,Male,99.87593078613281,HAPPY
6715b099-67aa-4e46-b9e2-4c243a084698.jpg,22,34,True,96.40070343017578,Female,78.68987274169922,HAPPY
6746d2ec-94be-49a3-98fe-7b3880d0f3b0.jpg,23,35,True,99.65592956542969,Female,99.45848083496094,HAPPY
675ef9aa-5b46-4620-829c-0227b92fd655.jpg,7,17,True,65.63953399658203,Female,99.34007263183594,HAPPY
67837536-f399-4db6-8967-2213ffd918a6.jpg,38,56,False,64.20938110351562,Female,97.96151733398438,HAPPY
67e9f325-0786-40dd-a017-6d75c1767d49.jpg,22,34,True,95.79707336425781,Female,99.85066986083984,HAPPY
67ff3852-9858-40ba-8b9c-d50deea5a70b.jpg,22,34,False,94.88087463378906,Male,99.63764953613281,SURPRISED
682bf18a-02fd-4503-8ec7-c79020765d1e.jpg,36,52,True,97.47651672363281,Male,99.48079681396484,HAPPY
6835cb14-5ac2-4846-9255-e0032a3a1252.jpg,41,59,True,99.42682647705078,Male,99.48326873779297,HAPPY
689346ac-db96-4599-81cb-06968ede2aef.jpg,26,42,True,75.4668960571289,Female,98.05197143554688,HAPPY
695e4ec2-3f03-4c02-8d63-bff32d8a6a87.jpg,26,42,False,72.26292419433594,Male,94.73587036132812,FEAR
6978da01-672b-4fa6-9637-05b35a2c1e03.jpg,44,62,True,83.31544494628906,Male,99.4572525024414,HAPPY
69d9106a-a6e1-4418-80b3-84fd6c66f61e.jpg,12,22,False,98.85671997070312,Female,97.02626037597656,CALM
6a267584-60b4-468e-b5e0-11748a374d30.jpg,23,35,True,99.85773468017578,Female,99.82298278808594,HAPPY
6aca1e88-1447-4380-b750-4c9b50f758d1.jpg,22,34,True,95.0593490600586,Female,99.79949188232422,HAPPY
6b040139-6409-47da-8ac9-b0764b9596cd.jpg,20,32,False,98.0024642944336,Male,94.93376922607422,CALM
6b41fc6b-23f6-4845-978d-91e9246b02d5.jpg,22,34,False,95.26463317871094,Male,96.47575378417969,SURPRISED
6b609eb9-3612-418a-acd7-872a8e6f01f3.jpg,36,54,True,51.071983337402344,Male,54.739051818847656,HAPPY
6bd6fb3e-951e-4468-86e8-a0af185a8420.jpg,24,38,True,76.36031341552734,Male,97.726318359375,HAPPY
6cb72dc6-750b-41cf-9b21-7109e25ddef9.jpg,9,19,False,98.92361450195312,Female,97.94490051269531,CALM
6ccb8cb4-c8a7-4715-85b5-a89a3e9def40.jpg,38,56,False,93.42440032958984,Female,98.68647766113281,SAD
6d630bac-c990-4e9d-9b70-919191a10a22.jpg,30,46,True,99.88259887695312,Female,99.42156982421875,HAPPY
6e2deed1-1d91-4a5f-9b7a-3cb777384ae3.jpg,22,34,False,95.75115203857422,Male,99.60761260986328,CALM
6e38bfa8-b886-4fed-a817-b4c7a4514918.jpg,22,34,True,99.73719024658203,Female,99.8935775756836,HAPPY
6e6de3ed-1d18-4120-8beb-0d1e1ef3c9ad.jpg,20,32,True,99.58065795898438,Female,99.81298828125,HAPPY
6ebe2ff3-b70b-48f3-b782-1a92401faccd.jpg,21,33,False,53.710357666015625,Male,53.835880279541016,ANGRY
6ee0c3fb-a63a-4523-93fa-ff720a68aff1.jpg,12,22,True,92.92070007324219,Female,99.61074829101562,HAPPY
6ef1d930-d0fc-4c4f-aa42-c46433b5dc25.jpg,10,20,False,98.99563598632812,Female,99.81037139892578,CALM
6f1bd262-f093-448f-8bec-3b8ae97e852e.jpg,15,27,False,97.68331146240234,Male,93.73336029052734,CALM
6f477ba0-d382-470f-8056-ebe0a17eae21.jpg,29,45,False,50.476802825927734,Male,50.13182067871094,CALM
6f98abe7-d54b-42e1-ac97-148d237bd26b.jpg,13,23,False,94.5156021118164,Female,99.8888931274414,CALM
6ffdca75-d33b-44d8-be53-6811a8946f46.jpg,22,34,True,99.55347442626953,Male,99.36388397216797,HAPPY
70896f58-ac70-4ea4-9eb5-35d39b31d67d.jpg,22,34,False,98.56647491455078,Female,99.57145690917969,FEAR
70d5f37c-5a4b-4aca-81a3-79f4beea3f04.jpg,22,34,False,54.82636642456055,Female,50.92698287963867,SAD
7160c5fd-35fd-4079-85ac-631a42f53dcb.jpg,22,34,False,87.29993438720703,Female,99.71002960205078,CALM
717f9700-4cd2-4eaf-8bec-496ce3dda26b.jpg,33,49,True,97.14418029785156,Male,99.96353149414062,HAPPY
71f52d0f-1954-4820-9a91-1ff9eddf9128.jpg,12,22,False,94.64949035644531,Female,99.20162200927734,CALM
720b613f-7bbd-4499-884f-52725cf8e98a.jpg,17,29,True,99.93573760986328,Female,99.83522033691406,HAPPY
731260b5-8a44-42d0-aa90-73a6266a06cc.jpg,22,34,True,53.0235595703125,Female,54.639156341552734,HAPPY
7319c399-5721-4574-a872-7441deb8b875.jpg,22,34,True,99.32003784179688,Female,98.4140853881836,HAPPY
732e44b9-136e-4a30-bfcd-59fbc9607713.jpg,23,37,True,99.9895248413086,Female,99.90169525146484,HAPPY
7349888a-2513-4cee-a5e2-7ebc5704fa37.jpg,9,19,False,95.86022186279297,Female,51.344459533691406,ANGRY
735e0790-3502-4ef8-84a3-90bed93cc4c0.jpg,22,34,True,99.6458740234375,Female,98.24202728271484,HAPPY
7392aa9d-eb7c-4f21-b706-1646ff84c878.jpg,21,33,True,99.03982543945312,Female,99.14823150634766,HAPPY
73a63e21-de3e-4ba0-9028-a5461a6b9b88.jpg,25,39,True,91.57953643798828,Female,99.82393646240234,HAPPY
73f9638d-e2f4-472a-a412-b99b1a299559.jpg,22,34,True,93.72188568115234,Male,82.7405776977539,HAPPY
749ab52a-b03b-4701-a232-dc3cebeae3ac.jpg,21,33,True,99.09431457519531,Female,98.84408569335938,HAPPY
750f8086-7fc0-43aa-a94e-bd8bb1f1b76f.jpg,27,43,False,51.90433120727539,Male,52.33229446411133,FEAR
75892acf-abb3-40d5-935c-a00139112b79.jpg,33,49,True,99.04886627197266,Male,96.70650482177734,HAPPY
7670e99d-513f-4c52-b919-61ac27b9f422.jpg,18,30,True,99.92079162597656,Female,99.62871551513672,HAPPY
768dd02f-2978-4310-bacc-031c0a47718d.jpg,22,34,False,94.69702911376953,Male,99.10111236572266,CALM
77209677-36ae-4c56-9d77-7d577f181ec7.jpg,22,34,True,98.71088409423828,Female,99.86280059814453,HAPPY
772a5a89-71f0-4e33-b247-a4f0e712ea1d.jpg,18,30,False,99.48545837402344,Female,98.51800537109375,CALM
773ec812-ae7a-43bb-93ca-0031c7a6557f.jpg,12,22,False,99.07964324951172,Female,99.87181854248047,CALM
776e642e-c16a-4b23-baf0-179b7972fefd.jpg,13,25,True,96.11901092529297,Female,99.46764373779297,HAPPY
777ad436-94f3-4bfe-ac02-9b90283c4e16.jpg,29,45,True,54.787109375,Female,54.83914566040039,HAPPY
7788c67c-fb50-453d-ad39-23a0559d28af.jpg,16,28,True,99.77223205566406,Female,99.76517486572266,HAPPY
77944daf-3ec4-4a0c-aa49-79275542dd75.jpg,20,32,False,78.51718139648438,Male,98.87732696533203,CALM
77ab4d00-d781-4021-9e86-287d0209f927.jpg,22,34,False,98.44160461425781,Female,98.65454864501953,CONFUSED
77ccd303-5bd5-46a7-a6cb-3da8c2003a64.jpg,20,32,False,98.67626190185547,Male,81.77831268310547,CALM
77ff17e5-2eef-43de-bd82-9fcdcab77ac3.jpg,22,34,True,99.72676086425781,Female,99.41053771972656,HAPPY
7867ad28-fd77-4aa2-a5a2-121ad1c5a44a.jpg,9,19,True,99.42659759521484,Female,98.21792602539062,HAPPY
78791dfe-a019-479d-961b-853eaeb15b21.jpg,30,46,True,94.57312774658203,Male,98.3936996459961,HAPPY
7880968d-a893-41cd-a124-bdeca0cd1508.jpg,22,34,True,99.54345703125,Male,96.79324340820312,HAPPY
78b9b984-e7e8-4306-937d-a5503f131905.jpg,22,34,True,95.8676986694336,Female,98.52388000488281,HAPPY
78f9ef7b-f940-4bf5-b175-c74d74571145.jpg,29,45,True,84.19397735595703,Female,99.84404754638672,HAPPY
792f473f-d02a-45f1-84ff-a0c8d855d7e4.jpg,22,34,False,98.99542236328125,Male,98.42473602294922,CALM
79df3240-61d9-435b-a423-ad289c14b406.jpg,19,31,True,99.18982696533203,Female,99.09506225585938,HAPPY
7a698dd5-e7cf-4bb7-b698-0209abdb34ab.jpg,12,22,False,96.1427993774414,Female,98.98066711425781,CALM
7abdbeac-c60d-4e1f-a17b-c5a3b2490298.jpg,24,38,False,99.38044738769531,Male,99.8511962890625,CALM
7bba0960-0e52-43bb-af9a-ece8defcdc90.jpg,25,39,True,65.18215942382812,Female,99.3496322631836,HAPPY
7c3187a4-5532-4724-9a22-192e3c977c93.jpg,39,57,True,99.7455062866211,Male,96.4061508178711,HAPPY
7c443221-0735-4fff-8477-71cf573c3a92.jpg,21,33,True,99.58671569824219,Female,98.40716552734375,HAPPY
7c48ec80-be76-4c78-a500-cbfd461421f8.jpg,23,37,False,98.22917175292969,Female,77.19331359863281,FEAR
7c4c33e0-e3a3-4fda-8795-1f9d41dfb4c4.jpg,22,34,True,98.29214477539062,Female,99.95729064941406,HAPPY
7c5a7d7d-5ae8-4a0c-a3dc-de161f676504.jpg,23,35,True,99.93814086914062,Male,99.55874633789062,HAPPY
7caae8b2-57a2-4ea2-b894-7c5adc96b221.jpg,7,17,False,98.34123229980469,Female,96.78187561035156,CALM
7d1ecd46-921c-4a37-a4b7-a0669603f08f.jpg,22,34,False,99.89972686767578,Male,99.68655395507812,CALM
7d4e2203-835f-43bd-a7c5-e9530a659e10.jpg,18,30,True,99.77642059326172,Female,99.78216552734375,HAPPY
7dbdf2e0-1ae9-412b-a119-2d9517b9bfd6.jpg,32,48,True,86.6017837524414,Male,95.90094757080078,HAPPY
7e165b55-a364-42f1-9a46-6fe816101105.jpg,5,15,False,98.05628967285156,Female,98.68746185302734,CALM
7e2fa6b9-29a0-4608-ac1d-9e9afedd8f5e.jpg,14,26,True,54.89624786376953,Male,52.91216278076172,HAPPY
7fbbcc44-fa3a-43f1-93c8-01f12ef872cb.jpg,27,43,False,54.98923110961914,Male,54.968536376953125,CALM
805f09e6-7d8d-43d0-b7ad-4328e069acf5.jpg,15,27,True,98.8048095703125,Female,99.79792022705078,HAPPY
80bea4d9-7713-4711-9839-9c8528c26ba9.jpg,24,38,False,99.91710662841797,Female,97.87252807617188,CALM
80fb78fa-71f9-4784-8726-dee0de14a26a.jpg,27,43,False,52.369468688964844,Male,54.99333190917969,HAPPY
811b0683-ed35-47da-8106-5ce70c2b5fdc.jpg,33,49,True,87.46463775634766,Female,93.82977294921875,HAPPY
816fac94-c7e0-492e-a40d-d903b7aac306.jpg,15,27,False,99.4969253540039,Female,99.71731567382812,CALM
8182f352-b813-4306-a187-26fb2d5baab4.jpg,25,39,True,67.21260833740234,Female,99.16090393066406,HAPPY
820e80d2-bcf5-4825-99d6-c1efcb4d82d8.jpg,35,51,False,90.0490951538086,Female,50.083560943603516,CALM
823a3099-e5ad-462d-ae5a-79f714bb8700.jpg,12,22,True,54.78675842285156,Female,54.88737869262695,HAPPY
82e50fa7-2d8a-435f-8e29-fad468cf80a9.jpg,24,38,False,95.92330169677734,Female,99.00639343261719,CALM
8357ec2e-5b35-4a5c-b64a-db9332a52969.jpg,25,39,True,67.05724334716797,Male,99.49844360351562,HAPPY
83d0ee45-57f7-4f78-8205-f58ca8df2685.jpg,24,38,True,98.36174011230469,Female,87.8066635131836,HAPPY
845304ae-7fed-4ba5-92b1-ba913d4351cf.jpg,13,25,False,80.056396484375,Male,85.81803894042969,ANGRY
84c34533-0aca-47ea-9075-41e49306c44b.jpg,28,44,True,83.82522583007812,Female,91.94383239746094,HAPPY
84c7d5bc-8970-4db7-b6c7-91d6477235fe.jpg,34,50,True,52.06349563598633,Male,54.3680534362793,HAPPY
8594d560-f500-4ff5-bc14-24c1a385acd6.jpg,12,22,True,87.25106811523438,Female,98.86620330810547,HAPPY
862d3b74-e10f-4cd1-aae9-e910f52e89f7.jpg,46,64,False,95.22080993652344,Male,80.59335327148438,CALM
8632a214-e69f-47f4-8c07-a77135e42e0e.jpg,22,34,True,99.77883911132812,Female,96.74066925048828,HAPPY
8692ccfe-8ebd-4197-a957-fdf4b2a11d56.jpg,2,8,False,98.00032043457031,Female,93.91172790527344,CALM
86d44bd1-0a23-437a-9a01-8bcb880baf78.jpg,13,23,False,92.02058410644531,Female,99.45732879638672,CALM
86f5ff54-70eb-4c63-beed-834e9bfe8011.jpg,22,34,False,79.3127212524414,Male,99.30113220214844,CALM
874167f1-8c79-4cf7-a088-f1f91d396057.jpg,23,37,True,99.9503402709961,Female,98.67838287353516,HAPPY
87a241e4-a427-436e-b6a7-6cd14602faba.jpg,20,32,False,97.17294311523438,Male,98.91610717773438,CALM
87b1630a-d6cc-4bd2-9928-77d4144f9cf9.jpg,23,37,True,93.99947357177734,Male,99.71141052246094,HAPPY
8894926e-d16e-45de-8e08-956c14e57c39.jpg,24,38,False,99.58967590332031,Male,98.08706665039062,CALM
889f7c88-e97d-4410-8a14-1eb77a21bb32.jpg,22,34,True,52.50888442993164,Female,54.854331970214844,HAPPY
89e6af61-a43c-4971-a168-fd03b7b08d68.jpg,22,34,True,99.6504898071289,Male,97.20904541015625,HAPPY
8a950440-9b2f-4805-a9ad-396734fb935a.jpg,21,33,False,95.70283508300781,Male,98.89784240722656,CONFUSED
8aad9c5e-8406-4f66-a03a-684ca78f829f.jpg,24,38,True,98.02288055419922,Female,99.85355377197266,HAPPY
8b7c2176-cc5b-42e5-9dc9-909c1426c686.jpg,12,22,False,99.02449035644531,Female,99.8390121459961,CALM
8c071866-4164-436d-8b84-0b91413c30c7.jpg,25,39,False,99.21044921875,Male,55.80803298950195,CALM
8c081c85-93f2-45f0-a3ac-fe3920310557.jpg,17,29,False,94.31502532958984,Male,83.33136749267578,SURPRISED
8d104fe3-5ae8-46d7-be4e-af38199d8311.jpg,27,43,True,99.0068359375,Male,97.9962387084961,HAPPY
8d3453f1-ec73-49d3-9c6b-a49b542dec22.jpg,22,34,False,97.6911849975586,Male,91.65593719482422,CALM
8d4b849d-8a52-4e89-9aa5-a4344a3317f5.jpg,16,28,True,98.83667755126953,Male,93.66017150878906,HAPPY
8d7ffe42-8585-495a-a5b9-4a2e08dd258b.jpg,42,60,True,99.93901062011719,Female,97.6117935180664,HAPPY
8e0152cf-a474-420e-ac81-c76c79dcfc3c.jpg,36,52,True,99.45331573486328,Female,83.07107543945312,HAPPY
8e2a718b-5af0-4cd6-9f67-52e318e352b3.jpg,22,34,True,97.89738464355469,Male,99.37401580810547,HAPPY
8e34a01c-7be7-4b00-a1c0-6e417d615b63.jpg,23,35,False,93.70399475097656,Female,64.41202545166016,CALM
8e893029-936a-401c-8c7a-98496cf6326e.jpg,51,69,False,92.66834259033203,Male,99.62948608398438,CALM
8e90cb60-457c-4f70-8527-935dc2bd9afc.jpg,23,37,True,88.75829315185547,Female,99.92365264892578,HAPPY
8ec64279-6808-439d-ade5-657c4918ace3.jpg,29,45,True,99.92818450927734,Female,99.5550537109375,HAPPY
8ec67449-9269-466a-a080-be45445ad4f4.jpg,24,38,True,95.84039306640625,Female,99.91081237792969,HAPPY
8ecc5b1e-56fe-4b48-86d6-49b9157d8b57.jpg,15,27,False,70.60415649414062,Female,99.17698669433594,HAPPY
8ee13041-926c-46f6-9d0c-16d748119cbb.jpg,26,40,True,67.19282531738281,Male,99.33414459228516,HAPPY
8eeec7d1-7cf2-4688-bc4b-ae84581ef7aa.jpg,13,25,False,99.11247253417969,Female,98.51173400878906,CALM
8ef7dec3-5b31-44e6-8ab7-e50b62b53103.jpg,32,48,True,54.65195846557617,Female,54.91924285888672,HAPPY
8f7bce10-9579-4a92-b0b2-bcf397486a3a.jpg,23,35,False,98.72809600830078,Male,92.9212417602539,CALM
8fcad019-093d-4ef6-8d12-2d1beb1d4ff8.jpg,26,40,True,98.95442962646484,Male,98.40853881835938,HAPPY
8fcf8b38-f617-437b-9f8b-34695820942d.jpg,21,33,False,69.0429916381836,Female,96.73331451416016,HAPPY
8ff2493d-a533-4e86-97e5-2f75461eec74.jpg,24,38,True,99.27984619140625,Male,99.42459106445312,HAPPY
8ff605b0-4445-4d30-9d9d-a5a5fc3fa939.jpg,39,57,True,90.53880310058594,Male,99.86598205566406,HAPPY
8ff65877-9fa0-413e-a163-9d343df300a5.jpg,12,22,True,89.58746337890625,Female,96.60718536376953,FEAR
900a3d3b-f66f-4d2b-b300-40358897d57b.jpg,22,34,True,93.92159271240234,Male,99.87966918945312,HAPPY
902231bb-64ed-4d7a-bd4f-8704885b9399.jpg,22,34,True,92.89718627929688,Male,99.74702453613281,HAPPY
904a7532-afcd-4820-b380-8cada2bb2b61.jpg,28,44,True,93.36046600341797,Male,94.23807525634766,HAPPY
90d5c506-50b7-449c-88ec-2d5249767ab7.jpg,39,57,False,75.16679382324219,Male,97.52098083496094,CALM
90e12f04-9a07-474d-8871-16fe5c0f7d6a.jpg,21,33,True,95.77063751220703,Male,98.76732635498047,HAPPY
910d234b-4abb-4dc8-b877-bf7d8c34fea9.jpg,31,47,True,99.32962036132812,Female,98.5377426147461,HAPPY
9139294f-e84f-4365-b73a-003b55054ede.jpg,5,15,True,97.13417053222656,Male,56.267845153808594,HAPPY
913fb6b6-9efa-4a5c-92de-99e5b6d7a8d4.jpg,19,31,False,53.51591110229492,Female,53.98445129394531,ANGRY
91dfe0de-184f-4e71-bd51-2a673b33e9a7.jpg,22,34,True,99.63243103027344,Female,99.77323913574219,HAPPY
9215da6a-36ee-4c01-a1bf-e51ad16a28a6.jpg,22,34,True,96.64409637451172,Male,99.84915924072266,HAPPY
928fe079-484e-43ba-a72e-f8f44976c42b.jpg,22,34,True,99.8104248046875,Female,99.95369720458984,HAPPY
92f25d97-01d7-4632-a6d5-251842790b08.jpg,12,22,True,90.30152893066406,Female,99.4826431274414,HAPPY
936f54a9-2231-4048-9d2f-59460d6c20b1.jpg,21,33,True,92.37482452392578,Female,99.58348083496094,HAPPY
93af2dd3-8936-459e-9b09-7aed95195805.jpg,32,48,True,96.08928680419922,Male,97.46666717529297,HAPPY
93f204ed-8f42-46f1-b722-67f8811ca671.jpg,12,22,False,99.87533569335938,Female,97.36062622070312,CALM
94c20686-1949-412f-969f-7201a9cbf7c2.jpg,23,35,True,99.92190551757812,Male,91.88067626953125,HAPPY
94d72bd4-eb64-4045-8dc2-8691fde87369.jpg,51,69,False,98.76045227050781,Male,98.96678161621094,CALM
95116d99-f536-43af-9088-6ef09c809c16.jpg,18,30,True,58.50236511230469,Female,99.48141479492188,HAPPY
951cdbe3-7bcb-4d29-9c1a-1adb168c07e0.jpg,22,34,False,98.82431030273438,Male,98.65403747558594,CALM
953ceb22-989e-42fc-86db-71f814438e36.jpg,19,31,False,94.89676666259766,Female,86.11234283447266,CALM
95f64ffd-82ff-4bba-8054-7546a5228ed4.jpg,27,43,False,76.73764038085938,Female,99.50389862060547,CALM
964a6f82-4f72-4eb8-9095-ac9b7844c6bf.jpg,22,34,True,53.59556579589844,Female,54.88405990600586,HAPPY
971e0c40-0028-4c25-85ec-c74e42ec6930.jpg,22,34,True,99.68187713623047,Male,98.55192565917969,HAPPY
97682fef-5c87-4928-a574-6a88a32ad9be.jpg,22,34,False,85.06346130371094,Female,98.59117126464844,CALM
981fff5a-0108-4d72-8eab-9af5facb5d93.jpg,23,35,False,54.55741882324219,Female,54.92783737182617,CALM
984141fc-c6db-4054-a584-53bf8a0ecc9a.jpg,22,34,True,96.11356353759766,Male,98.92011260986328,HAPPY
9858f7f1-7de1-482a-b5a2-59bf3c05ef5c.jpg,22,34,True,90.1811294555664,Male,99.55693054199219,HAPPY
98769266-fa99-462c-844a-4cb810d02fc0.jpg,13,23,True,98.99640655517578,Female,99.42607116699219,HAPPY
98bccba9-bb5f-4b49-aa84-33b89fa19525.jpg,50,68,True,98.37527465820312,Female,98.8634033203125,HAPPY
990bdcf9-725a-4207-8abb-d1ff54687453.jpg,12,22,True,66.36749267578125,Male,98.7905044555664,HAPPY
9953bbb3-4147-4e98-a00d-dd5e7899da08.jpg,21,33,False,98.08045959472656,Male,99.923583984375,CALM
99d0c881-0f33-469f-9a6b-13f3863d0c1e.jpg,22,34,True,99.58500671386719,Female,99.07894897460938,HAPPY
99e9754c-23b7-479f-be42-6ac4f59b234c.jpg,21,33,False,98.5396957397461,Female,98.9052505493164,FEAR
9a09a36d-bc5b-470a-8c86-1f71028a8449.jpg,23,35,True,99.68189239501953,Male,70.87429809570312,HAPPY
9a13c8aa-1d4e-4aa6-a7b8-eb0d00d1b669.jpg,14,26,False,74.7853775024414,Female,99.63843536376953,CALM
9a24c141-8007-487a-b03b-c7673c8824fa.jpg,22,34,False,99.8628158569336,Female,98.9303970336914,CALM
9b252cd5-334e-4618-a67c-78e25439e43b.jpg,13,25,True,99.83094024658203,Male,94.02069091796875,HAPPY
9b380d33-f757-4c82-b402-59022bc45b02.jpg,23,35,False,54.64860916137695,Male,96.53250122070312,HAPPY
9bc4cfab-7a17-433f-841b-afaa70d4e82a.jpg,22,34,False,99.00849914550781,Male,98.22406768798828,FEAR
9c164595-e559-4e11-9594-3334b088dd20.jpg,22,34,False,85.67484283447266,Female,98.4541015625,CALM
9c3e33e2-8a4f-485c-820f-4e2bf6738835.jpg,22,34,False,80.58570861816406,Female,99.91109466552734,CALM
9d3351ee-4204-4d0e-a790-cc0fbe2aa875.jpg,31,47,True,80.93456268310547,Female,98.90646362304688,SURPRISED
9d616da4-cf82-49b1-822f-61399313bd2d.jpg,9,19,False,97.88467407226562,Female,99.22489166259766,SAD
9d7f39d0-d1e0-4059-b14a-a26f13330420.jpg,22,34,True,91.2814712524414,Female,96.65858459472656,HAPPY
9dd3135f-e732-4587-8f4c-ea934ec1dc6c.jpg,12,22,False,98.50055694580078,Female,96.41102600097656,CALM
9de5ece6-b7c7-472f-b2e1-2c8225500c99.jpg,24,38,True,96.8056411743164,Female,99.07023620605469,HAPPY
9e52553c-d440-4794-b665-36e987be73e5.jpg,13,23,False,98.1932373046875,Female,94.19932556152344,SAD
9e7c0377-46de-430f-aa5b-2f1ca2b458cf.jpg,33,49,True,99.67875671386719,Male,89.69306182861328,HAPPY
9ee52a96-8a83-4ac5-9513-b36804113b32.jpg,23,35,False,54.48795700073242,Female,50.0473747253418,FEAR
9ee97b02-30ed-4aa3-92a5-50b9352091b3.jpg,17,29,False,60.2231559753418,Male,64.2433090209961,CALM
9f081838-c902-4608-8d01-bce01fe55b2c.jpg,21,33,False,95.06848907470703,Female,96.5863265991211,CALM
9f3ff43f-e544-4cdd-ad06-47631932927a.jpg,18,30,False,95.68893432617188,Female,99.46527862548828,SURPRISED
a08fdb14-2884-45fc-aa8f-c9a74ce3c0ae.jpg,35,51,False,98.85939025878906,Male,94.1307144165039,SAD
a0ddb602-18d1-49ba-8077-82f5a325a72d.jpg,18,30,True,63.51150894165039,Female,89.0239028930664,HAPPY
a112538f-6f73-474b-b4ad-225f9f36298f.jpg,12,22,True,98.02873992919922,Male,99.45709228515625,HAPPY
a168239d-025f-45e6-93e0-c6a62a72cfe3.jpg,38,56,True,98.9039306640625,Male,95.15052795410156,HAPPY
a1760f1c-6aff-4da5-92ef-05338ffd8156.jpg,21,33,False,95.2551040649414,Female,76.31526184082031,SAD
a1a46004-f6c5-4114-a189-24a04244cac3.jpg,22,34,True,98.22151947021484,Male,99.53715515136719,HAPPY
a26dea8c-3e87-4a73-87bd-37e2adac5521.jpg,29,45,False,96.2406005859375,Male,68.0082778930664,CALM
a2a6a44d-6792-4445-a33d-a973e30708e7.jpg,20,32,False,99.85009765625,Male,84.22105407714844,SAD
a2e90d45-9f77-41a7-9c5c-2fa5079420a0.jpg,31,47,True,83.81051635742188,Male,99.56056213378906,HAPPY
a3075839-330e-404f-b680-fe76f6c276eb.jpg,12,22,True,97.73011779785156,Female,99.87971496582031,HAPPY
a318f614-c41b-4666-8c02-be0f582015db.jpg,28,44,False,66.41027069091797,Male,98.24871063232422,CALM
a3be95a3-a507-428c-959d-b0632e3094df.jpg,27,43,False,91.46223449707031,Male,66.56083679199219,CALM
a3e18326-92c2-464e-bf7f-7cc2984bfec9.jpg,13,23,True,96.12260437011719,Female,98.75234985351562,HAPPY
a3f34843-f458-4b3f-b93b-303a7b358968.jpg,22,34,True,99.76166534423828,Male,99.92257690429688,HAPPY
a42beea6-8e90-4ec4-9e1c-859104e5bfa3.jpg,32,48,True,99.52215576171875,Female,97.66615295410156,HAPPY
a49c34eb-b252-48b9-97e1-edaeb95382c8.jpg,38,56,True,97.40441131591797,Male,98.58037567138672,HAPPY
a4c0267f-dbcb-4040-9ee8-ebea276c065a.jpg,26,40,False,66.66353607177734,Female,97.99747467041016,HAPPY
a55e51f4-8954-4a3a-a0e1-5a99507df7f2.jpg,29,45,True,97.0955810546875,Male,98.36988830566406,HAPPY
a640c989-e881-4f73-9ea7-2c9dd182a123.jpg,26,42,True,93.08937072753906,Male,96.12397003173828,HAPPY
a6f33b82-1890-4c6b-b06f-0db1669458bc.jpg,20,32,True,99.76560974121094,Male,90.24591827392578,HAPPY
a7108308-2b7f-484b-b332-ae0d1e21e0dd.jpg,23,37,True,50.41628646850586,Male,96.8065185546875,HAPPY
a716bfbc-8912-472a-aa73-a2f862c5d82e.jpg,11,21,True,98.6861801147461,Female,96.3814468383789,HAPPY
a72b2e6e-0ea4-458c-892f-3dc5ce11a6f9.jpg,13,23,False,98.93116760253906,Female,99.43040466308594,CALM
a7c0b687-a5f6-465c-bb58-898db6f41833.jpg,12,22,False,98.16719055175781,Male,99.94923400878906,CALM
a7f7c42c-010f-41a4-914a-645a847386b1.jpg,22,34,False,97.1604232788086,Male,98.48987579345703,CALM
a803c398-2ef3-486d-bd1e-907cdc7f4af0.jpg,22,34,False,99.71928405761719,Male,97.0596923828125,CALM
a8801058-e1c1-4453-92a0-03181b766828.jpg,31,47,True,62.41451644897461,Male,99.78688049316406,HAPPY
a8e24689-d95d-4698-a44e-88c4e99216f9.jpg,18,30,True,99.97344970703125,Male,98.8505859375,HAPPY
a98a951e-e04f-4cfa-9b2e-19a222c5f874.jpg,9,19,True,70.62057495117188,Male,62.003082275390625,ANGRY
aa356281-ed16-477d-9b0b-616fc03bf517.jpg,15,27,False,77.48601531982422,Female,99.3768081665039,CALM
aa9642fa-7e38-41dd-9754-38a71fab3f9b.jpg,18,30,True,99.69112396240234,Female,99.50457000732422,HAPPY
aaa4dce3-c809-45a4-83cb-3f5bd1d4858a.jpg,28,44,True,95.40922546386719,Female,98.78961181640625,HAPPY
ab209792-363c-4407-a56f-8cbc14c606d2.jpg,23,37,False,99.72093963623047,Male,92.838134765625,CALM
ab31a46e-71d2-471a-966f-fbe220c1c4ab.jpg,22,34,True,99.17357635498047,Female,99.88460540771484,HAPPY
ab6294a3-fba1-48da-bab9-cc9ad5e47167.jpg,21,33,True,99.74845886230469,Female,99.68965911865234,HAPPY
abe6a6bb-734e-42c0-a349-25a011123fbb.jpg,23,35,False,54.71180725097656,Female,52.3725700378418,CALM
ac2081be-d6fd-4891-a522-daa8c591ef51.jpg,13,23,True,66.54231262207031,Female,99.9778060913086,HAPPY
ac690585-cde0-4f8b-ac12-f84af6df00b0.jpg,31,47,True,66.06383514404297,Male,98.16795349121094,HAPPY
ac92fee0-2fc9-4818-8063-e85378d58904.jpg,22,34,True,99.21556091308594,Female,99.89095306396484,HAPPY
acfa4f4d-44d2-47fa-bf46-52bf63576da1.jpg,15,27,True,99.55169677734375,Male,50.0228271484375,HAPPY
ad16af0d-6715-4099-ab09-60b474ae5c8a.jpg,32,48,True,85.73116302490234,Male,77.34260559082031,HAPPY
ad2af1d7-0cd8-4f62-8fd2-0f95ef0d9e24.jpg,12,22,False,73.88789367675781,Female,99.90104675292969,CALM
ad43ed95-d72a-4993-aecb-5436ef14a13a.jpg,22,34,True,97.95708465576172,Female,99.8239517211914,HAPPY
ad4468fb-d41a-4974-88d9-4f8de7c5fb4e.jpg,32,48,False,52.89552688598633,Male,54.61219024658203,CALM
ad5ee985-0a85-4c33-b67c-72a0b5d5bd4b.jpg,27,43,True,97.4406509399414,Male,98.5875015258789,HAPPY
ad69a061-67b6-4f79-972e-b8f88c55a1d5.jpg,27,43,False,99.2856216430664,Female,97.43781280517578,CALM
add04bfa-9585-4319-8ce3-1a17c010c317.jpg,22,34,True,67.03441619873047,Female,94.74244689941406,HAPPY
ae175a4b-c8d1-4343-bbdd-2265cbd45b8a.jpg,19,31,False,99.8021011352539,Male,84.47307586669922,CALM
ae339cc5-8298-4269-bc6e-137329287252.jpg,22,34,True,51.90761184692383,Male,54.244144439697266,HAPPY
ae8bdebb-049e-4db1-886b-f24ad6375065.jpg,22,34,False,91.6029052734375,Female,96.74374389648438,CALM
aeccbe85-1785-4b86-a7a9-5cb05fba0898.jpg,22,34,False,99.5394515991211,Male,99.44007110595703,CALM
af25131c-2e52-4838-89a1-6f317421c52c.jpg,25,39,False,84.4821548461914,Male,99.97168731689453,SAD
af572f21-7ae8-4a07-80da-fe4d427d957c.jpg,12,22,True,98.94853210449219,Female,99.95625305175781,HAPPY
af68ad47-fb75-4667-bb7e-eaef246e50b6.jpg,29,45,False,98.75777435302734,Female,98.48375701904297,CALM
af8185d0-133c-440d-8d59-226a1e5dfe64.jpg,12,22,False,97.29580688476562,Female,94.96937561035156,CALM
af834768-1694-4184-98c6-807d0b37c890.jpg,3,9,False,95.40473937988281,Female,86.70381927490234,FEAR
b0746552-bf7f-4fc0-bd3f-347dc19065da.jpg,12,22,False,97.71910858154297,Female,95.76538848876953,CALM
b0959d38-4e13-4f83-a602-41a9b073ac97.jpg,22,34,True,96.72222137451172,Female,79.92390441894531,HAPPY
b0d188db-4e76-4c6e-9a19-4a518ac8e3d7.jpg,22,34,True,98.52392578125,Female,97.21879577636719,HAPPY
b269b999-73c3-4407-ab1f-173669ec9a85.jpg,35,51,False,71.40015411376953,Male,97.52190399169922,HAPPY
b28ef1a4-bf03-4a79-b8f8-ce8ae4470a7b.jpg,32,48,True,76.29258728027344,Female,99.96595764160156,HAPPY
b3097646-e787-45bd-bf88-dd2088e491b7.jpg,18,30,True,89.20957946777344,Female,99.55511474609375,HAPPY
b34c7789-119c-4f7e-bde7-a3f046d46b1e.jpg,20,32,False,99.48938751220703,Male,90.24571228027344,CALM
b3af2a87-466b-46f0-9ac1-879b45cd182b.jpg,23,35,False,90.98526763916016,Female,98.68490600585938,CALM
b4171893-51bd-420b-befa-ccd87c1b20df.jpg,21,33,False,72.3780746459961,Female,99.86039733886719,CALM
b4dbe3f4-f407-4dd3-af55-3f85af63d64b.jpg,5,15,True,87.78294372558594,Female,98.71751403808594,HAPPY
b5349d8a-af4a-4cc6-b060-9084d92d6a54.jpg,16,28,False,97.96109008789062,Female,98.91802978515625,FEAR
b5a51fa9-860d-4957-831c-d7a79e6baf53.jpg,21,33,True,99.6318130493164,Female,98.83078002929688,HAPPY
b5b3d61e-6ea6-4b11-b9db-bd428e27bd8a.jpg,19,31,False,99.65508270263672,Male,98.98187255859375,CALM
b6921c67-2e7b-45e4-9e24-d2e8f6ce8e0e.jpg,22,34,True,99.98146057128906,Female,99.82232666015625,HAPPY
b6a5baf6-4fc6-4cc7-8254-00794c26cf30.jpg,12,22,False,93.70179748535156,Male,96.6431884765625,CALM
b80c4732-6fa3-4331-8a80-089582f3632b.jpg,19,31,False,91.74549865722656,Female,96.95418548583984,CALM
b8173989-b225-47ca-8c9b-c332e608f8c5.jpg,22,34,True,92.17740631103516,Male,92.61257934570312,HAPPY
b822ae62-8e18-4901-be10-a4ef45886e7a.jpg,21,33,False,75.85884094238281,Male,97.49581909179688,HAPPY
b84f15ac-8572-475d-9423-eb8374bbe481.jpg,19,31,True,53.59958267211914,Female,54.802268981933594,HAPPY
b87e0447-03a9-4ffe-9507-ef3f1927d850.jpg,21,33,False,92.1439208984375,Male,70.03628540039062,CALM
b908ef32-0715-4597-96d5-9c02a8f0992c.jpg,2,8,True,82.92638397216797,Female,96.54460906982422,HAPPY
b931e334-3276-47a0-9097-dadc2935dac3.jpg,32,48,True,99.87077331542969,Male,95.65235900878906,HAPPY
b9c94951-3034-4a1c-ba04-c46357bc5fb3.jpg,17,29,True,94.6607894897461,Female,99.78254699707031,HAPPY
ba4528a3-2dcc-4624-aa4b-a8e4405ec3cf.jpg,40,58,False,99.48219299316406,Male,99.4876480102539,CALM
ba492835-c0d9-4e37-aaaa-c0a7232c2365.jpg,17,29,True,94.21884155273438,Female,93.28895568847656,HAPPY
ba900d94-4547-4de1-a57d-450c9e121589.jpg,13,25,True,99.73173522949219,Female,99.95148468017578,HAPPY
bb0d3d1f-7264-4683-be73-9362c3c1fdcc.jpg,22,34,True,97.27117156982422,Female,99.5782699584961,HAPPY
bb68b86a-c7f1-405b-ad95-0ffb653e3ecb.jpg,2,8,True,94.80313873291016,Male,51.40859603881836,HAPPY
bbd28309-5025-499d-b7e8-59d80aeb943a.jpg,12,22,False,87.58143615722656,Female,85.6429443359375,CONFUSED
bc662640-fae3-4ece-87e6-d11effdf85ac.jpg,30,46,True,98.85002136230469,Female,93.501220703125,HAPPY
bc7f271d-8db8-498b-82a5-21f31d9075fd.jpg,35,51,True,59.329368591308594,Male,99.78512573242188,HAPPY
bc9a42d1-652d-4982-b84c-b3bce85079c1.jpg,7,17,False,98.93472290039062,Female,75.27877807617188,CALM
bce8a32c-2780-4eb9-85b8-6d610e6df948.jpg,22,34,True,92.39434051513672,Male,98.37370300292969,HAPPY
bd7de2d6-65ff-433d-8930-1e4d21310dae.jpg,22,34,True,99.4488296508789,Male,99.54937744140625,HAPPY
be43be7e-e81e-4eec-b23f-5a51aeb4e9e9.jpg,22,34,True,94.9328384399414,Male,99.23162078857422,HAPPY
be793c10-2214-4a64-9383-d41848b3cf7d.jpg,12,22,True,54.85429000854492,Male,53.68878173828125,HAPPY
beb5babb-dcc2-493f-8704-c9e515af28d3.jpg,31,47,True,79.45536041259766,Male,87.04715728759766,HAPPY
bf30ac95-2323-40a8-aced-8be892ef62a6.jpg,14,26,True,98.91014862060547,Male,96.20826721191406,HAPPY
bf33545f-be24-430a-a824-7d3f175613b6.jpg,36,52,False,78.97611236572266,Female,98.82523345947266,CALM
bf5a5ad8-c3a6-4235-a440-587bac3b37e6.jpg,24,38,True,98.75497436523438,Male,93.82266235351562,HAPPY
bf665fb9-15ed-4aab-ad95-44230526c14b.jpg,22,34,False,89.8935317993164,Male,99.80432891845703,ANGRY
bf8dfd45-31d5-419c-8de8-841027bc5b64.jpg,12,22,True,57.1800537109375,Male,78.23192596435547,HAPPY
bfd17e5d-6c2e-47fd-9dcc-57e1f6c22d50.jpg,22,34,False,54.018985748291016,Female,50.272186279296875,SAD
bff161f8-f637-48f5-8a81-30efe7ea149b.jpg,14,26,False,98.19671630859375,Female,97.27471160888672,CALM
c04bdd60-e37d-4b4f-b068-beb1a0dbe061.jpg,15,27,False,90.60404968261719,Female,99.59239196777344,CALM
c095ffae-bfe9-4ba0-8993-940eb603dbfe.jpg,22,34,True,92.93412780761719,Female,98.18806457519531,HAPPY
c1065708-21a8-44f7-92de-37ec6b8bee3b.jpg,43,61,True,99.82879638671875,Female,99.66426849365234,HAPPY
c10d827f-3b47-4d5f-8652-d9df7bb21dad.jpg,22,34,True,54.39112854003906,Male,54.847206115722656,HAPPY
c126fcbb-b516-40c8-a726-992e96323f13.jpg,24,38,True,50.35308074951172,Male,53.50078201293945,ANGRY
c12afdff-83cd-4b54-82c3-8227fcb68047.jpg,35,51,True,50.4533576965332,Male,96.95967102050781,HAPPY
c147ba2f-4744-41f3-bd94-4393914f960b.jpg,22,34,True,98.81708526611328,Female,99.2790756225586,HAPPY
c1a3f75e-63fd-49d8-b74b-fdf594014d9b.jpg,24,38,False,98.68849182128906,Male,99.91120147705078,CALM
c1ab0629-709b-4175-9f82-5dcbf5044f11.jpg,22,34,True,53.66747283935547,Male,52.664817810058594,HAPPY
c1b38bc0-8837-44b4-91a0-57696b3c01df.jpg,34,50,True,99.74758911132812,Female,99.32799530029297,HAPPY
c1cb1d83-35de-43ff-9fcf-6e73d0d90f20.jpg,22,34,True,99.90109252929688,Female,97.462646484375,HAPPY
c1da0b90-9006-4d87-9b59-f4ac7e4e6e97.jpg,51,69,True,98.2483139038086,Male,93.19805145263672,HAPPY
c1f7869d-e0fe-4639-b7e1-788eb84d0d77.jpg,28,44,False,85.64810943603516,Male,96.89217376708984,CALM
c2cecc21-e63b-4bc3-8580-b2a1107ed14a.jpg,22,34,True,99.80904388427734,Female,99.91746520996094,HAPPY
c3815afa-1660-4503-8a11-69dcd91c17a2.jpg,12,22,False,95.84236145019531,Male,99.79788970947266,CALM
c3823b66-c972-4edc-a5b9-d3fef7f9e48d.jpg,23,37,True,99.16808319091797,Female,99.36741638183594,HAPPY
c3e53c7e-af7f-4a13-bd68-a24865fcca64.jpg,24,38,False,90.16082763671875,Female,99.94950866699219,CALM
c3edd389-e078-4fd5-986f-b44c4c65c76d.jpg,22,34,True,95.42994689941406,Male,91.57075500488281,HAPPY
c404afc5-1e3f-4ef3-a800-8d360b66162d.jpg,32,48,False,93.52347564697266,Female,92.58987426757812,SURPRISED
c4905d62-b766-4235-96fc-8437f440ddf2.jpg,14,26,True,86.32230377197266,Female,99.99720764160156,HAPPY
c49a826d-d64c-4908-a6e8-067bc89e2f92.jpg,21,33,False,91.1702880859375,Female,99.36396789550781,CONFUSED
c4aecbca-d06a-43b0-9379-408379349ffc.jpg,13,25,False,98.84899139404297,Female,98.45392608642578,CALM
c4bbe294-34b0-4649-b82e-b9d4d62e8228.jpg,23,35,False,71.82315826416016,Male,99.62903594970703,CALM
c5710f16-94f5-4a1a-902c-8a696ccf91b7.jpg,20,32,True,97.44898986816406,Male,97.24785614013672,HAPPY
c5771127-7dc8-4ace-beb6-11e1e2017179.jpg,20,32,False,97.07218170166016,Female,99.61021423339844,CALM
c6779610-4d97-4619-9c39-747d7fe5cb24.jpg,24,38,True,95.11139678955078,Female,99.68253326416016,HAPPY
c6dd6b96-d05a-45cf-9228-eb0838082e1d.jpg,27,43,False,76.72542572021484,Female,99.89830780029297,CALM
c6ea407b-86bd-4d73-9171-e6713f721d77.jpg,21,33,False,70.70630645751953,Female,86.2265396118164,HAPPY
c70b91bb-14a0-43f1-a105-0e7030cec902.jpg,22,34,False,62.8428955078125,Male,99.45093536376953,HAPPY
c714be2f-469b-4aa5-9ede-2e6248195d40.jpg,26,40,False,99.80757904052734,Male,97.71504211425781,CALM
c7e72f5a-ff0b-4de6-b376-890072561677.jpg,17,29,False,93.66625213623047,Male,50.54819107055664,CALM
c82fef6d-30a1-4b0f-9110-d9fcf7f463a0.jpg,20,32,False,53.179351806640625,Male,54.95991516113281,CALM
c8431e88-63bd-4ffc-b47d-c89a8ed1e185.jpg,22,34,True,97.79408264160156,Male,97.08558654785156,HAPPY
c85e02f4-ecfc-4de7-a52c-c39e4eb646ef.jpg,17,29,True,70.88741302490234,Male,97.07975006103516,HAPPY
c87f0a37-caa1-4b20-a956-1f5c9073caa6.jpg,29,45,True,90.26629638671875,Male,98.28624725341797,HAPPY
c946faee-877d-4ae1-910e-219480c97737.jpg,24,38,False,96.07327270507812,Female,96.01268005371094,CALM
c9936f5b-1c75-4d83-b24b-e4f017c11d80.jpg,5,15,False,95.52980041503906,Male,99.72801208496094,CALM
c9a0d2f1-e0b8-49ae-8087-3ea2b5dd86a3.jpg,13,23,True,99.89251708984375,Female,99.35535430908203,HAPPY
c9e77ab2-e9b5-4795-a4f1-69b691ddccba.jpg,49,67,False,95.33795928955078,Male,85.97854614257812,FEAR
ca6a2ac9-ff38-484c-93b0-12ff33db8dd0.jpg,12,22,True,99.19021606445312,Female,97.91681671142578,HAPPY
caacec2e-0671-470f-ac60-60cedafb81f4.jpg,25,39,True,99.47334289550781,Female,98.67374420166016,HAPPY
cb3abf5b-65b6-461d-91b9-3305e893e4f0.jpg,34,50,False,61.97406005859375,Male,94.32612609863281,HAPPY
cbf1389a-7191-492a-a2b6-ea1df9bb2313.jpg,22,34,True,99.91207885742188,Female,99.78153991699219,HAPPY
cc1ee4e5-61ad-4e72-bc22-3e9398210dbf.jpg,22,34,False,96.50099182128906,Female,99.61322021484375,CALM
cc5de642-18cc-4588-98f1-e454550117ea.jpg,22,34,True,99.85862731933594,Female,99.06095886230469,HAPPY
cc5ebbed-68e9-4019-886f-1b85fa9384e8.jpg,36,54,False,82.44392395019531,Male,99.76903533935547,CALM
cc88e4b0-27cc-4190-b34d-fcce4e981832.jpg,23,35,False,50.599552154541016,Male,54.486297607421875,HAPPY
cca39966-9ea2-44ca-a808-9199cffa6ca5.jpg,13,23,False,97.1982192993164,Female,91.70052337646484,CALM
cd3c54e1-64ea-4551-aab6-998357b4b5ae.jpg,14,26,False,96.184814453125,Male,97.69645690917969,CALM
cd551997-4b49-48f6-9106-b91548fbc7cd.jpg,21,33,True,99.77877044677734,Female,99.28229522705078,HAPPY
cd5dd4dc-2db7-4cd3-bcc5-633eb0acf21d.jpg,16,28,False,96.05245971679688,Female,99.85515594482422,CALM
cd92c58b-5360-42b3-ab43-2c2333c0aef3.jpg,28,44,True,94.5146255493164,Male,95.13299560546875,HAPPY
cda368c7-7d7c-49fc-b0f0-7cde99e6d13e.jpg,22,34,False,78.47124481201172,Female,99.77391052246094,CALM
cda7e552-9373-407b-b06d-fae6acdf870f.jpg,12,22,False,99.72051239013672,Male,97.90552520751953,CALM
cdc00ab6-2f21-433d-94ab-6e4e987c981c.jpg,22,34,True,99.31591033935547,Male,99.9780044555664,HAPPY
ce4c0410-7cc5-4c4c-9459-1449e49640bc.jpg,21,33,False,91.09386444091797,Male,95.59842681884766,CALM
cebfd532-7286-4b25-8b18-bc29d9dc6533.jpg,22,34,False,84.29424285888672,Male,99.95030212402344,HAPPY
cf146ed7-9841-4181-9bcf-c6649833d81c.jpg,46,64,True,98.03682708740234,Female,99.0843505859375,HAPPY
cf15d463-041c-43be-98ed-5a6380f4cf40.jpg,13,23,True,59.506839752197266,Male,99.84578704833984,HAPPY
cf323aa0-20db-4086-88f6-9bde08998702.jpg,23,37,True,95.00723266601562,Male,98.8382568359375,HAPPY
cf33debc-e93b-4ad0-93ed-11dcb9563153.jpg,22,34,True,95.55191040039062,Female,99.55135345458984,HAPPY
cf4eaf03-c2bd-4d38-8d93-50ed7b899592.jpg,23,35,False,53.568504333496094,Male,52.60245895385742,ANGRY
cf71e0c4-88ff-4b15-adc2-00e63836fcdd.jpg,23,35,True,99.20030975341797,Male,81.67069244384766,HAPPY
cfac36e3-e5f2-4593-9fe6-8975b87fa1e3.jpg,13,23,True,92.53720092773438,Male,98.73355865478516,HAPPY
cffc6e2d-cea8-484b-a44c-16b9402ed896.jpg,22,34,True,90.47152709960938,Female,94.02935028076172,HAPPY
d04733c7-c617-4975-b219-9f66338aee01.jpg,15,27,False,98.43394470214844,Female,97.90746307373047,CALM
d0e80c96-4a5a-48a2-83e7-683f76e5b725.jpg,23,35,True,84.68692016601562,Male,93.97525024414062,HAPPY
d0ff3af5-48ea-449a-b025-c60dc3c2110d.jpg,48,66,True,54.93597412109375,Male,54.89392852783203,HAPPY
d1207d09-1b38-47d1-8fcb-f1aae4a5f352.jpg,23,35,True,99.90380096435547,Female,99.93449401855469,HAPPY
d15afed2-ac68-4cb9-92f4-71dcf9e17a6c.jpg,16,28,True,57.00196075439453,Female,97.54013061523438,HAPPY
d1d0f661-cf0d-438e-8e8c-7f3f145e0531.jpg,27,43,True,50.129146575927734,Male,99.63349914550781,HAPPY
d1fe0ef1-ce75-4e89-9513-dfe272c8efd6.jpg,26,40,True,95.5068359375,Female,99.40608215332031,HAPPY
d200167d-2314-4580-8b26-1d667ec4a946.jpg,18,30,True,97.44831085205078,Female,99.90467834472656,HAPPY
d2926b7d-0939-440b-8503-9172f98d4160.jpg,24,38,False,74.4749984741211,Female,54.973052978515625,CALM
d29cffd0-1313-4773-b201-fb0c71b61ff1.jpg,17,29,True,94.08352661132812,Female,99.67828369140625,HAPPY
d349585a-bba7-446e-ad84-445ddf9abfcd.jpg,16,28,True,68.56497192382812,Female,98.21945190429688,HAPPY
d3c022cc-167f-4e61-b446-c41447bb9913.jpg,13,25,True,69.06768035888672,Female,96.49413299560547,DISGUSTED
d449892d-8a28-48c7-8b5f-9be45bbc099d.jpg,18,30,True,57.901363372802734,Male,99.93955993652344,HAPPY
d45b0ec1-84b1-4880-9fa9-c26eefd30e76.jpg,43,61,False,52.64240646362305,Female,97.84972381591797,HAPPY
d4f45aa1-75f7-4c04-87ea-4cb96618bce0.jpg,20,32,False,54.843318939208984,Female,52.703094482421875,CALM
d57db391-188e-4caf-9320-f280ef973367.jpg,28,44,True,88.55229187011719,Female,92.87157440185547,HAPPY
d5f8f4c0-4ce3-40e9-9741-7af599f36060.jpg,22,34,True,63.49319839477539,Female,99.98793029785156,HAPPY
d71303f8-def1-468b-8ea8-54841dd2c4e5.jpg,25,39,False,78.29806518554688,Male,99.38404846191406,CALM
d74d4b52-6768-48af-8812-229f3dac494d.jpg,12,22,True,88.51422119140625,Male,99.38990783691406,HAPPY
d75eec63-08b4-4c94-9121-549daea0d817.jpg,26,42,True,99.63362121582031,Female,96.3271713256836,HAPPY
d7e75098-4d65-4cab-b8bb-6d7a25aa2278.jpg,38,56,True,98.97911834716797,Female,96.90010070800781,HAPPY
d8add986-bcb4-4ddf-a6f1-f788970eaf90.jpg,23,35,True,99.51993560791016,Male,82.87786102294922,HAPPY
d8dc6155-81fc-4a7d-ab89-4652019fcf78.jpg,17,29,True,86.4585952758789,Female,99.51217651367188,HAPPY
d8ef8497-4d41-46c6-bca7-def7ce5f218b.jpg,16,28,False,99.97266387939453,Female,98.92424011230469,CALM
d9016e55-2cb7-4534-800a-838a4ce7032a.jpg,16,28,False,98.39985656738281,Female,93.21311950683594,SURPRISED
d92f6ea0-315a-453e-bc58-e67ac6e15a42.jpg,0,3,False,85.47830963134766,Female,85.5531234741211,CALM
d946b61b-4938-44ed-a7f5-117bc655638b.jpg,15,27,False,98.28146362304688,Male,96.32141876220703,CONFUSED
d9507cd4-2583-4e09-9483-76a9cf750896.jpg,28,44,False,99.88093566894531,Male,92.29914855957031,CALM
d9632523-e6f9-463d-a0b5-63fde9d26850.jpg,17,29,True,96.00343322753906,Female,99.81816864013672,HAPPY
d971ed34-3c67-4a54-8b55-f656616f28eb.jpg,21,33,False,54.876346588134766,Female,54.969234466552734,CALM
d9c6a28d-a159-46c9-beb2-d6dd351c8588.jpg,16,28,True,53.2534294128418,Female,54.87469482421875,HAPPY
d9d5b341-9019-48f2-87eb-c27e36c02909.jpg,22,34,True,99.77342987060547,Male,98.3331069946289,HAPPY
da1e6044-114a-4c72-a41f-774862906d2b.jpg,22,34,True,99.3446273803711,Female,99.76402282714844,HAPPY
da544c36-533c-4bc3-886a-5d852167efe0.jpg,16,28,True,99.46528625488281,Female,99.93898010253906,HAPPY
dab9983c-a16c-479e-a951-f1e3c07782c3.jpg,24,38,True,99.82620239257812,Male,99.78129577636719,HAPPY
daf08e5b-fa33-45c8-96a1-30f36c862520.jpg,22,34,True,98.47931671142578,Female,99.48200225830078,HAPPY
db046a91-6b6f-454f-b7aa-a243d093541e.jpg,14,26,True,96.863525390625,Female,99.98987579345703,HAPPY
db8c5da9-edd8-4271-a5b7-8b7c3d09c9f7.jpg,31,47,True,99.93110656738281,Female,99.78994750976562,HAPPY
dbc2951d-4aff-4b9c-b2c2-cf546f8a23a1.jpg,12,22,False,84.6552734375,Female,98.04581451416016,CALM
dbef452a-effc-496e-9687-1a5129a513cd.jpg,21,33,False,98.84323120117188,Female,98.07759857177734,CALM
dc1bdfd6-6027-493e-b19b-e2247ccd554d.jpg,24,38,False,96.50287628173828,Male,83.8509750366211,CONFUSED
dc36dc43-5888-4d33-be07-5fb952abcfd7.jpg,6,16,True,89.59166717529297,Male,98.382080078125,HAPPY
dc88c33e-ed1d-4153-a8b6-7e75df5858c3.jpg,22,34,True,99.82197570800781,Female,99.92832946777344,HAPPY
dcd46aef-1753-45d1-bb4c-5cf00788ed60.jpg,15,27,True,84.27678680419922,Female,99.81800079345703,HAPPY
dce3928d-f32f-4636-86ef-6dba67873613.jpg,29,45,True,82.75373840332031,Male,99.62086486816406,HAPPY
dcf494a2-55d1-4069-a521-3892f6f9301b.jpg,23,35,False,96.5661849975586,Female,94.88565826416016,FEAR
dd04bc29-42c7-4590-8570-07af8f69d95d.jpg,16,28,False,99.44792175292969,Male,71.14451599121094,CALM
dd54ab2b-1dde-41d7-8959-aed35a0277af.jpg,21,33,True,99.44245910644531,Female,98.33964538574219,HAPPY
dd7ced9d-b78e-4315-9ea5-4b31d694e7f8.jpg,24,38,False,96.66549682617188,Male,99.47599792480469,CALM
ddc3ad1f-b7fb-4719-8301-2ec5d3ed8fa2.jpg,22,34,True,99.52230834960938,Male,99.72979736328125,HAPPY
de49c258-2bc3-4a68-b3e8-0bb11b45208a.jpg,30,46,True,99.85826110839844,Male,96.25292205810547,HAPPY
de919876-fb23-443c-82f6-2e6a34a8ac6d.jpg,22,34,True,98.49056243896484,Female,96.51819610595703,HAPPY
df1020dd-788a-403b-b630-e02f91b4761b.jpg,12,22,False,98.7476577758789,Female,98.87466430664062,CALM
df1ae940-d671-4ed1-ac40-b28d18bc5c4b.jpg,22,34,False,91.76593780517578,Female,99.59687805175781,CALM
df57dd49-81f1-4db4-b3ab-60eb210cc5a0.jpg,20,32,True,88.14974975585938,Female,99.94691467285156,HAPPY
df8a8713-c6cc-4438-aafc-c7650d8ac7a2.jpg,22,34,True,96.16609954833984,Female,95.84656524658203,HAPPY
df95d01b-be3d-482e-8871-3af422aec9b3.jpg,13,23,False,58.67657470703125,Female,99.73098754882812,HAPPY
e055d4ea-5c65-4335-9ecc-fb76424deeb3.jpg,16,28,True,83.34843444824219,Female,99.8296890258789,HAPPY
e08ebb4f-4c22-4174-b379-1f78beccb650.jpg,20,32,False,95.64955139160156,Male,72.96841430664062,CALM
e0957b36-2c60-4f96-a74b-72782d0c9fe3.jpg,22,34,True,99.02124786376953,Male,97.03836059570312,HAPPY
e0a61a01-53b8-4f98-ad05-423a97a1d7ac.jpg,21,33,True,99.39842987060547,Female,98.86707305908203,HAPPY
e13aec2e-8823-4655-94b2-40408894fff7.jpg,20,32,True,99.96481323242188,Female,99.44560241699219,HAPPY
e18ffbc2-18b8-4cee-922b-6e93b51c23a7.jpg,23,35,True,99.73707580566406,Male,95.6635513305664,HAPPY
e24d195c-7eda-4d94-8cdc-87bee171dcb5.jpg,23,35,True,99.57852935791016,Female,96.87861633300781,HAPPY
e260b413-5234-4c07-8293-78029f00421e.jpg,30,46,False,99.88606262207031,Male,97.82483673095703,CALM
e26b331f-e644-4a94-8898-3f25456bf7b7.jpg,22,34,False,95.98273468017578,Male,67.44482421875,CALM
e2a8c8e9-6298-43e4-a3cb-3dbd1bc47ffa.jpg,12,22,True,80.92216491699219,Female,77.1863784790039,HAPPY
e2c1ae8f-4b89-40d9-bd4f-246c5aad258b.jpg,19,31,False,98.41636657714844,Female,99.14842224121094,SURPRISED
e3106cdd-6137-48a4-ae52-f0025eb6de6f.jpg,20,32,True,90.13387298583984,Female,99.51880645751953,HAPPY
e3148091-a37b-460c-90f6-685b56e441f5.jpg,21,33,False,54.66393280029297,Female,54.73155212402344,SAD
e324ee06-32f3-458c-a548-f09e6a4b538f.jpg,17,29,False,53.56947326660156,Female,54.56401824951172,SURPRISED
e342d699-f20c-4796-bd4a-b7e77beb0495.jpg,22,34,True,95.96002960205078,Female,98.36927795410156,HAPPY
e3435956-938b-4e56-b7ad-5521b39672bf.jpg,23,35,True,98.94670867919922,Male,95.57689666748047,HAPPY
e3d2688e-0098-4af1-a71b-a5ea44f733a5.jpg,26,40,False,99.80127716064453,Male,99.83100891113281,CALM
e3e9465d-2054-405f-ace4-765e0d1fb1b2.jpg,49,67,False,50.35362243652344,Male,51.6437873840332,FEAR
e4f248ca-4831-4171-a3e7-b8944eaf7712.jpg,20,32,True,97.02918243408203,Female,99.44345092773438,HAPPY
e531debb-8499-4a73-96ef-2f8990ba1a96.jpg,12,22,True,85.66053009033203,Female,98.8272476196289,HAPPY
e6010985-6234-4ddb-9643-7faeadfab78e.jpg,12,22,False,98.43252563476562,Female,99.66214752197266,CALM
e69c0ace-24ce-4717-af91-d218c759dcd4.jpg,12,22,True,96.81318664550781,Male,99.68650817871094,HAPPY
e6a62fe0-d07e-4ddb-b4b9-464cf6a25612.jpg,22,34,True,99.57251739501953,Male,81.15704345703125,HAPPY
e6c9d0c5-0402-4391-8bf8-7287174eaf80.jpg,22,34,True,94.14656829833984,Male,98.07608032226562,HAPPY
e6e3a59a-1181-4fcd-9ab8-2329aaa78330.jpg,22,34,True,94.5975341796875,Male,99.68977355957031,HAPPY
e7107a2a-650c-4d6e-aad4-b1a0d15a7e3e.jpg,22,34,True,94.1388931274414,Female,99.74751281738281,HAPPY
e737816b-0571-451d-977e-95358fc92fc3.jpg,15,27,True,97.1814193725586,Female,99.81195068359375,HAPPY
e79ef25d-4666-4da4-9ace-5abb592f1603.jpg,22,34,True,97.5950698852539,Male,99.78837585449219,HAPPY
e7aaef76-279e-4160-88c1-043a6aa2fb46.jpg,30,46,False,98.87352752685547,Female,99.8611068725586,CALM
e7e4cd98-62f5-482b-b96e-ddaf1cf8ce9d.jpg,36,52,False,73.7033462524414,Male,99.00492095947266,HAPPY
e7feaeb6-7a85-4150-9884-d3fbc0c250fe.jpg,14,26,True,97.29639434814453,Male,95.13360595703125,HAPPY
e8512207-4d03-484d-8005-f098099314ea.jpg,22,34,False,99.79920196533203,Female,89.19178009033203,CALM
e87a98ea-8a90-4bb6-8725-42a0af9ff133.jpg,13,23,False,81.56036376953125,Female,99.60371398925781,CONFUSED
e893ff15-2a31-448a-a6ed-fc173eee241c.jpg,29,45,True,96.41773986816406,Female,96.92984008789062,HAPPY
e89b8b79-ce2d-437e-b387-2026c1ba2379.jpg,29,45,True,79.00215148925781,Male,99.6207504272461,HAPPY
e8ac3419-7bca-4b6c-8ba9-493f311e7401.jpg,14,26,False,94.41559600830078,Female,99.69282531738281,CALM
e995ee0d-2b82-45be-8c98-bbf0bc436987.jpg,11,21,True,68.8927001953125,Female,99.93372344970703,HAPPY
ea45689a-9cdf-4bd5-8470-928e64aa7446.jpg,25,39,True,53.966087341308594,Female,99.97779083251953,HAPPY
eae18b81-b837-407e-ae2d-836ff12bf084.jpg,28,44,False,98.40148162841797,Male,88.8123779296875,CALM
eb148f6f-89e9-41b1-8085-90da919d8a86.jpg,17,29,True,99.59954833984375,Female,99.91930389404297,HAPPY
eb526c79-24ed-420f-8567-06a86d32934e.jpg,22,34,True,99.95805358886719,Male,99.64476013183594,HAPPY
ebb4b74b-5756-4d60-a2ef-aa7481b2962c.jpg,22,34,True,94.11846923828125,Male,99.7953872680664,HAPPY
ebce27a5-afe2-4955-93f2-1d0c54a98c17.jpg,12,22,False,98.32896423339844,Female,98.47840881347656,CALM
ec9b98f0-34ec-405e-8004-63995e5d6a9e.jpg,16,28,True,96.46728515625,Female,91.81043243408203,HAPPY
eca2011e-e7c7-4932-ab8f-fdfd26b8fdb9.jpg,13,25,True,58.94203186035156,Male,98.81755065917969,HAPPY
eca787fa-1a0b-4f9b-b447-c7c057f328f9.jpg,32,48,True,99.70867919921875,Female,99.50117492675781,HAPPY
ecdbb1ea-19a3-4a46-8931-e0642cecbfac.jpg,20,32,True,94.18965911865234,Male,90.88084411621094,HAPPY
ece925b0-3c32-4625-8f9c-fc372b8af691.jpg,37,55,True,98.29914093017578,Female,99.20227813720703,HAPPY
ed6bdae5-aa0e-4ae7-a3d2-e7ec0323b403.jpg,22,34,True,54.31851577758789,Female,54.96372985839844,HAPPY
edc06586-355b-48b8-b474-b53057ad015f.jpg,12,22,False,95.48391723632812,Female,99.97429656982422,SAD
eddf8c44-a4a1-44cf-b5d7-41dafb93d6ea.jpg,23,35,True,53.914215087890625,Female,54.88166046142578,HAPPY
ee2d95fc-f751-455d-a52b-87dd78920aeb.jpg,20,32,True,99.76846313476562,Female,98.61742401123047,HAPPY
eed39a6b-3ea8-47b2-b088-2cf8ac033d67.jpg,26,42,True,99.73612213134766,Male,98.46373748779297,HAPPY
ef72ff57-0887-470a-b07c-3799003214dd.jpg,23,35,False,95.67782592773438,Male,99.8045654296875,CALM
ef761915-2146-43d2-a5c6-b2a69596ad82.jpg,13,25,True,81.19908905029297,Female,99.64297485351562,HAPPY
ef99e9fd-d3e1-4fa4-955e-d54c83ee9dec.jpg,32,48,True,97.06863403320312,Female,99.846435546875,HAPPY
efd413db-1172-49fc-a50d-06aeb47ed17a.jpg,29,45,True,92.17384338378906,Male,95.82223510742188,HAPPY
efdcd627-9c58-4779-a9c3-94dfc047e5e0.jpg,29,45,True,96.32804107666016,Male,99.8092041015625,HAPPY
f0105e49-1ad9-4803-860d-c02a0377ab5c.jpg,23,35,False,85.83436584472656,Male,97.37249755859375,SAD
f043dfb8-98b9-4377-8542-c036a108df73.jpg,29,45,True,99.42664337158203,Male,99.69354248046875,HAPPY
f08167b1-067d-4a74-b9a1-4e9aaf33b444.jpg,23,35,False,82.16075134277344,Female,99.82321166992188,CALM
f0c0e1cb-8807-4602-bef9-e7957f8cb69c.jpg,32,48,True,99.88153076171875,Female,99.2377700805664,HAPPY
f12be687-d037-4a5f-8662-756de35f8595.jpg,21,33,True,99.99063110351562,Female,99.82078552246094,HAPPY
f1c6c80f-e604-4f7a-adee-b7d180e20dea.jpg,37,55,False,75.65254211425781,Male,97.32263946533203,HAPPY
f1e71cc3-076d-4189-b20c-50394c1e31ca.jpg,51,69,True,99.87770080566406,Female,99.81680297851562,HAPPY
f1fd3027-6caf-4425-8be8-f5e3347d2c2b.jpg,21,33,True,95.99951934814453,Male,99.0638656616211,HAPPY
f210fa15-2f39-4f99-a5e5-e97d4ab7e27e.jpg,22,34,True,99.86001586914062,Female,99.6627426147461,HAPPY
f22fb9a8-ea99-4694-9bec-a7d544add44a.jpg,22,34,False,99.16969299316406,Male,98.30786895751953,CALM
f3070346-8e85-41e8-aa77-d9dd9b4ced40.jpg,22,34,False,99.11628723144531,Male,94.9646987915039,CALM
f346eccc-e360-415a-971e-c63a83fe6038.jpg,25,39,True,99.28384399414062,Female,97.81673431396484,HAPPY
f34e92f0-fa16-4c05-b722-8fba1eb03c0b.jpg,14,26,True,73.72860717773438,Female,99.27609252929688,HAPPY
f365be82-1ed0-454a-8bdd-43d4b9117050.jpg,22,34,True,99.8897705078125,Female,99.03826904296875,HAPPY
f3b4637b-4a85-4cd9-8829-a006f31fb0d1.jpg,11,21,False,99.22138214111328,Female,92.02466583251953,SURPRISED
f444ca14-d548-47f3-b961-4a3ed822d3db.jpg,11,21,False,98.8554458618164,Male,96.29206848144531,CALM
f49d94c0-a9f4-4067-8782-83835cbcc064.jpg,23,37,True,98.72374725341797,Male,99.72811126708984,HAPPY
f4b11703-31f0-4895-8b81-7b29166d5df8.jpg,23,37,True,99.85665893554688,Female,95.94900512695312,HAPPY
f4ba2bf5-fbcf-4aba-88c6-9c593a2c3e57.jpg,13,23,True,97.36812591552734,Female,92.87928009033203,HAPPY
f4d35ae1-bacd-4aed-b0c8-58ca5135aabd.jpg,31,47,False,54.51738739013672,Male,53.13224792480469,SURPRISED
f4e41300-a8f5-4d16-aaab-57dd7c9e8e8d.jpg,22,34,True,98.91913604736328,Male,99.7491683959961,HAPPY
f50eaf87-f124-4435-a1a3-e29365bdd539.jpg,12,22,False,98.7790756225586,Male,99.87964630126953,CALM
f64d1ea6-744f-4c5c-af2f-105d3ab429ad.jpg,50,68,True,97.05260467529297,Female,98.60413360595703,HAPPY
f67cd9ae-c168-4bac-b32a-8445a4ad20e4.jpg,22,34,True,99.89532470703125,Male,91.87361907958984,HAPPY
f6c4bfb6-3a35-4ea9-b4a9-b519377b5a1a.jpg,26,42,True,99.08079528808594,Male,99.79568481445312,HAPPY
f79d1471-077b-43cf-9214-ae2addedf5ca.jpg,12,22,False,99.26225280761719,Female,99.7808837890625,CALM
f7cff715-619e-40ac-b3ab-7d7c9188fa9d.jpg,16,28,True,99.55670166015625,Male,97.45925903320312,HAPPY
f7dd8faa-c492-455e-b0d7-6b1c994cd73e.jpg,21,33,True,83.8578872680664,Male,98.89464569091797,HAPPY
f7f7e51b-5637-4ef6-ae06-c52e0a352209.jpg,22,34,True,70.65542602539062,Female,92.36976623535156,HAPPY
f8cd593f-82f1-4df8-a9eb-4a4b685dacce.jpg,12,22,False,99.26437377929688,Female,99.84980010986328,CALM
f8fa7ead-a5e2-47fa-a9e7-eb9e2c643cdd.jpg,33,49,False,93.26423645019531,Male,95.49392700195312,CALM
f948a12e-3d10-4ab4-835c-05d322a603ff.jpg,22,34,True,99.29387664794922,Male,95.25798797607422,HAPPY
f97c4740-11c2-4cb4-a0f8-20704165f009.jpg,31,47,True,74.95878601074219,Male,98.66647338867188,HAPPY
f9bbf285-a692-4004-ae9c-ac2fdf5fca00.jpg,20,32,False,87.15538787841797,Male,69.60964965820312,CALM
f9d35343-fb95-4c64-9abf-026cd142f318.jpg,28,44,False,92.11827850341797,Male,97.65629577636719,CALM
f9fc96ab-e30d-4da8-85ba-3abe2526ede7.jpg,12,22,True,98.94767761230469,Female,99.8211669921875,HAPPY
fa015926-6899-4606-95ce-a3ac9cbb7f74.jpg,22,34,False,81.9287109375,Male,99.70321655273438,CALM
fa332c68-9b33-4864-bbef-71631a4ac18d.jpg,22,34,False,79.21358489990234,Male,79.90644836425781,CALM
fa415b2e-13bc-44f9-9cd0-18c7948e46d4.jpg,22,34,False,99.05818939208984,Male,99.25638580322266,CALM
faad141f-6e03-4523-addd-5865d6d3b1b3.jpg,21,33,False,99.77521514892578,Male,92.81629943847656,CALM
fab1163a-b07a-4ef9-9b46-1eedb9f32336.jpg,28,44,True,99.774169921875,Male,95.12742614746094,HAPPY
fae9345d-d57a-494d-851c-2a9a2bc01701.jpg,26,42,True,99.71783447265625,Male,97.84719848632812,HAPPY
fb7b256c-e581-40d1-8fe8-920dc8840ff6.jpg,18,30,False,96.79273986816406,Male,99.00086212158203,CALM
fbea076e-c442-448e-8599-e14c7aacbd6e.jpg,23,37,False,97.23735809326172,Female,99.5967025756836,ANGRY
fc024223-8cc9-4dd9-8cf5-d992f1fe34f8.jpg,13,25,True,58.68296813964844,Female,77.4439926147461,DISGUSTED
fc11e8e1-5800-4d56-884d-44943e3c3012.jpg,46,64,False,52.05976867675781,Male,54.92031478881836,HAPPY
fc16c0ec-fee5-4c46-be88-97f76e28249f.jpg,25,39,True,99.75308990478516,Female,98.82342529296875,HAPPY
fc66b344-15f5-4a34-aa35-02fbb40024b5.jpg,12,22,True,98.97418212890625,Female,99.50519561767578,HAPPY
fce6c3f8-8c9a-47c7-a61f-626ebee627d2.jpg,26,42,False,50.453792572021484,Male,50.382286071777344,DISGUSTED
fd33e7ea-77fc-4a59-889f-62e8d47626c9.jpg,26,42,False,51.03430938720703,Male,98.61377716064453,HAPPY
fe028cb6-f23c-4073-a9f0-31acad21b97d.jpg,13,23,False,90.0251235961914,Female,99.84281158447266,CALM
fe26ba42-e6fe-4b1d-b12a-02e6677e1754.jpg,39,57,True,99.70222473144531,Male,99.76883697509766,HAPPY
fe550c01-1dc3-491b-aa2b-ef4075e4f3fa.jpg,36,52,True,50.11315155029297,Male,95.53893280029297,CONFUSED
fe846803-9cb2-46d0-96b4-cee9f92082e6.jpg,14,26,False,99.58944702148438,Female,60.87562561035156,ANGRY
febb5641-c705-4c41-894c-ed7d36a36943.jpg,23,37,True,99.85234069824219,Female,99.9910888671875,HAPPY
ff0022e9-532c-4609-bbc8-32e6bfbd22f2.jpg,38,56,True,99.89630126953125,Male,99.88687133789062,HAPPY
ff654124-3564-4f0c-99f2-9d7ed033cac9.jpg,22,34,True,89.86438751220703,Female,91.53083038330078,HAPPY
ff7ec2c9-5e1c-413c-a594-bbd30894ebb8.jpg,35,51,True,93.8872299194336,Male,99.79953002929688,HAPPY
ff8842d3-1244-44ec-b080-c1a9d8eb5031.jpg,21,33,False,93.91554260253906,Female,91.7432861328125,CALM
ffbce34b-7bca-4e77-b1f8-fc1ac95bb766.jpg,21,33,False,50.40568542480469,Male,50.37862014770508,FEAR
ffdbdb60-fb11-480b-88bd-9670c61a5bfe.jpg,22,34,True,99.36857604980469,Female,99.9161148071289,HAPPY
